"instance_id","seed","distribution","n","intervals","optimal_ids","optimum_size","EarliestFinish_ids","EarliestFinish_size","EarliestFinish_ratio","EarliestStart_ids","EarliestStart_size","EarliestStart_ratio","ShortestDuration_ids","ShortestDuration_size","ShortestDuration_ratio","LatestStart_ids","LatestStart_size","LatestStart_ratio"
"sparse-0","40502026","sparse","5","J0:[68,70);J1:[39,41);J2:[89,91);J3:[30,32);J4:[88,92)","J3;J1;J0;J4","4","J3;J1;J0;J2","4","1.0","J3;J1;J0;J4","4","1.0","J3;J1;J0;J2","4","1.0","J3;J1;J0;J2","4","1.0"
"sparse-1","40502026","sparse","6","J0:[7,8);J1:[53,55);J2:[17,18);J3:[12,14);J4:[33,37);J5:[77,80)","J0;J3;J2;J4;J1;J5","6","J0;J3;J2;J4;J1;J5","6","1.0","J0;J3;J2;J4;J1;J5","6","1.0","J0;J2;J3;J1;J5;J4","6","1.0","J0;J3;J2;J4;J1;J5","6","1.0"
"sparse-2","40502026","sparse","6","J0:[69,71);J1:[60,63);J2:[4,8);J3:[20,22);J4:[67,69);J5:[34,38)","J2;J3;J5;J1;J4;J0","6","J2;J3;J5;J1;J4;J0","6","1.0","J2;J3;J5;J1;J4;J0","6","1.0","J3;J4;J0;J1;J2;J5","6","1.0","J2;J3;J5;J1;J4;J0","6","1.0"
"sparse-3","40502026","sparse","6","J0:[75,77);J1:[11,12);J2:[86,89);J3:[31,34);J4:[64,66);J5:[47,49)","J1;J3;J5;J4;J0;J2","6","J1;J3;J5;J4;J0;J2","6","1.0","J1;J3;J5;J4;J0;J2","6","1.0","J1;J5;J4;J0;J3;J2","6","1.0","J1;J3;J5;J4;J0;J2","6","1.0"
"sparse-4","40502026","sparse","10","J0:[97,98);J1:[51,54);J2:[3,5);J3:[4,6);J4:[75,79);J5:[43,47);J6:[32,36);J7:[3,6);J8:[26,27);J9:[64,68)","J2;J8;J6;J5;J1;J9;J4;J0","8","J2;J8;J6;J5;J1;J9;J4;J0","8","1.0","J2;J8;J6;J5;J1;J9;J4;J0","8","1.0","J8;J0;J2;J1;J6;J5;J9;J4","8","1.0","J3;J8;J6;J5;J1;J9;J4;J0","8","1.0"
"sparse-5","40502026","sparse","12","J0:[99,103);J1:[70,71);J2:[68,72);J3:[11,14);J4:[54,57);J5:[21,24);J6:[1,4);J7:[22,26);J8:[72,73);J9:[69,73);J10:[83,85);J11:[62,66)","J6;J3;J5;J4;J11;J2;J8;J10;J0","9","J6;J3;J5;J4;J11;J1;J8;J10;J0","9","1.0","J6;J3;J5;J4;J11;J2;J8;J10;J0","9","1.0","J1;J8;J10;J6;J3;J5;J4;J11;J0","9","1.0","J6;J3;J7;J4;J11;J1;J8;J10;J0","9","1.0"
"sparse-6","40502026","sparse","9","J0:[51,55);J1:[78,81);J2:[8,9);J3:[17,20);J4:[0,3);J5:[10,11);J6:[4,5);J7:[15,17);J8:[9,10)","J4;J6;J2;J8;J5;J7;J3;J0;J1","9","J4;J6;J2;J8;J5;J7;J3;J0;J1","9","1.0","J4;J6;J2;J8;J5;J7;J3;J0;J1","9","1.0","J6;J2;J8;J5;J7;J4;J3;J1;J0","9","1.0","J4;J6;J2;J8;J5;J7;J3;J0;J1","9","1.0"
"sparse-7","40502026","sparse","8","J0:[3,5);J1:[44,46);J2:[14,15);J3:[20,22);J4:[56,58);J5:[95,98);J6:[74,76);J7:[77,78)","J0;J2;J3;J1;J4;J6;J7;J5","8","J0;J2;J3;J1;J4;J6;J7;J5","8","1.0","J0;J2;J3;J1;J4;J6;J7;J5","8","1.0","J2;J7;J0;J3;J1;J4;J6;J5","8","1.0","J0;J2;J3;J1;J4;J6;J7;J5","8","1.0"
"sparse-8","40502026","sparse","7","J0:[74,75);J1:[31,33);J2:[90,93);J3:[97,98);J4:[97,100);J5:[31,35);J6:[41,43)","J1;J6;J0;J2;J3","5","J1;J6;J0;J2;J3","5","1.0","J1;J6;J0;J2;J3","5","1.0","J0;J3;J1;J6;J2","5","1.0","J5;J6;J0;J2;J4","5","1.0"
"sparse-9","40502026","sparse","7","J0:[71,72);J1:[13,17);J2:[22,23);J3:[42,44);J4:[16,19);J5:[85,88);J6:[60,63)","J1;J2;J3;J6;J0;J5","6","J1;J2;J3;J6;J0;J5","6","1.0","J1;J2;J3;J6;J0;J5","6","1.0","J2;J0;J3;J4;J6;J5","6","1.0","J4;J2;J3;J6;J0;J5","6","1.0"
"sparse-10","40502026","sparse","5","J0:[95,97);J1:[4,6);J2:[45,48);J3:[58,61);J4:[34,35)","J1;J4;J2;J3;J0","5","J1;J4;J2;J3;J0","5","1.0","J1;J4;J2;J3;J0","5","1.0","J4;J1;J0;J2;J3","5","1.0","J1;J4;J2;J3;J0","5","1.0"
"sparse-11","40502026","sparse","6","J0:[52,55);J1:[11,14);J2:[79,83);J3:[50,54);J4:[54,55);J5:[28,31)","J1;J5;J3;J4;J2","5","J1;J5;J3;J4;J2","5","1.0","J1;J5;J3;J4;J2","5","1.0","J4;J1;J5;J3;J2","5","1.0","J1;J5;J3;J4;J2","5","1.0"
"sparse-12","40502026","sparse","10","J0:[4,5);J1:[98,102);J2:[80,83);J3:[97,100);J4:[92,94);J5:[91,95);J6:[50,52);J7:[75,76);J8:[97,101);J9:[95,96)","J0;J6;J7;J2;J5;J9;J3","7","J0;J6;J7;J2;J4;J9;J3","7","1.0","J0;J6;J7;J2;J5;J9;J3","7","1.0","J0;J7;J9;J6;J4;J2;J3","7","1.0","J0;J6;J7;J2;J4;J9;J1","7","1.0"
"sparse-13","40502026","sparse","6","J0:[98,102);J1:[11,15);J2:[6,7);J3:[51,53);J4:[62,66);J5:[87,90)","J2;J1;J3;J4;J5;J0","6","J2;J1;J3;J4;J5;J0","6","1.0","J2;J1;J3;J4;J5;J0","6","1.0","J2;J3;J5;J1;J4;J0","6","1.0","J2;J1;J3;J4;J5;J0","6","1.0"
"sparse-14","40502026","sparse","9","J0:[54,58);J1:[53,54);J2:[33,35);J3:[37,40);J4:[78,82);J5:[5,8);J6:[8,11);J7:[32,33);J8:[95,99)","J5;J6;J7;J2;J3;J1;J0;J4;J8","9","J5;J6;J7;J2;J3;J1;J0;J4;J8","9","1.0","J5;J6;J7;J2;J3;J1;J0;J4;J8","9","1.0","J7;J1;J2;J5;J6;J3;J0;J4;J8","9","1.0","J5;J6;J7;J2;J3;J1;J0;J4;J8","9","1.0"
"sparse-15","40502026","sparse","9","J0:[90,91);J1:[30,33);J2:[89,90);J3:[95,99);J4:[99,100);J5:[94,97);J6:[73,76);J7:[98,99);J8:[3,6)","J8;J1;J6;J2;J0;J5;J7;J4","8","J8;J1;J6;J2;J0;J5;J7;J4","8","1.0","J8;J1;J6;J2;J0;J5;J7;J4","8","1.0","J2;J0;J7;J4;J8;J1;J6;J5","8","1.0","J8;J1;J6;J2;J0;J5;J7;J4","8","1.0"
"sparse-16","40502026","sparse","9","J0:[91,94);J1:[39,41);J2:[3,4);J3:[71,73);J4:[54,56);J5:[63,67);J6:[28,32);J7:[30,32);J8:[54,56)","J2;J6;J1;J4;J5;J3;J0","7","J2;J6;J1;J4;J5;J3;J0","7","1.0","J2;J6;J1;J4;J5;J3;J0","7","1.0","J2;J7;J1;J4;J3;J0;J5","7","1.0","J2;J7;J1;J4;J5;J3;J0","7","1.0"
"sparse-17","40502026","sparse","8","J0:[91,92);J1:[42,46);J2:[28,31);J3:[74,76);J4:[94,98);J5:[95,99);J6:[5,6);J7:[40,42)","J6;J2;J7;J1;J3;J0;J4","7","J6;J2;J7;J1;J3;J0;J4","7","1.0","J6;J2;J7;J1;J3;J0;J4","7","1.0","J6;J0;J7;J3;J2;J1;J4","7","1.0","J6;J2;J7;J1;J3;J0;J5","7","1.0"
"sparse-18","40502026","sparse","8","J0:[77,80);J1:[64,67);J2:[68,70);J3:[86,90);J4:[75,76);J5:[44,48);J6:[58,62);J7:[85,89)","J5;J6;J1;J2;J4;J0;J7","7","J5;J6;J1;J2;J4;J0;J7","7","1.0","J5;J6;J1;J2;J4;J0;J7","7","1.0","J4;J2;J1;J0;J5;J6;J7","7","1.0","J5;J6;J1;J2;J4;J0;J3","7","1.0"
"sparse-19","40502026","sparse","10","J0:[88,92);J1:[19,23);J2:[55,59);J3:[47,49);J4:[79,81);J5:[79,82);J6:[62,63);J7:[63,67);J8:[28,30);J9:[38,40)","J1;J8;J9;J3;J2;J6;J7;J4;J0","9","J1;J8;J9;J3;J2;J6;J7;J4;J0","9","1.0","J1;J8;J9;J3;J2;J6;J7;J4;J0","9","1.0","J6;J8;J9;J3;J4;J1;J2;J7;J0","9","1.0","J1;J8;J9;J3;J2;J6;J7;J5;J0","9","1.0"
"sparse-20","40502026","sparse","5","J0:[5,6);J1:[58,61);J2:[45,46);J3:[96,97);J4:[8,10)","J0;J4;J2;J1;J3","5","J0;J4;J2;J1;J3","5","1.0","J0;J4;J2;J1;J3","5","1.0","J0;J2;J3;J4;J1","5","1.0","J0;J4;J2;J1;J3","5","1.0"
"sparse-21","40502026","sparse","10","J0:[60,62);J1:[45,48);J2:[43,47);J3:[56,58);J4:[44,48);J5:[6,10);J6:[1,2);J7:[17,18);J8:[76,80);J9:[8,12)","J6;J5;J7;J2;J3;J0;J8","7","J6;J5;J7;J2;J3;J0;J8","7","1.0","J6;J5;J7;J2;J3;J0;J8","7","1.0","J6;J7;J3;J0;J1;J5;J8","7","1.0","J6;J9;J7;J1;J3;J0;J8","7","1.0"
"sparse-22","40502026","sparse","8","J0:[48,51);J1:[21,24);J2:[56,58);J3:[65,67);J4:[20,22);J5:[3,4);J6:[19,20);J7:[58,62)","J5;J6;J4;J0;J2;J7;J3","7","J5;J6;J4;J0;J2;J7;J3","7","1.0","J5;J6;J4;J0;J2;J7;J3","7","1.0","J5;J6;J4;J2;J3;J0;J7","7","1.0","J5;J6;J1;J0;J2;J7;J3","7","1.0"
"sparse-23","40502026","sparse","8","J0:[82,84);J1:[83,84);J2:[19,21);J3:[67,71);J4:[21,24);J5:[61,65);J6:[85,86);J7:[62,66)","J2;J4;J5;J3;J0;J6","6","J2;J4;J5;J3;J0;J6","6","1.0","J2;J4;J5;J3;J0;J6","6","1.0","J1;J6;J2;J4;J5;J3","6","1.0","J2;J4;J7;J3;J1;J6","6","1.0"
"sparse-24","40502026","sparse","12","J0:[60,63);J1:[73,74);J2:[28,31);J3:[85,88);J4:[76,79);J5:[81,85);J6:[67,70);J7:[60,64);J8:[70,72);J9:[33,37);J10:[83,84);J11:[68,70)","J2;J9;J0;J6;J8;J1;J4;J5;J3","9","J2;J9;J0;J6;J8;J1;J4;J10;J3","9","1.0","J2;J9;J0;J6;J8;J1;J4;J5;J3","9","1.0","J1;J10;J11;J8;J2;J0;J4;J3;J9","9","1.0","J2;J9;J7;J11;J8;J1;J4;J10;J3","9","1.0"
"sparse-25","40502026","sparse","10","J0:[66,67);J1:[59,62);J2:[65,69);J3:[9,13);J4:[10,12);J5:[57,61);J6:[70,74);J7:[81,84);J8:[11,14);J9:[5,6)","J9;J3;J5;J2;J6;J7","6","J9;J4;J5;J0;J6;J7","6","1.0","J9;J3;J5;J2;J6;J7","6","1.0","J9;J0;J4;J1;J7;J6","6","1.0","J9;J8;J1;J0;J6;J7","6","1.0"
"sparse-26","40502026","sparse","11","J0:[72,74);J1:[73,77);J2:[31,33);J3:[31,33);J4:[5,9);J5:[99,101);J6:[2,5);J7:[14,18);J8:[7,10);J9:[6,10);J10:[74,78)","J6;J4;J7;J2;J0;J10;J5","7","J6;J4;J7;J2;J0;J10;J5","7","1.0","J6;J4;J7;J2;J0;J10;J5","7","1.0","J2;J0;J5;J6;J8;J7;J10","7","1.0","J6;J8;J7;J2;J0;J10;J5","7","1.0"
"sparse-27","40502026","sparse","11","J0:[85,88);J1:[10,12);J2:[63,64);J3:[4,5);J4:[15,17);J5:[50,51);J6:[26,28);J7:[38,41);J8:[85,88);J9:[76,78);J10:[3,4)","J10;J3;J1;J4;J6;J7;J5;J2;J9;J0","10","J10;J3;J1;J4;J6;J7;J5;J2;J9;J0","10","1.0","J10;J3;J1;J4;J6;J7;J5;J2;J9;J0","10","1.0","J10;J3;J5;J2;J1;J4;J6;J9;J7;J0","10","1.0","J10;J3;J1;J4;J6;J7;J5;J2;J9;J0","10","1.0"
"sparse-28","40502026","sparse","11","J0:[13,14);J1:[16,17);J2:[4,8);J3:[69,71);J4:[40,42);J5:[62,63);J6:[72,76);J7:[13,14);J8:[94,96);J9:[79,83);J10:[63,65)","J2;J0;J1;J4;J5;J10;J3;J6;J9;J8","10","J2;J0;J1;J4;J5;J10;J3;J6;J9;J8","10","1.0","J2;J0;J1;J4;J5;J10;J3;J6;J9;J8","10","1.0","J0;J1;J5;J4;J10;J3;J8;J2;J6;J9","10","1.0","J2;J0;J1;J4;J5;J10;J3;J6;J9;J8","10","1.0"
"sparse-29","40502026","sparse","12","J0:[90,92);J1:[61,65);J2:[90,92);J3:[78,80);J4:[62,63);J5:[80,81);J6:[6,7);J7:[89,91);J8:[39,40);J9:[81,84);J10:[14,15);J11:[59,60)","J6;J10;J8;J11;J1;J3;J5;J9;J7","9","J6;J10;J8;J11;J4;J3;J5;J9;J7","9","1.0","J6;J10;J8;J11;J1;J3;J5;J9;J7","9","1.0","J6;J10;J8;J11;J4;J5;J3;J7;J9","9","1.0","J6;J10;J8;J11;J4;J3;J5;J9;J0","9","1.0"
"sparse-30","40502026","sparse","10","J0:[85,86);J1:[64,65);J2:[23,26);J3:[61,64);J4:[63,65);J5:[88,90);J6:[92,93);J7:[79,80);J8:[79,81);J9:[22,23)","J9;J2;J3;J1;J7;J0;J5;J6","8","J9;J2;J3;J1;J7;J0;J5;J6","8","1.0","J9;J2;J3;J1;J7;J0;J5;J6","8","1.0","J9;J1;J7;J0;J6;J5;J2;J3","8","1.0","J9;J2;J3;J1;J8;J0;J5;J6","8","1.0"
"sparse-31","40502026","sparse","11","J0:[75,76);J1:[80,84);J2:[71,75);J3:[22,26);J4:[20,24);J5:[77,79);J6:[50,51);J7:[27,31);J8:[14,17);J9:[66,69);J10:[73,76)","J8;J4;J7;J6;J9;J2;J0;J5;J1","9","J8;J4;J7;J6;J9;J2;J0;J5;J1","9","1.0","J8;J4;J7;J6;J9;J2;J0;J5;J1","9","1.0","J6;J0;J5;J8;J9;J4;J7;J2;J1","9","1.0","J8;J3;J7;J6;J9;J2;J0;J5;J1","9","1.0"
"sparse-32","40502026","sparse","12","J0:[99,101);J1:[69,72);J2:[10,11);J3:[2,4);J4:[31,35);J5:[37,39);J6:[74,77);J7:[13,16);J8:[97,98);J9:[42,46);J10:[32,34);J11:[34,37)","J3;J2;J7;J10;J11;J5;J9;J1;J6;J8;J0","11","J3;J2;J7;J10;J11;J5;J9;J1;J6;J8;J0","11","1.0","J3;J2;J7;J4;J5;J9;J1;J6;J8;J0","10","0.9090909090909091","J2;J8;J3;J10;J5;J0;J7;J11;J1;J6;J9","11","1.0","J3;J2;J7;J10;J11;J5;J9;J1;J6;J8;J0","11","1.0"
"sparse-33","40502026","sparse","12","J0:[72,75);J1:[58,61);J2:[49,50);J3:[20,23);J4:[17,20);J5:[15,18);J6:[14,15);J7:[50,51);J8:[37,38);J9:[53,57);J10:[17,19);J11:[95,96)","J6;J5;J3;J8;J2;J7;J9;J1;J0;J11","10","J6;J5;J3;J8;J2;J7;J9;J1;J0;J11","10","1.0","J6;J5;J3;J8;J2;J7;J9;J1;J0;J11","10","1.0","J6;J8;J2;J7;J11;J10;J3;J1;J0;J9","10","1.0","J6;J4;J3;J8;J2;J7;J9;J1;J0;J11","10","1.0"
"sparse-34","40502026","sparse","8","J0:[38,39);J1:[29,32);J2:[47,50);J3:[26,30);J4:[97,101);J5:[66,69);J6:[59,63);J7:[43,45)","J3;J0;J7;J2;J6;J5;J4","7","J3;J0;J7;J2;J6;J5;J4","7","1.0","J3;J0;J7;J2;J6;J5;J4","7","1.0","J0;J7;J1;J2;J5;J6;J4","7","1.0","J1;J0;J7;J2;J6;J5;J4","7","1.0"
"sparse-35","40502026","sparse","10","J0:[83,85);J1:[54,55);J2:[86,87);J3:[5,6);J4:[87,89);J5:[10,11);J6:[61,62);J7:[41,43);J8:[21,24);J9:[94,98)","J3;J5;J8;J7;J1;J6;J0;J2;J4;J9","10","J3;J5;J8;J7;J1;J6;J0;J2;J4;J9","10","1.0","J3;J5;J8;J7;J1;J6;J0;J2;J4;J9","10","1.0","J3;J5;J1;J6;J2;J7;J0;J4;J8;J9","10","1.0","J3;J5;J8;J7;J1;J6;J0;J2;J4;J9","10","1.0"
"sparse-36","40502026","sparse","8","J0:[45,48);J1:[84,86);J2:[17,21);J3:[38,41);J4:[79,81);J5:[64,68);J6:[8,12);J7:[9,10)","J6;J2;J3;J0;J5;J4;J1","7","J7;J2;J3;J0;J5;J4;J1","7","1.0","J6;J2;J3;J0;J5;J4;J1","7","1.0","J7;J4;J1;J3;J0;J2;J5","7","1.0","J7;J2;J3;J0;J5;J4;J1","7","1.0"
"sparse-37","40502026","sparse","5","J0:[54,57);J1:[21,22);J2:[64,68);J3:[27,30);J4:[8,12)","J4;J1;J3;J0;J2","5","J4;J1;J3;J0;J2","5","1.0","J4;J1;J3;J0;J2","5","1.0","J1;J3;J0;J4;J2","5","1.0","J4;J1;J3;J0;J2","5","1.0"
"sparse-38","40502026","sparse","9","J0:[25,29);J1:[71,74);J2:[7,11);J3:[59,61);J4:[1,5);J5:[88,90);J6:[86,89);J7:[3,4);J8:[17,20)","J4;J2;J8;J0;J3;J1;J6","7","J7;J2;J8;J0;J3;J1;J6","7","1.0","J4;J2;J8;J0;J3;J1;J6","7","1.0","J7;J3;J5;J8;J1;J2;J0","7","1.0","J7;J2;J8;J0;J3;J1;J5","7","1.0"
"sparse-39","40502026","sparse","12","J0:[37,39);J1:[5,9);J2:[85,89);J3:[41,42);J4:[72,75);J5:[79,80);J6:[43,44);J7:[69,72);J8:[24,25);J9:[51,55);J10:[10,12);J11:[15,19)","J1;J10;J11;J8;J0;J3;J6;J9;J7;J4;J5;J2","12","J1;J10;J11;J8;J0;J3;J6;J9;J7;J4;J5;J2","12","1.0","J1;J10;J11;J8;J0;J3;J6;J9;J7;J4;J5;J2","12","1.0","J8;J3;J6;J5;J10;J0;J7;J4;J1;J11;J9;J2","12","1.0","J1;J10;J11;J8;J0;J3;J6;J9;J7;J4;J5;J2","12","1.0"
"sparse-40","40502026","sparse","8","J0:[88,89);J1:[68,69);J2:[0,2);J3:[7,10);J4:[13,14);J5:[43,47);J6:[23,25);J7:[89,93)","J2;J3;J4;J6;J5;J1;J0;J7","8","J2;J3;J4;J6;J5;J1;J0;J7","8","1.0","J2;J3;J4;J6;J5;J1;J0;J7","8","1.0","J4;J1;J0;J2;J6;J3;J5;J7","8","1.0","J2;J3;J4;J6;J5;J1;J0;J7","8","1.0"
"sparse-41","40502026","sparse","11","J0:[63,67);J1:[74,76);J2:[44,46);J3:[48,49);J4:[97,99);J5:[11,13);J6:[9,12);J7:[30,31);J8:[79,81);J9:[29,33);J10:[25,29)","J6;J10;J9;J2;J3;J0;J1;J8;J4","9","J6;J10;J7;J2;J3;J0;J1;J8;J4","9","1.0","J6;J10;J9;J2;J3;J0;J1;J8;J4","9","1.0","J7;J3;J5;J2;J1;J8;J4;J10;J0","9","1.0","J5;J10;J7;J2;J3;J0;J1;J8;J4","9","1.0"
"sparse-42","40502026","sparse","10","J0:[7,10);J1:[54,56);J2:[71,74);J3:[6,9);J4:[62,65);J5:[56,59);J6:[40,44);J7:[55,56);J8:[3,6);J9:[89,90)","J8;J3;J6;J1;J5;J4;J2;J9","8","J8;J3;J6;J1;J5;J4;J2;J9","8","1.0","J8;J3;J6;J1;J5;J4;J2;J9","8","1.0","J7;J9;J8;J3;J5;J4;J2;J6","8","1.0","J8;J0;J6;J7;J5;J4;J2;J9","8","1.0"
"sparse-43","40502026","sparse","9","J0:[39,40);J1:[73,74);J2:[97,101);J3:[84,88);J4:[40,44);J5:[39,43);J6:[97,98);J7:[25,28);J8:[38,39)","J7;J8;J0;J4;J1;J3;J6","7","J7;J8;J0;J4;J1;J3;J6","7","1.0","J7;J8;J0;J4;J1;J3;J6","7","1.0","J8;J0;J1;J6;J7;J4;J3","7","1.0","J7;J8;J0;J4;J1;J3;J2","7","1.0"
"sparse-44","40502026","sparse","6","J0:[67,71);J1:[79,80);J2:[10,11);J3:[74,76);J4:[56,58);J5:[21,22)","J2;J5;J4;J0;J3;J1","6","J2;J5;J4;J0;J3;J1","6","1.0","J2;J5;J4;J0;J3;J1","6","1.0","J2;J5;J1;J4;J3;J0","6","1.0","J2;J5;J4;J0;J3;J1","6","1.0"
"sparse-45","40502026","sparse","11","J0:[17,20);J1:[94,97);J2:[61,62);J3:[20,23);J4:[85,87);J5:[66,69);J6:[43,46);J7:[78,79);J8:[37,40);J9:[7,9);J10:[19,22)","J9;J0;J3;J8;J6;J2;J5;J7;J4;J1","10","J9;J0;J3;J8;J6;J2;J5;J7;J4;J1","10","1.0","J9;J0;J3;J8;J6;J2;J5;J7;J4;J1","10","1.0","J2;J7;J9;J4;J0;J3;J8;J6;J5;J1","10","1.0","J9;J0;J3;J8;J6;J2;J5;J7;J4;J1","10","1.0"
"sparse-46","40502026","sparse","5","J0:[62,64);J1:[87,88);J2:[11,12);J3:[32,36);J4:[57,61)","J2;J3;J4;J0;J1","5","J2;J3;J4;J0;J1","5","1.0","J2;J3;J4;J0;J1","5","1.0","J2;J1;J0;J3;J4","5","1.0","J2;J3;J4;J0;J1","5","1.0"
"sparse-47","40502026","sparse","7","J0:[0,3);J1:[5,9);J2:[11,15);J3:[62,63);J4:[31,35);J5:[75,76);J6:[62,65)","J0;J1;J2;J4;J3;J5","6","J0;J1;J2;J4;J3;J5","6","1.0","J0;J1;J2;J4;J3;J5","6","1.0","J3;J5;J0;J1;J2;J4","6","1.0","J0;J1;J2;J4;J6;J5","6","1.0"
"sparse-48","40502026","sparse","6","J0:[39,43);J1:[19,21);J2:[6,9);J3:[34,36);J4:[86,90);J5:[84,85)","J2;J1;J3;J0;J5;J4","6","J2;J1;J3;J0;J5;J4","6","1.0","J2;J1;J3;J0;J5;J4","6","1.0","J5;J1;J3;J2;J0;J4","6","1.0","J2;J1;J3;J0;J5;J4","6","1.0"
"sparse-49","40502026","sparse","11","J0:[12,15);J1:[51,54);J2:[8,10);J3:[38,39);J4:[32,33);J5:[53,54);J6:[31,34);J7:[33,35);J8:[85,86);J9:[16,20);J10:[36,38)","J2;J0;J9;J4;J7;J10;J3;J1;J8","9","J2;J0;J9;J4;J7;J10;J3;J1;J8","9","1.0","J2;J0;J9;J6;J10;J3;J1;J8","8","0.8888888888888888","J4;J3;J5;J8;J2;J7;J10;J0;J9","9","1.0","J2;J0;J9;J4;J7;J10;J3;J5;J8","9","1.0"
"sparse-50","40502026","sparse","9","J0:[18,22);J1:[34,38);J2:[34,38);J3:[74,76);J4:[45,47);J5:[17,21);J6:[62,65);J7:[1,5);J8:[42,46)","J7;J5;J1;J8;J6;J3","6","J7;J5;J1;J8;J6;J3","6","1.0","J7;J5;J1;J8;J6;J3","6","1.0","J4;J3;J6;J7;J5;J1","6","1.0","J7;J0;J1;J4;J6;J3","6","1.0"
"sparse-51","40502026","sparse","10","J0:[65,68);J1:[49,50);J2:[20,24);J3:[71,72);J4:[5,8);J5:[86,88);J6:[51,54);J7:[89,91);J8:[84,87);J9:[95,98)","J4;J2;J1;J6;J0;J3;J8;J7;J9","9","J4;J2;J1;J6;J0;J3;J8;J7;J9","9","1.0","J4;J2;J1;J6;J0;J3;J8;J7;J9","9","1.0","J1;J3;J5;J7;J4;J6;J0;J9;J2","9","1.0","J4;J2;J1;J6;J0;J3;J5;J7;J9","9","1.0"
"sparse-52","40502026","sparse","6","J0:[13,15);J1:[16,19);J2:[50,54);J3:[23,25);J4:[7,8);J5:[11,14)","J4;J5;J1;J3;J2","5","J4;J5;J1;J3;J2","5","1.0","J4;J5;J1;J3;J2","5","1.0","J4;J0;J3;J1;J2","5","1.0","J4;J0;J1;J3;J2","5","1.0"
"sparse-53","40502026","sparse","11","J0:[74,78);J1:[46,48);J2:[95,99);J3:[88,90);J4:[75,79);J5:[96,98);J6:[53,55);J7:[77,81);J8:[59,63);J9:[31,34);J10:[52,54)","J9;J1;J10;J8;J0;J3;J2","7","J9;J1;J10;J8;J0;J3;J5","7","1.0","J9;J1;J10;J8;J0;J3;J2","7","1.0","J1;J10;J3;J5;J9;J8;J0","7","1.0","J9;J1;J6;J8;J7;J3;J5","7","1.0"
"sparse-54","40502026","sparse","12","J0:[76,78);J1:[36,40);J2:[44,47);J3:[28,29);J4:[48,52);J5:[93,97);J6:[99,103);J7:[19,21);J8:[75,79);J9:[54,55);J10:[50,54);J11:[69,70)","J7;J3;J1;J2;J4;J9;J11;J8;J5;J6","10","J7;J3;J1;J2;J4;J9;J11;J0;J5;J6","10","1.0","J7;J3;J1;J2;J4;J9;J11;J8;J5;J6","10","1.0","J3;J9;J11;J7;J0;J2;J1;J4;J5;J6","10","1.0","J7;J3;J1;J2;J10;J9;J11;J0;J5;J6","10","1.0"
"sparse-55","40502026","sparse","9","J0:[63,65);J1:[87,89);J2:[37,38);J3:[51,52);J4:[67,70);J5:[49,53);J6:[35,37);J7:[81,85);J8:[96,98)","J6;J2;J5;J0;J4;J7;J1;J8","8","J6;J2;J3;J0;J4;J7;J1;J8","8","1.0","J6;J2;J5;J0;J4;J7;J1;J8","8","1.0","J2;J3;J6;J0;J1;J8;J4;J7","8","1.0","J6;J2;J3;J0;J4;J7;J1;J8","8","1.0"
"sparse-56","40502026","sparse","11","J0:[12,14);J1:[98,102);J2:[52,53);J3:[97,100);J4:[67,69);J5:[18,19);J6:[20,21);J7:[17,21);J8:[55,59);J9:[35,39);J10:[20,23)","J0;J5;J6;J9;J2;J8;J4;J3","8","J0;J5;J6;J9;J2;J8;J4;J3","8","1.0","J0;J7;J9;J2;J8;J4;J3","7","0.875","J5;J6;J2;J0;J4;J3;J9;J8","8","1.0","J0;J5;J10;J9;J2;J8;J4;J1","8","1.0"
"sparse-57","40502026","sparse","6","J0:[86,90);J1:[6,8);J2:[58,61);J3:[9,12);J4:[88,90);J5:[4,7)","J5;J3;J2;J0","4","J5;J3;J2;J0","4","1.0","J5;J3;J2;J0","4","1.0","J1;J4;J3;J2","4","1.0","J1;J3;J2;J4","4","1.0"
"sparse-58","40502026","sparse","8","J0:[59,60);J1:[93,95);J2:[23,24);J3:[90,94);J4:[0,3);J5:[77,80);J6:[0,1);J7:[12,13)","J6;J7;J2;J0;J5;J3","6","J6;J7;J2;J0;J5;J3","6","1.0","J6;J7;J2;J0;J5;J3","6","1.0","J6;J7;J2;J0;J1;J5","6","1.0","J4;J7;J2;J0;J5;J1","6","1.0"
"sparse-59","40502026","sparse","10","J0:[48,49);J1:[88,90);J2:[30,31);J3:[65,69);J4:[76,78);J5:[5,8);J6:[49,52);J7:[32,34);J8:[56,59);J9:[21,25)","J5;J9;J2;J7;J0;J6;J8;J3;J4;J1","10","J5;J9;J2;J7;J0;J6;J8;J3;J4;J1","10","1.0","J5;J9;J2;J7;J0;J6;J8;J3;J4;J1","10","1.0","J2;J0;J7;J4;J1;J5;J6;J8;J9;J3","10","1.0","J5;J9;J2;J7;J0;J6;J8;J3;J4;J1","10","1.0"
"sparse-60","40502026","sparse","11","J0:[42,45);J1:[51,54);J2:[11,14);J3:[53,55);J4:[85,88);J5:[83,87);J6:[26,30);J7:[19,22);J8:[64,67);J9:[52,56);J10:[60,64)","J2;J7;J6;J0;J1;J10;J8;J5","8","J2;J7;J6;J0;J1;J10;J8;J5","8","1.0","J2;J7;J6;J0;J1;J10;J8;J5","8","1.0","J3;J2;J7;J0;J8;J4;J6;J10","8","1.0","J2;J7;J6;J0;J3;J10;J8;J4","8","1.0"
"sparse-61","40502026","sparse","10","J0:[21,22);J1:[31,34);J2:[98,102);J3:[63,65);J4:[89,92);J5:[22,23);J6:[62,63);J7:[47,51);J8:[43,45);J9:[42,45)","J0;J5;J1;J9;J7;J6;J3;J4;J2","9","J0;J5;J1;J9;J7;J6;J3;J4;J2","9","1.0","J0;J5;J1;J9;J7;J6;J3;J4;J2","9","1.0","J0;J5;J6;J8;J3;J1;J4;J7;J2","9","1.0","J0;J5;J1;J8;J7;J6;J3;J4;J2","9","1.0"
"sparse-62","40502026","sparse","9","J0:[54,56);J1:[74,78);J2:[17,20);J3:[71,75);J4:[41,44);J5:[34,36);J6:[48,50);J7:[10,12);J8:[79,83)","J7;J2;J5;J4;J6;J0;J3;J8","8","J7;J2;J5;J4;J6;J0;J3;J8","8","1.0","J7;J2;J5;J4;J6;J0;J3;J8","8","1.0","J7;J5;J6;J0;J2;J4;J3;J8","8","1.0","J7;J2;J5;J4;J6;J0;J1;J8","8","1.0"
"sparse-63","40502026","sparse","6","J0:[37,40);J1:[71,75);J2:[33,34);J3:[81,84);J4:[29,31);J5:[72,74)","J4;J2;J0;J1;J3","5","J4;J2;J0;J5;J3","5","1.0","J4;J2;J0;J1;J3","5","1.0","J2;J4;J5;J0;J3","5","1.0","J4;J2;J0;J5;J3","5","1.0"
"sparse-64","40502026","sparse","12","J0:[45,48);J1:[15,19);J2:[95,98);J3:[5,6);J4:[97,101);J5:[13,16);J6:[35,36);J7:[26,29);J8:[78,82);J9:[99,102);J10:[62,64);J11:[27,31)","J3;J5;J7;J6;J0;J10;J8;J2;J9","9","J3;J5;J7;J6;J0;J10;J8;J2;J9","9","1.0","J3;J5;J7;J6;J0;J10;J8;J2;J9","9","1.0","J3;J6;J10;J5;J7;J0;J2;J9;J8","9","1.0","J3;J1;J11;J6;J0;J10;J8;J2;J9","9","1.0"
"sparse-65","40502026","sparse","8","J0:[31,35);J1:[96,98);J2:[90,92);J3:[52,54);J4:[74,78);J5:[54,56);J6:[76,79);J7:[30,31)","J7;J0;J3;J5;J4;J2;J1","7","J7;J0;J3;J5;J4;J2;J1","7","1.0","J7;J0;J3;J5;J4;J2;J1","7","1.0","J7;J3;J5;J2;J1;J6;J0","7","1.0","J7;J0;J3;J5;J6;J2;J1","7","1.0"
"sparse-66","40502026","sparse","11","J0:[46,47);J1:[41,43);J2:[40,43);J3:[23,24);J4:[98,101);J5:[72,75);J6:[60,61);J7:[67,69);J8:[35,37);J9:[36,37);J10:[93,97)","J3;J8;J2;J0;J6;J7;J5;J10;J4","9","J3;J8;J2;J0;J6;J7;J5;J10;J4","9","1.0","J3;J8;J2;J0;J6;J7;J5;J10;J4","9","1.0","J3;J9;J0;J6;J1;J7;J5;J4;J10","9","1.0","J3;J9;J1;J0;J6;J7;J5;J10;J4","9","1.0"
"sparse-67","40502026","sparse","9","J0:[76,78);J1:[97,101);J2:[5,9);J3:[2,4);J4:[90,93);J5:[80,82);J6:[93,97);J7:[86,90);J8:[96,98)","J3;J2;J0;J5;J7;J4;J6;J1","8","J3;J2;J0;J5;J7;J4;J6;J1","8","1.0","J3;J2;J0;J5;J7;J4;J6;J1","8","1.0","J3;J0;J5;J8;J4;J2;J7","7","0.875","J3;J2;J0;J5;J7;J4;J6;J1","8","1.0"
"sparse-68","40502026","sparse","12","J0:[9,12);J1:[99,102);J2:[87,88);J3:[53,54);J4:[7,8);J5:[27,28);J6:[18,22);J7:[59,61);J8:[25,28);J9:[52,55);J10:[90,94);J11:[63,67)","J4;J0;J6;J8;J9;J7;J11;J2;J10;J1","10","J4;J0;J6;J8;J3;J7;J11;J2;J10;J1","10","1.0","J4;J0;J6;J8;J9;J7;J11;J2;J10;J1","10","1.0","J4;J5;J3;J2;J7;J0;J1;J6;J11;J10","10","1.0","J4;J0;J6;J5;J3;J7;J11;J2;J10;J1","10","1.0"
"sparse-69","40502026","sparse","12","J0:[83,85);J1:[30,31);J2:[65,69);J3:[83,84);J4:[21,24);J5:[10,11);J6:[20,22);J7:[8,12);J8:[85,89);J9:[83,86);J10:[17,21);J11:[13,14)","J7;J11;J10;J4;J1;J2;J3;J8","8","J5;J11;J10;J4;J1;J2;J3;J8","8","1.0","J7;J11;J10;J4;J1;J2;J3;J8","8","1.0","J5;J11;J1;J3;J6;J2;J8","7","0.875","J5;J11;J10;J4;J1;J2;J0;J8","8","1.0"
"sparse-70","40502026","sparse","6","J0:[85,89);J1:[14,18);J2:[66,70);J3:[73,74);J4:[45,46);J5:[94,97)","J1;J4;J2;J3;J0;J5","6","J1;J4;J2;J3;J0;J5","6","1.0","J1;J4;J2;J3;J0;J5","6","1.0","J4;J3;J5;J1;J2;J0","6","1.0","J1;J4;J2;J3;J0;J5","6","1.0"
"sparse-71","40502026","sparse","7","J0:[34,38);J1:[39,42);J2:[88,92);J3:[70,72);J4:[79,80);J5:[21,24);J6:[20,22)","J6;J0;J1;J3;J4;J2","6","J6;J0;J1;J3;J4;J2","6","1.0","J6;J0;J1;J3;J4;J2","6","1.0","J4;J6;J3;J1;J0;J2","6","1.0","J5;J0;J1;J3;J4;J2","6","1.0"
"sparse-72","40502026","sparse","9","J0:[3,4);J1:[81,85);J2:[17,20);J3:[90,91);J4:[64,65);J5:[1,3);J6:[49,51);J7:[30,31);J8:[37,39)","J5;J0;J2;J7;J8;J6;J4;J1;J3","9","J5;J0;J2;J7;J8;J6;J4;J1;J3","9","1.0","J5;J0;J2;J7;J8;J6;J4;J1;J3","9","1.0","J0;J7;J4;J3;J5;J8;J6;J2;J1","9","1.0","J5;J0;J2;J7;J8;J6;J4;J1;J3","9","1.0"
"sparse-73","40502026","sparse","11","J0:[84,86);J1:[70,72);J2:[91,92);J3:[71,72);J4:[72,74);J5:[19,20);J6:[38,41);J7:[6,10);J8:[13,15);J9:[46,47);J10:[81,84)","J7;J8;J5;J6;J9;J1;J4;J10;J0;J2","10","J7;J8;J5;J6;J9;J1;J4;J10;J0;J2","10","1.0","J7;J8;J5;J6;J9;J1;J4;J10;J0;J2","10","1.0","J5;J9;J3;J2;J8;J4;J0;J6;J10;J7","10","1.0","J7;J8;J5;J6;J9;J3;J4;J10;J0;J2","10","1.0"
"sparse-74","40502026","sparse","12","J0:[14,17);J1:[98,102);J2:[79,81);J3:[25,26);J4:[47,50);J5:[25,29);J6:[5,6);J7:[54,55);J8:[15,19);J9:[46,47);J10:[5,9);J11:[79,83)","J6;J0;J3;J9;J4;J7;J2;J1","8","J6;J0;J3;J9;J4;J7;J2;J1","8","1.0","J6;J0;J3;J9;J4;J7;J2;J1","8","1.0","J6;J3;J9;J7;J2;J0;J4;J1","8","1.0","J10;J8;J5;J9;J4;J7;J11;J1","8","1.0"
"sparse-75","40502026","sparse","9","J0:[52,56);J1:[11,13);J2:[11,13);J3:[30,32);J4:[10,14);J5:[0,1);J6:[29,30);J7:[5,6);J8:[75,76)","J5;J7;J4;J6;J3;J0;J8","7","J5;J7;J1;J6;J3;J0;J8","7","1.0","J5;J7;J4;J6;J3;J0;J8","7","1.0","J5;J7;J6;J8;J1;J3;J0","7","1.0","J5;J7;J1;J6;J3;J0;J8","7","1.0"
"sparse-76","40502026","sparse","8","J0:[35,39);J1:[88,89);J2:[72,73);J3:[53,57);J4:[35,39);J5:[85,89);J6:[1,2);J7:[83,87)","J6;J0;J3;J2;J7;J1","6","J6;J0;J3;J2;J7;J1","6","1.0","J6;J0;J3;J2;J7;J1","6","1.0","J6;J2;J1;J0;J3;J7","6","1.0","J6;J0;J3;J2;J7;J1","6","1.0"
"sparse-77","40502026","sparse","6","J0:[19,20);J1:[36,37);J2:[52,55);J3:[46,47);J4:[83,86);J5:[1,5)","J5;J0;J1;J3;J2;J4","6","J5;J0;J1;J3;J2;J4","6","1.0","J5;J0;J1;J3;J2;J4","6","1.0","J0;J1;J3;J2;J4;J5","6","1.0","J5;J0;J1;J3;J2;J4","6","1.0"
"sparse-78","40502026","sparse","10","J0:[92,93);J1:[46,47);J2:[55,57);J3:[89,92);J4:[15,18);J5:[55,58);J6:[68,70);J7:[99,100);J8:[66,67);J9:[33,37)","J4;J9;J1;J2;J8;J6;J3;J0;J7","9","J4;J9;J1;J2;J8;J6;J3;J0;J7","9","1.0","J4;J9;J1;J2;J8;J6;J3;J0;J7","9","1.0","J1;J8;J0;J7;J2;J6;J4;J3;J9","9","1.0","J4;J9;J1;J5;J8;J6;J3;J0;J7","9","1.0"
"sparse-79","40502026","sparse","5","J0:[18,19);J1:[52,55);J2:[48,49);J3:[0,3);J4:[33,37)","J3;J0;J4;J2;J1","5","J3;J0;J4;J2;J1","5","1.0","J3;J0;J4;J2;J1","5","1.0","J0;J2;J3;J1;J4","5","1.0","J3;J0;J4;J2;J1","5","1.0"
"sparse-80","40502026","sparse","11","J0:[74,76);J1:[15,16);J2:[70,74);J3:[95,98);J4:[84,88);J5:[99,100);J6:[24,27);J7:[27,30);J8:[0,1);J9:[41,42);J10:[37,40)","J8;J1;J6;J7;J10;J9;J2;J0;J4;J3;J5","11","J8;J1;J6;J7;J10;J9;J2;J0;J4;J3;J5","11","1.0","J8;J1;J6;J7;J10;J9;J2;J0;J4;J3;J5","11","1.0","J8;J1;J9;J5;J0;J6;J7;J10;J3;J2;J4","11","1.0","J8;J1;J6;J7;J10;J9;J2;J0;J4;J3;J5","11","1.0"
"sparse-81","40502026","sparse","11","J0:[66,70);J1:[9,10);J2:[40,43);J3:[65,66);J4:[13,14);J5:[49,53);J6:[77,81);J7:[36,37);J8:[73,76);J9:[25,26);J10:[40,44)","J1;J4;J9;J7;J2;J5;J3;J0;J8;J6","10","J1;J4;J9;J7;J2;J5;J3;J0;J8;J6","10","1.0","J1;J4;J9;J7;J2;J5;J3;J0;J8;J6","10","1.0","J1;J4;J9;J7;J3;J2;J8;J5;J0;J6","10","1.0","J1;J4;J9;J7;J10;J5;J3;J0;J8;J6","10","1.0"
"sparse-82","40502026","sparse","9","J0:[49,53);J1:[6,9);J2:[77,78);J3:[60,63);J4:[76,78);J5:[96,100);J6:[14,15);J7:[34,37);J8:[23,24)","J1;J6;J8;J7;J0;J3;J4;J5","8","J1;J6;J8;J7;J0;J3;J4;J5","8","1.0","J1;J6;J8;J7;J0;J3;J4;J5","8","1.0","J6;J8;J2;J1;J7;J3;J0;J5","8","1.0","J1;J6;J8;J7;J0;J3;J2;J5","8","1.0"
"sparse-83","40502026","sparse","10","J0:[82,86);J1:[77,79);J2:[23,24);J3:[26,29);J4:[13,14);J5:[98,99);J6:[27,28);J7:[32,34);J8:[27,28);J9:[81,83)","J4;J2;J3;J7;J1;J9;J5","7","J4;J2;J6;J7;J1;J9;J5","7","1.0","J4;J2;J3;J7;J1;J9;J5","7","1.0","J4;J2;J6;J5;J7;J1;J9","7","1.0","J4;J2;J6;J7;J1;J0;J5","7","1.0"
"sparse-84","40502026","sparse","5","J0:[28,31);J1:[37,41);J2:[80,84);J3:[68,70);J4:[38,42)","J0;J1;J3;J2","4","J0;J1;J3;J2","4","1.0","J0;J1;J3;J2","4","1.0","J3;J0;J1;J2","4","1.0","J0;J4;J3;J2","4","1.0"
"sparse-85","40502026","sparse","6","J0:[64,67);J1:[20,24);J2:[30,34);J3:[23,24);J4:[7,10);J5:[60,64)","J4;J1;J2;J5;J0","5","J4;J1;J2;J5;J0","5","1.0","J4;J1;J2;J5;J0","5","1.0","J3;J4;J0;J2;J5","5","1.0","J4;J3;J2;J5;J0","5","1.0"
"sparse-86","40502026","sparse","8","J0:[0,3);J1:[6,7);J2:[47,49);J3:[48,50);J4:[99,103);J5:[78,82);J6:[60,64);J7:[10,12)","J0;J1;J7;J2;J6;J5;J4","7","J0;J1;J7;J2;J6;J5;J4","7","1.0","J0;J1;J7;J2;J6;J5;J4","7","1.0","J1;J7;J2;J0;J6;J5;J4","7","1.0","J0;J1;J7;J3;J6;J5;J4","7","1.0"
"sparse-87","40502026","sparse","9","J0:[73,75);J1:[91,92);J2:[43,45);J3:[87,88);J4:[29,33);J5:[50,52);J6:[39,42);J7:[52,53);J8:[51,55)","J4;J6;J2;J5;J7;J0;J3;J1","8","J4;J6;J2;J5;J7;J0;J3;J1","8","1.0","J4;J6;J2;J5;J7;J0;J3;J1","8","1.0","J7;J3;J1;J2;J5;J0;J6;J4","8","1.0","J4;J6;J2;J5;J7;J0;J3;J1","8","1.0"
"sparse-88","40502026","sparse","12","J0:[94,95);J1:[33,35);J2:[16,20);J3:[44,47);J4:[4,6);J5:[75,78);J6:[54,57);J7:[70,71);J8:[97,98);J9:[15,19);J10:[94,98);J11:[51,55)","J4;J9;J1;J3;J11;J7;J5;J0;J8","9","J4;J9;J1;J3;J11;J7;J5;J0;J8","9","1.0","J4;J9;J1;J3;J11;J7;J5;J0;J8","9","1.0","J7;J0;J8;J4;J1;J3;J6;J5;J9","9","1.0","J4;J2;J1;J3;J6;J7;J5;J0;J8","9","1.0"
"sparse-89","40502026","sparse","10","J0:[23,26);J1:[77,79);J2:[97,101);J3:[1,3);J4:[37,38);J5:[14,17);J6:[42,43);J7:[41,44);J8:[20,22);J9:[8,11)","J3;J9;J5;J8;J0;J4;J7;J1;J2","9","J3;J9;J5;J8;J0;J4;J6;J1;J2","9","1.0","J3;J9;J5;J8;J0;J4;J7;J1;J2","9","1.0","J4;J6;J3;J8;J1;J9;J5;J0;J2","9","1.0","J3;J9;J5;J8;J0;J4;J6;J1;J2","9","1.0"
"sparse-90","40502026","sparse","7","J0:[10,12);J1:[98,100);J2:[51,54);J3:[50,53);J4:[99,103);J5:[74,76);J6:[85,87)","J0;J3;J5;J6;J1","5","J0;J3;J5;J6;J1","5","1.0","J0;J3;J5;J6;J1","5","1.0","J0;J5;J6;J1;J3","5","1.0","J0;J2;J5;J6;J4","5","1.0"
"sparse-91","40502026","sparse","7","J0:[56,58);J1:[41,43);J2:[96,97);J3:[16,20);J4:[58,59);J5:[83,87);J6:[88,91)","J3;J1;J0;J4;J5;J6;J2","7","J3;J1;J0;J4;J5;J6;J2","7","1.0","J3;J1;J0;J4;J5;J6;J2","7","1.0","J4;J2;J1;J0;J6;J3;J5","7","1.0","J3;J1;J0;J4;J5;J6;J2","7","1.0"
"sparse-92","40502026","sparse","7","J0:[84,87);J1:[52,53);J2:[0,3);J3:[39,41);J4:[75,77);J5:[62,64);J6:[95,98)","J2;J3;J1;J5;J4;J0;J6","7","J2;J3;J1;J5;J4;J0;J6","7","1.0","J2;J3;J1;J5;J4;J0;J6","7","1.0","J1;J3;J5;J4;J2;J0;J6","7","1.0","J2;J3;J1;J5;J4;J0;J6","7","1.0"
"sparse-93","40502026","sparse","5","J0:[46,50);J1:[56,58);J2:[10,13);J3:[84,86);J4:[66,68)","J2;J0;J1;J4;J3","5","J2;J0;J1;J4;J3","5","1.0","J2;J0;J1;J4;J3","5","1.0","J1;J4;J3;J2;J0","5","1.0","J2;J0;J1;J4;J3","5","1.0"
"sparse-94","40502026","sparse","5","J0:[46,49);J1:[90,92);J2:[72,75);J3:[8,9);J4:[87,88)","J3;J0;J2;J4;J1","5","J3;J0;J2;J4;J1","5","1.0","J3;J0;J2;J4;J1","5","1.0","J3;J4;J1;J0;J2","5","1.0","J3;J0;J2;J4;J1","5","1.0"
"sparse-95","40502026","sparse","6","J0:[23,25);J1:[87,91);J2:[94,96);J3:[50,54);J4:[18,19);J5:[90,92)","J4;J0;J3;J1;J2","5","J4;J0;J3;J1;J2","5","1.0","J4;J0;J3;J1;J2","5","1.0","J4;J0;J5;J2;J3","5","1.0","J4;J0;J3;J5;J2","5","1.0"
"sparse-96","40502026","sparse","11","J0:[55,59);J1:[94,98);J2:[99,101);J3:[28,32);J4:[27,30);J5:[74,75);J6:[18,21);J7:[39,40);J8:[32,33);J9:[39,43);J10:[76,79)","J6;J4;J8;J7;J0;J5;J10;J1;J2","9","J6;J4;J8;J7;J0;J5;J10;J1;J2","9","1.0","J6;J4;J8;J7;J0;J5;J10;J1;J2","9","1.0","J8;J7;J5;J2;J6;J4;J10;J0;J1","9","1.0","J6;J3;J8;J9;J0;J5;J10;J1;J2","9","1.0"
"sparse-97","40502026","sparse","9","J0:[85,87);J1:[73,74);J2:[33,34);J3:[31,32);J4:[44,46);J5:[2,5);J6:[1,3);J7:[74,78);J8:[39,43)","J6;J3;J2;J8;J4;J1;J7;J0","8","J6;J3;J2;J8;J4;J1;J7;J0","8","1.0","J6;J3;J2;J8;J4;J1;J7;J0","8","1.0","J3;J2;J1;J6;J4;J0;J8;J7","8","1.0","J5;J3;J2;J8;J4;J1;J7;J0","8","1.0"
"sparse-98","40502026","sparse","12","J0:[91,93);J1:[87,90);J2:[78,82);J3:[91,92);J4:[11,13);J5:[28,31);J6:[35,36);J7:[32,34);J8:[48,49);J9:[49,53);J10:[13,16);J11:[6,10)","J11;J4;J10;J5;J7;J6;J8;J9;J2;J1;J3","11","J11;J4;J10;J5;J7;J6;J8;J9;J2;J1;J3","11","1.0","J11;J4;J10;J5;J7;J6;J8;J9;J2;J1;J3","11","1.0","J6;J8;J3;J4;J7;J10;J5;J1;J11;J9;J2","11","1.0","J11;J4;J10;J5;J7;J6;J8;J9;J2;J1;J0","11","1.0"
"sparse-99","40502026","sparse","9","J0:[67,69);J1:[45,46);J2:[96,98);J3:[33,36);J4:[14,16);J5:[24,25);J6:[51,53);J7:[86,88);J8:[61,65)","J4;J5;J3;J1;J6;J8;J0;J7;J2","9","J4;J5;J3;J1;J6;J8;J0;J7;J2","9","1.0","J4;J5;J3;J1;J6;J8;J0;J7;J2","9","1.0","J5;J1;J4;J6;J0;J7;J2;J3;J8","9","1.0","J4;J5;J3;J1;J6;J8;J0;J7;J2","9","1.0"
"sparse-100","40502026","sparse","5","J0:[13,15);J1:[10,12);J2:[76,78);J3:[50,51);J4:[44,47)","J1;J0;J4;J3;J2","5","J1;J0;J4;J3;J2","5","1.0","J1;J0;J4;J3;J2","5","1.0","J3;J1;J0;J2;J4","5","1.0","J1;J0;J4;J3;J2","5","1.0"
"sparse-101","40502026","sparse","12","J0:[91,95);J1:[46,49);J2:[23,25);J3:[43,44);J4:[13,15);J5:[64,66);J6:[68,72);J7:[44,48);J8:[21,24);J9:[46,48);J10:[80,81);J11:[12,14)","J11;J8;J3;J7;J5;J6;J10;J0","8","J11;J8;J3;J7;J5;J6;J10;J0","8","1.0","J11;J8;J3;J7;J5;J6;J10;J0","8","1.0","J3;J10;J11;J2;J9;J5;J6;J0","8","1.0","J4;J2;J3;J1;J5;J6;J10;J0","8","1.0"
"sparse-102","40502026","sparse","9","J0:[26,30);J1:[64,65);J2:[81,85);J3:[11,14);J4:[17,20);J5:[52,56);J6:[67,71);J7:[77,81);J8:[39,42)","J3;J4;J0;J8;J5;J1;J6;J7;J2","9","J3;J4;J0;J8;J5;J1;J6;J7;J2","9","1.0","J3;J4;J0;J8;J5;J1;J6;J7;J2","9","1.0","J1;J3;J4;J8;J0;J5;J6;J7;J2","9","1.0","J3;J4;J0;J8;J5;J1;J6;J7;J2","9","1.0"
"sparse-103","40502026","sparse","12","J0:[77,79);J1:[73,75);J2:[80,82);J3:[76,79);J4:[98,101);J5:[12,15);J6:[95,96);J7:[96,99);J8:[18,20);J9:[28,32);J10:[34,35);J11:[65,69)","J5;J8;J9;J10;J11;J1;J3;J2;J6;J7","10","J5;J8;J9;J10;J11;J1;J3;J2;J6;J7","10","1.0","J5;J8;J9;J10;J11;J1;J3;J2;J6;J7","10","1.0","J10;J6;J8;J1;J0;J2;J5;J7;J9;J11","10","1.0","J5;J8;J9;J10;J11;J1;J0;J2;J6;J4","10","1.0"
"sparse-104","40502026","sparse","8","J0:[26,28);J1:[45,46);J2:[8,9);J3:[33,35);J4:[12,13);J5:[22,26);J6:[79,80);J7:[36,40)","J2;J4;J5;J0;J3;J7;J1;J6","8","J2;J4;J5;J0;J3;J7;J1;J6","8","1.0","J2;J4;J5;J0;J3;J7;J1;J6","8","1.0","J2;J4;J1;J6;J0;J3;J5;J7","8","1.0","J2;J4;J5;J0;J3;J7;J1;J6","8","1.0"
"sparse-105","40502026","sparse","11","J0:[68,69);J1:[98,100);J2:[35,37);J3:[38,42);J4:[81,84);J5:[86,88);J6:[30,31);J7:[50,54);J8:[11,14);J9:[18,19);J10:[63,65)","J8;J9;J6;J2;J3;J7;J10;J0;J4;J5;J1","11","J8;J9;J6;J2;J3;J7;J10;J0;J4;J5;J1","11","1.0","J8;J9;J6;J2;J3;J7;J10;J0;J4;J5;J1","11","1.0","J9;J6;J0;J2;J10;J5;J1;J8;J4;J3;J7","11","1.0","J8;J9;J6;J2;J3;J7;J10;J0;J4;J5;J1","11","1.0"
"sparse-106","40502026","sparse","7","J0:[31,35);J1:[81,83);J2:[17,18);J3:[41,45);J4:[54,58);J5:[80,82);J6:[72,76)","J2;J0;J3;J4;J6;J5","6","J2;J0;J3;J4;J6;J5","6","1.0","J2;J0;J3;J4;J6;J5","6","1.0","J2;J5;J0;J3;J4;J6","6","1.0","J2;J0;J3;J4;J6;J1","6","1.0"
"sparse-107","40502026","sparse","5","J0:[7,8);J1:[79,80);J2:[20,24);J3:[16,17);J4:[76,77)","J0;J3;J2;J4;J1","5","J0;J3;J2;J4;J1","5","1.0","J0;J3;J2;J4;J1","5","1.0","J0;J3;J4;J1;J2","5","1.0","J0;J3;J2;J4;J1","5","1.0"
"sparse-108","40502026","sparse","6","J0:[90,93);J1:[7,8);J2:[4,7);J3:[19,22);J4:[89,93);J5:[80,84)","J2;J1;J3;J5;J4","5","J2;J1;J3;J5;J4","5","1.0","J2;J1;J3;J5;J4","5","1.0","J1;J2;J3;J0;J5","5","1.0","J2;J1;J3;J5;J0","5","1.0"
"sparse-109","40502026","sparse","6","J0:[53,55);J1:[34,36);J2:[31,33);J3:[27,29);J4:[71,75);J5:[7,8)","J5;J3;J2;J1;J0;J4","6","J5;J3;J2;J1;J0;J4","6","1.0","J5;J3;J2;J1;J0;J4","6","1.0","J5;J3;J2;J1;J0;J4","6","1.0","J5;J3;J2;J1;J0;J4","6","1.0"
"sparse-110","40502026","sparse","12","J0:[82,83);J1:[47,48);J2:[73,76);J3:[16,20);J4:[26,29);J5:[83,84);J6:[13,16);J7:[12,13);J8:[82,84);J9:[8,9);J10:[27,30);J11:[49,51)","J9;J7;J6;J3;J4;J1;J11;J2;J0;J5","10","J9;J7;J6;J3;J4;J1;J11;J2;J0;J5","10","1.0","J9;J7;J6;J3;J4;J1;J11;J2;J0;J5","10","1.0","J9;J7;J1;J0;J5;J11;J6;J4;J2;J3","10","1.0","J9;J7;J6;J3;J10;J1;J11;J2;J0;J5","10","1.0"
"sparse-111","40502026","sparse","9","J0:[44,45);J1:[61,63);J2:[40,44);J3:[83,84);J4:[46,49);J5:[21,22);J6:[22,23);J7:[4,7);J8:[16,19)","J7;J8;J5;J6;J2;J0;J4;J1;J3","9","J7;J8;J5;J6;J2;J0;J4;J1;J3","9","1.0","J7;J8;J5;J6;J2;J0;J4;J1;J3","9","1.0","J5;J6;J0;J3;J1;J7;J8;J4;J2","9","1.0","J7;J8;J5;J6;J2;J0;J4;J1;J3","9","1.0"
"sparse-112","40502026","sparse","7","J0:[16,20);J1:[0,3);J2:[53,56);J3:[42,43);J4:[84,88);J5:[37,39);J6:[67,68)","J1;J0;J5;J3;J2;J6;J4","7","J1;J0;J5;J3;J2;J6;J4","7","1.0","J1;J0;J5;J3;J2;J6;J4","7","1.0","J3;J6;J5;J1;J2;J0;J4","7","1.0","J1;J0;J5;J3;J2;J6;J4","7","1.0"
"sparse-113","40502026","sparse","5","J0:[17,20);J1:[46,48);J2:[33,34);J3:[86,88);J4:[96,98)","J0;J2;J1;J3;J4","5","J0;J2;J1;J3;J4","5","1.0","J0;J2;J1;J3;J4","5","1.0","J2;J1;J3;J4;J0","5","1.0","J0;J2;J1;J3;J4","5","1.0"
"sparse-114","40502026","sparse","11","J0:[74,75);J1:[99,103);J2:[10,14);J3:[53,57);J4:[33,36);J5:[39,40);J6:[88,90);J7:[42,44);J8:[53,56);J9:[42,46);J10:[54,57)","J2;J4;J5;J7;J8;J0;J6;J1","8","J2;J4;J5;J7;J8;J0;J6;J1","8","1.0","J2;J4;J5;J7;J8;J0;J6;J1","8","1.0","J5;J0;J7;J6;J4;J8;J2;J1","8","1.0","J2;J4;J5;J9;J10;J0;J6;J1","8","1.0"
"sparse-115","40502026","sparse","6","J0:[21,22);J1:[29,33);J2:[91,94);J3:[14,18);J4:[19,21);J5:[89,92)","J3;J4;J0;J1;J5","5","J3;J4;J0;J1;J5","5","1.0","J3;J4;J0;J1;J5","5","1.0","J0;J4;J5;J3;J1","5","1.0","J3;J4;J0;J1;J2","5","1.0"
"sparse-116","40502026","sparse","6","J0:[82,84);J1:[46,47);J2:[32,34);J3:[66,67);J4:[50,51);J5:[92,94)","J2;J1;J4;J3;J0;J5","6","J2;J1;J4;J3;J0;J5","6","1.0","J2;J1;J4;J3;J0;J5","6","1.0","J1;J4;J3;J2;J0;J5","6","1.0","J2;J1;J4;J3;J0;J5","6","1.0"
"sparse-117","40502026","sparse","10","J0:[57,58);J1:[24,28);J2:[11,14);J3:[70,72);J4:[32,34);J5:[91,92);J6:[95,96);J7:[39,40);J8:[13,16);J9:[77,78)","J2;J1;J4;J7;J0;J3;J9;J5;J6","9","J2;J1;J4;J7;J0;J3;J9;J5;J6","9","1.0","J2;J1;J4;J7;J0;J3;J9;J5;J6","9","1.0","J7;J0;J9;J5;J6;J4;J3;J2;J1","9","1.0","J8;J1;J4;J7;J0;J3;J9;J5;J6","9","1.0"
"sparse-118","40502026","sparse","8","J0:[22,23);J1:[89,90);J2:[47,48);J3:[9,10);J4:[70,72);J5:[3,5);J6:[29,33);J7:[78,80)","J5;J3;J0;J6;J2;J4;J7;J1","8","J5;J3;J0;J6;J2;J4;J7;J1","8","1.0","J5;J3;J0;J6;J2;J4;J7;J1","8","1.0","J3;J0;J2;J1;J5;J4;J7;J6","8","1.0","J5;J3;J0;J6;J2;J4;J7;J1","8","1.0"
"sparse-119","40502026","sparse","9","J0:[36,37);J1:[9,11);J2:[84,86);J3:[99,101);J4:[93,97);J5:[84,88);J6:[11,15);J7:[55,57);J8:[10,13)","J1;J6;J0;J7;J2;J4;J3","7","J1;J6;J0;J7;J2;J4;J3","7","1.0","J1;J6;J0;J7;J2;J4;J3","7","1.0","J0;J1;J7;J2;J3;J6;J4","7","1.0","J1;J6;J0;J7;J5;J4;J3","7","1.0"
"sparse-120","40502026","sparse","7","J0:[22,26);J1:[23,24);J2:[45,46);J3:[98,102);J4:[40,44);J5:[95,98);J6:[43,45)","J0;J4;J2;J5;J3","5","J1;J4;J2;J5;J3","5","1.0","J0;J4;J2;J5;J3","5","1.0","J1;J2;J6;J5;J3","5","1.0","J1;J6;J2;J5;J3","5","1.0"
"sparse-121","40502026","sparse","6","J0:[49,50);J1:[90,93);J2:[46,48);J3:[89,91);J4:[91,92);J5:[44,47)","J5;J0;J3;J4","4","J5;J0;J3;J4","4","1.0","J5;J0;J3;J4","4","1.0","J0;J4;J2;J3","4","1.0","J2;J0;J3;J4","4","1.0"
"sparse-122","40502026","sparse","6","J0:[5,8);J1:[88,89);J2:[75,78);J3:[25,27);J4:[40,41);J5:[56,59)","J0;J3;J4;J5;J2;J1","6","J0;J3;J4;J5;J2;J1","6","1.0","J0;J3;J4;J5;J2;J1","6","1.0","J4;J1;J3;J0;J5;J2","6","1.0","J0;J3;J4;J5;J2;J1","6","1.0"
"sparse-123","40502026","sparse","12","J0:[18,22);J1:[98,100);J2:[68,71);J3:[19,20);J4:[63,66);J5:[8,11);J6:[60,61);J7:[94,98);J8:[36,40);J9:[36,38);J10:[73,76);J11:[90,93)","J5;J0;J9;J6;J4;J2;J10;J11;J7;J1","10","J5;J3;J9;J6;J4;J2;J10;J11;J7;J1","10","1.0","J5;J0;J9;J6;J4;J2;J10;J11;J7;J1","10","1.0","J3;J6;J9;J1;J5;J4;J2;J10;J11;J7","10","1.0","J5;J3;J8;J6;J4;J2;J10;J11;J7;J1","10","1.0"
"sparse-124","40502026","sparse","7","J0:[96,97);J1:[15,16);J2:[20,22);J3:[36,39);J4:[94,97);J5:[49,53);J6:[56,60)","J1;J2;J3;J5;J6;J4","6","J1;J2;J3;J5;J6;J4","6","1.0","J1;J2;J3;J5;J6;J4","6","1.0","J1;J0;J2;J3;J5;J6","6","1.0","J1;J2;J3;J5;J6;J0","6","1.0"
"overlapping-0","40502026","overlapping","12","J0:[8,46);J1:[4,38);J2:[2,45);J3:[5,47);J4:[2,35);J5:[10,46);J6:[6,31);J7:[7,50);J8:[2,46);J9:[1,42);J10:[8,30);J11:[4,47)","J9","1","J10","1","1.0","J9","1","1.0","J10","1","1.0","J5","1","1.0"
"overlapping-1","40502026","overlapping","6","J0:[10,44);J1:[0,37);J2:[10,45);J3:[2,33);J4:[6,43);J5:[3,44)","J1","1","J3","1","1.0","J1","1","1.0","J3","1","1.0","J2","1","1.0"
"overlapping-2","40502026","overlapping","5","J0:[2,46);J1:[3,41);J2:[10,46);J3:[7,38);J4:[3,46)","J0","1","J3","1","1.0","J0","1","1.0","J3","1","1.0","J2","1","1.0"
"overlapping-3","40502026","overlapping","12","J0:[0,44);J1:[0,39);J2:[8,40);J3:[9,38);J4:[6,47);J5:[7,42);J6:[9,31);J7:[1,35);J8:[8,31);J9:[8,35);J10:[8,30);J11:[1,33)","J1","1","J10","1","1.0","J1","1","1.0","J10","1","1.0","J3","1","1.0"
"overlapping-4","40502026","overlapping","8","J0:[6,33);J1:[0,47);J2:[3,43);J3:[1,45);J4:[5,46);J5:[0,41);J6:[1,33);J7:[9,48)","J5","1","J6","1","1.0","J5","1","1.0","J0","1","1.0","J7","1","1.0"
"overlapping-5","40502026","overlapping","5","J0:[2,41);J1:[1,33);J2:[4,45);J3:[3,38);J4:[10,33)","J1","1","J1","1","1.0","J1","1","1.0","J4","1","1.0","J4","1","1.0"
"overlapping-6","40502026","overlapping","12","J0:[6,50);J1:[3,43);J2:[4,31);J3:[10,43);J4:[5,34);J5:[2,33);J6:[0,50);J7:[5,41);J8:[9,38);J9:[3,30);J10:[6,33);J11:[6,45)","J6","1","J9","1","1.0","J6","1","1.0","J9","1","1.0","J3","1","1.0"
"overlapping-7","40502026","overlapping","12","J0:[7,50);J1:[1,44);J2:[2,35);J3:[5,43);J4:[1,42);J5:[10,30);J6:[10,47);J7:[7,46);J8:[7,40);J9:[1,37);J10:[2,34);J11:[10,35)","J9","1","J5","1","1.0","J9","1","1.0","J5","1","1.0","J6","1","1.0"
"overlapping-8","40502026","overlapping","11","J0:[9,46);J1:[6,33);J2:[10,34);J3:[5,41);J4:[9,50);J5:[9,47);J6:[1,50);J7:[1,33);J8:[6,45);J9:[7,38);J10:[10,39)","J7","1","J7","1","1.0","J7","1","1.0","J2","1","1.0","J10","1","1.0"
"overlapping-9","40502026","overlapping","8","J0:[1,44);J1:[4,35);J2:[9,32);J3:[9,47);J4:[6,46);J5:[7,36);J6:[3,48);J7:[2,49)","J0","1","J2","1","1.0","J0","1","1.0","J2","1","1.0","J3","1","1.0"
"overlapping-10","40502026","overlapping","6","J0:[8,40);J1:[0,37);J2:[10,37);J3:[2,40);J4:[3,46);J5:[4,41)","J1","1","J1","1","1.0","J1","1","1.0","J2","1","1.0","J2","1","1.0"
"overlapping-11","40502026","overlapping","10","J0:[10,40);J1:[7,37);J2:[6,32);J3:[6,48);J4:[9,45);J5:[8,30);J6:[4,32);J7:[5,45);J8:[7,38);J9:[0,41)","J9","1","J5","1","1.0","J9","1","1.0","J5","1","1.0","J0","1","1.0"
"overlapping-12","40502026","overlapping","10","J0:[5,35);J1:[3,48);J2:[7,40);J3:[3,40);J4:[3,40);J5:[10,36);J6:[10,41);J7:[6,31);J8:[7,49);J9:[7,36)","J3","1","J7","1","1.0","J3","1","1.0","J7","1","1.0","J6","1","1.0"
"overlapping-13","40502026","overlapping","12","J0:[5,45);J1:[9,35);J2:[5,42);J3:[1,31);J4:[6,32);J5:[2,44);J6:[9,47);J7:[2,39);J8:[0,34);J9:[9,38);J10:[10,43);J11:[0,39)","J8","1","J3","1","1.0","J8","1","1.0","J4","1","1.0","J10","1","1.0"
"overlapping-14","40502026","overlapping","6","J0:[6,38);J1:[1,42);J2:[4,32);J3:[6,35);J4:[4,47);J5:[5,32)","J1","1","J2","1","1.0","J1","1","1.0","J5","1","1.0","J0","1","1.0"
"overlapping-15","40502026","overlapping","7","J0:[0,36);J1:[5,39);J2:[0,31);J3:[6,38);J4:[4,48);J5:[2,36);J6:[8,34)","J2","1","J2","1","1.0","J2","1","1.0","J6","1","1.0","J6","1","1.0"
"overlapping-16","40502026","overlapping","12","J0:[2,50);J1:[8,37);J2:[9,45);J3:[0,38);J4:[4,46);J5:[2,32);J6:[8,48);J7:[5,34);J8:[5,49);J9:[3,35);J10:[7,30);J11:[7,45)","J3","1","J10","1","1.0","J3","1","1.0","J10","1","1.0","J2","1","1.0"
"overlapping-17","40502026","overlapping","9","J0:[10,40);J1:[4,49);J2:[0,39);J3:[5,46);J4:[5,46);J5:[6,43);J6:[7,45);J7:[10,42);J8:[3,46)","J2","1","J2","1","1.0","J2","1","1.0","J0","1","1.0","J7","1","1.0"
"overlapping-18","40502026","overlapping","7","J0:[6,38);J1:[0,50);J2:[8,38);J3:[3,45);J4:[4,43);J5:[8,42);J6:[1,32)","J1","1","J6","1","1.0","J1","1","1.0","J2","1","1.0","J5","1","1.0"
"overlapping-19","40502026","overlapping","11","J0:[9,33);J1:[1,39);J2:[7,39);J3:[6,40);J4:[2,46);J5:[2,30);J6:[10,39);J7:[10,48);J8:[4,41);J9:[3,41);J10:[1,47)","J1","1","J5","1","1.0","J1","1","1.0","J0","1","1.0","J7","1","1.0"
"overlapping-20","40502026","overlapping","5","J0:[4,41);J1:[7,36);J2:[1,44);J3:[8,33);J4:[4,32)","J2","1","J4","1","1.0","J2","1","1.0","J3","1","1.0","J3","1","1.0"
"overlapping-21","40502026","overlapping","11","J0:[4,50);J1:[6,30);J2:[2,32);J3:[3,44);J4:[7,48);J5:[2,36);J6:[6,44);J7:[1,38);J8:[8,46);J9:[9,45);J10:[0,34)","J10","1","J1","1","1.0","J10","1","1.0","J1","1","1.0","J9","1","1.0"
"overlapping-22","40502026","overlapping","8","J0:[3,45);J1:[4,34);J2:[0,36);J3:[0,49);J4:[10,44);J5:[3,43);J6:[1,31);J7:[5,49)","J2","1","J6","1","1.0","J2","1","1.0","J6","1","1.0","J4","1","1.0"
"overlapping-23","40502026","overlapping","12","J0:[10,35);J1:[7,43);J2:[10,37);J3:[5,31);J4:[2,33);J5:[3,35);J6:[3,36);J7:[5,34);J8:[3,48);J9:[10,38);J10:[6,48);J11:[1,43)","J11","1","J3","1","1.0","J11","1","1.0","J0","1","1.0","J9","1","1.0"
"overlapping-24","40502026","overlapping","11","J0:[10,34);J1:[2,48);J2:[3,39);J3:[6,48);J4:[2,46);J5:[1,38);J6:[6,50);J7:[9,45);J8:[5,47);J9:[6,47);J10:[4,42)","J5","1","J0","1","1.0","J5","1","1.0","J0","1","1.0","J0","1","1.0"
"overlapping-25","40502026","overlapping","6","J0:[3,40);J1:[10,32);J2:[4,30);J3:[10,37);J4:[2,39);J5:[0,31)","J5","1","J2","1","1.0","J5","1","1.0","J1","1","1.0","J3","1","1.0"
"overlapping-26","40502026","overlapping","6","J0:[6,42);J1:[9,33);J2:[3,33);J3:[6,49);J4:[9,47);J5:[7,33)","J2","1","J2","1","1.0","J2","1","1.0","J1","1","1.0","J4","1","1.0"
"overlapping-27","40502026","overlapping","8","J0:[2,36);J1:[7,37);J2:[8,46);J3:[1,44);J4:[5,36);J5:[0,44);J6:[6,44);J7:[4,31)","J5","1","J7","1","1.0","J5","1","1.0","J7","1","1.0","J2","1","1.0"
"overlapping-28","40502026","overlapping","8","J0:[6,39);J1:[0,38);J2:[9,43);J3:[6,38);J4:[10,30);J5:[9,41);J6:[1,35);J7:[8,50)","J1","1","J4","1","1.0","J1","1","1.0","J4","1","1.0","J4","1","1.0"
"overlapping-29","40502026","overlapping","10","J0:[2,36);J1:[10,46);J2:[1,47);J3:[3,45);J4:[5,38);J5:[2,30);J6:[4,44);J7:[10,49);J8:[2,41);J9:[7,33)","J2","1","J5","1","1.0","J2","1","1.0","J9","1","1.0","J7","1","1.0"
"overlapping-30","40502026","overlapping","11","J0:[8,30);J1:[7,36);J2:[7,31);J3:[5,40);J4:[9,37);J5:[3,42);J6:[6,48);J7:[6,37);J8:[3,35);J9:[2,44);J10:[6,46)","J9","1","J0","1","1.0","J9","1","1.0","J0","1","1.0","J4","1","1.0"
"overlapping-31","40502026","overlapping","12","J0:[10,41);J1:[1,50);J2:[5,38);J3:[10,47);J4:[4,32);J5:[10,37);J6:[6,49);J7:[5,47);J8:[7,47);J9:[0,49);J10:[9,30);J11:[10,34)","J9","1","J10","1","1.0","J9","1","1.0","J10","1","1.0","J3","1","1.0"
"overlapping-32","40502026","overlapping","6","J0:[10,47);J1:[6,36);J2:[8,48);J3:[5,42);J4:[0,44);J5:[3,47)","J4","1","J1","1","1.0","J4","1","1.0","J1","1","1.0","J0","1","1.0"
"overlapping-33","40502026","overlapping","12","J0:[0,33);J1:[1,35);J2:[3,37);J3:[8,50);J4:[4,35);J5:[7,33);J6:[0,40);J7:[10,35);J8:[7,38);J9:[7,37);J10:[10,48);J11:[0,38)","J0","1","J0","1","1.0","J0","1","1.0","J7","1","1.0","J10","1","1.0"
"overlapping-34","40502026","overlapping","11","J0:[9,39);J1:[0,42);J2:[5,48);J3:[9,48);J4:[9,38);J5:[5,49);J6:[8,43);J7:[0,30);J8:[0,48);J9:[5,31);J10:[2,44)","J7","1","J7","1","1.0","J7","1","1.0","J9","1","1.0","J3","1","1.0"
"overlapping-35","40502026","overlapping","5","J0:[6,49);J1:[0,34);J2:[4,30);J3:[6,50);J4:[5,48)","J1","1","J2","1","1.0","J1","1","1.0","J2","1","1.0","J3","1","1.0"
"overlapping-36","40502026","overlapping","6","J0:[2,47);J1:[2,30);J2:[1,47);J3:[0,31);J4:[3,31);J5:[7,35)","J3","1","J1","1","1.0","J3","1","1.0","J1","1","1.0","J5","1","1.0"
"overlapping-37","40502026","overlapping","7","J0:[10,45);J1:[9,47);J2:[4,49);J3:[5,34);J4:[8,40);J5:[10,34);J6:[7,31)","J2","1","J6","1","1.0","J2","1","1.0","J6","1","1.0","J0","1","1.0"
"overlapping-38","40502026","overlapping","9","J0:[0,34);J1:[0,38);J2:[7,42);J3:[8,30);J4:[3,41);J5:[7,43);J6:[4,50);J7:[6,32);J8:[6,50)","J0","1","J3","1","1.0","J0","1","1.0","J3","1","1.0","J3","1","1.0"
"overlapping-39","40502026","overlapping","9","J0:[1,36);J1:[1,44);J2:[8,40);J3:[6,41);J4:[0,34);J5:[9,49);J6:[8,42);J7:[10,46);J8:[7,45)","J4","1","J4","1","1.0","J4","1","1.0","J2","1","1.0","J7","1","1.0"
"overlapping-40","40502026","overlapping","8","J0:[3,34);J1:[10,46);J2:[2,46);J3:[10,39);J4:[4,35);J5:[3,31);J6:[0,37);J7:[2,41)","J6","1","J5","1","1.0","J6","1","1.0","J5","1","1.0","J1","1","1.0"
"overlapping-41","40502026","overlapping","6","J0:[10,35);J1:[6,43);J2:[0,44);J3:[9,31);J4:[2,33);J5:[3,30)","J2","1","J5","1","1.0","J2","1","1.0","J3","1","1.0","J0","1","1.0"
"overlapping-42","40502026","overlapping","8","J0:[10,35);J1:[2,49);J2:[10,45);J3:[10,42);J4:[4,39);J5:[3,30);J6:[4,30);J7:[4,42)","J1","1","J5","1","1.0","J1","1","1.0","J0","1","1.0","J2","1","1.0"
"overlapping-43","40502026","overlapping","8","J0:[10,40);J1:[8,47);J2:[7,41);J3:[8,46);J4:[8,35);J5:[7,42);J6:[4,39);J7:[4,43)","J6","1","J4","1","1.0","J6","1","1.0","J4","1","1.0","J0","1","1.0"
"overlapping-44","40502026","overlapping","10","J0:[0,39);J1:[0,49);J2:[5,30);J3:[0,48);J4:[2,31);J5:[0,38);J6:[1,39);J7:[9,49);J8:[3,43);J9:[7,37)","J5","1","J2","1","1.0","J5","1","1.0","J2","1","1.0","J7","1","1.0"
"overlapping-45","40502026","overlapping","11","J0:[8,36);J1:[1,45);J2:[9,30);J3:[9,34);J4:[0,50);J5:[1,48);J6:[2,49);J7:[0,37);J8:[6,38);J9:[8,40);J10:[7,40)","J7","1","J2","1","1.0","J7","1","1.0","J2","1","1.0","J3","1","1.0"
"overlapping-46","40502026","overlapping","7","J0:[0,33);J1:[9,30);J2:[1,41);J3:[0,33);J4:[7,30);J5:[6,35);J6:[2,32)","J0","1","J4","1","1.0","J0","1","1.0","J1","1","1.0","J1","1","1.0"
"overlapping-47","40502026","overlapping","5","J0:[7,31);J1:[8,35);J2:[9,39);J3:[5,32);J4:[1,41)","J4","1","J0","1","1.0","J4","1","1.0","J0","1","1.0","J2","1","1.0"
"overlapping-48","40502026","overlapping","7","J0:[1,46);J1:[8,49);J2:[1,44);J3:[5,33);J4:[4,48);J5:[10,46);J6:[7,47)","J2","1","J3","1","1.0","J2","1","1.0","J3","1","1.0","J5","1","1.0"
"overlapping-49","40502026","overlapping","10","J0:[7,45);J1:[6,46);J2:[7,37);J3:[0,37);J4:[10,50);J5:[2,38);J6:[8,47);J7:[7,33);J8:[8,38);J9:[4,32)","J3","1","J9","1","1.0","J3","1","1.0","J7","1","1.0","J4","1","1.0"
"overlapping-50","40502026","overlapping","9","J0:[10,44);J1:[7,39);J2:[4,49);J3:[10,45);J4:[5,35);J5:[0,50);J6:[7,36);J7:[3,43);J8:[4,46)","J5","1","J4","1","1.0","J5","1","1.0","J6","1","1.0","J3","1","1.0"
"overlapping-51","40502026","overlapping","6","J0:[0,31);J1:[0,42);J2:[7,35);J3:[0,33);J4:[9,40);J5:[0,32)","J0","1","J0","1","1.0","J0","1","1.0","J2","1","1.0","J4","1","1.0"
"overlapping-52","40502026","overlapping","10","J0:[6,32);J1:[5,39);J2:[6,40);J3:[4,38);J4:[10,45);J5:[6,41);J6:[5,35);J7:[0,44);J8:[8,30);J9:[6,35)","J7","1","J8","1","1.0","J7","1","1.0","J8","1","1.0","J4","1","1.0"
"overlapping-53","40502026","overlapping","11","J0:[5,39);J1:[4,49);J2:[4,49);J3:[2,49);J4:[2,35);J5:[1,49);J6:[6,50);J7:[4,38);J8:[7,30);J9:[10,45);J10:[10,46)","J5","1","J8","1","1.0","J5","1","1.0","J8","1","1.0","J10","1","1.0"
"overlapping-54","40502026","overlapping","8","J0:[8,39);J1:[9,35);J2:[7,41);J3:[6,33);J4:[9,38);J5:[7,38);J6:[2,44);J7:[4,34)","J6","1","J3","1","1.0","J6","1","1.0","J1","1","1.0","J4","1","1.0"
"overlapping-55","40502026","overlapping","9","J0:[5,39);J1:[0,48);J2:[8,44);J3:[2,39);J4:[1,35);J5:[4,44);J6:[10,34);J7:[2,42);J8:[1,37)","J1","1","J6","1","1.0","J1","1","1.0","J6","1","1.0","J6","1","1.0"
"overlapping-56","40502026","overlapping","5","J0:[3,30);J1:[4,38);J2:[9,43);J3:[7,36);J4:[10,50)","J0","1","J0","1","1.0","J0","1","1.0","J0","1","1.0","J4","1","1.0"
"overlapping-57","40502026","overlapping","10","J0:[6,44);J1:[2,44);J2:[2,50);J3:[6,37);J4:[10,46);J5:[6,45);J6:[9,35);J7:[5,50);J8:[3,47);J9:[2,31)","J9","1","J9","1","1.0","J9","1","1.0","J6","1","1.0","J4","1","1.0"
"overlapping-58","40502026","overlapping","6","J0:[1,45);J1:[5,50);J2:[5,47);J3:[3,50);J4:[10,33);J5:[0,30)","J5","1","J5","1","1.0","J5","1","1.0","J4","1","1.0","J4","1","1.0"
"overlapping-59","40502026","overlapping","8","J0:[5,35);J1:[9,39);J2:[8,50);J3:[2,43);J4:[4,44);J5:[2,49);J6:[5,45);J7:[4,47)","J3","1","J0","1","1.0","J3","1","1.0","J0","1","1.0","J1","1","1.0"
"overlapping-60","40502026","overlapping","10","J0:[4,39);J1:[10,39);J2:[2,38);J3:[5,45);J4:[6,35);J5:[7,39);J6:[4,32);J7:[5,36);J8:[10,40);J9:[3,44)","J2","1","J6","1","1.0","J2","1","1.0","J6","1","1.0","J8","1","1.0"
"overlapping-61","40502026","overlapping","6","J0:[5,35);J1:[1,34);J2:[2,34);J3:[5,47);J4:[6,48);J5:[6,32)","J1","1","J5","1","1.0","J1","1","1.0","J5","1","1.0","J4","1","1.0"
"overlapping-62","40502026","overlapping","10","J0:[3,36);J1:[8,36);J2:[10,31);J3:[2,37);J4:[10,38);J5:[9,44);J6:[7,50);J7:[4,37);J8:[0,37);J9:[9,32)","J8","1","J2","1","1.0","J8","1","1.0","J2","1","1.0","J4","1","1.0"
"overlapping-63","40502026","overlapping","12","J0:[9,42);J1:[4,43);J2:[9,45);J3:[1,34);J4:[4,41);J5:[4,42);J6:[6,48);J7:[1,34);J8:[5,32);J9:[6,40);J10:[9,31);J11:[9,43)","J3","1","J10","1","1.0","J3","1","1.0","J10","1","1.0","J2","1","1.0"
"overlapping-64","40502026","overlapping","8","J0:[6,45);J1:[3,31);J2:[5,49);J3:[3,39);J4:[10,44);J5:[3,45);J6:[9,37);J7:[2,47)","J7","1","J1","1","1.0","J7","1","1.0","J1","1","1.0","J4","1","1.0"
"overlapping-65","40502026","overlapping","6","J0:[6,41);J1:[8,42);J2:[1,46);J3:[8,41);J4:[1,35);J5:[6,45)","J4","1","J4","1","1.0","J4","1","1.0","J3","1","1.0","J1","1","1.0"
"overlapping-66","40502026","overlapping","7","J0:[0,41);J1:[5,39);J2:[6,50);J3:[1,39);J4:[5,39);J5:[8,30);J6:[8,47)","J0","1","J5","1","1.0","J0","1","1.0","J5","1","1.0","J6","1","1.0"
"overlapping-67","40502026","overlapping","5","J0:[10,32);J1:[5,37);J2:[2,31);J3:[0,48);J4:[7,39)","J3","1","J2","1","1.0","J3","1","1.0","J0","1","1.0","J0","1","1.0"
"overlapping-68","40502026","overlapping","8","J0:[9,36);J1:[7,31);J2:[6,42);J3:[3,33);J4:[0,32);J5:[5,44);J6:[6,39);J7:[2,48)","J4","1","J1","1","1.0","J4","1","1.0","J1","1","1.0","J0","1","1.0"
"overlapping-69","40502026","overlapping","6","J0:[2,43);J1:[9,44);J2:[0,48);J3:[5,36);J4:[8,30);J5:[9,47)","J2","1","J4","1","1.0","J2","1","1.0","J4","1","1.0","J5","1","1.0"
"overlapping-70","40502026","overlapping","5","J0:[0,46);J1:[4,45);J2:[3,44);J3:[6,35);J4:[7,34)","J0","1","J4","1","1.0","J0","1","1.0","J4","1","1.0","J4","1","1.0"
"overlapping-71","40502026","overlapping","5","J0:[9,46);J1:[1,47);J2:[3,42);J3:[3,50);J4:[1,48)","J1","1","J2","1","1.0","J1","1","1.0","J0","1","1.0","J0","1","1.0"
"overlapping-72","40502026","overlapping","10","J0:[9,35);J1:[6,50);J2:[10,39);J3:[9,44);J4:[4,30);J5:[10,44);J6:[6,47);J7:[3,41);J8:[5,46);J9:[0,43)","J9","1","J4","1","1.0","J9","1","1.0","J4","1","1.0","J5","1","1.0"
"overlapping-73","40502026","overlapping","10","J0:[8,42);J1:[7,46);J2:[4,31);J3:[8,45);J4:[0,50);J5:[1,32);J6:[9,31);J7:[0,33);J8:[3,42);J9:[5,40)","J7","1","J2","1","1.0","J7","1","1.0","J6","1","1.0","J6","1","1.0"
"overlapping-74","40502026","overlapping","11","J0:[5,42);J1:[2,49);J2:[4,36);J3:[5,49);J4:[10,45);J5:[3,33);J6:[1,49);J7:[3,46);J8:[8,33);J9:[7,35);J10:[6,40)","J6","1","J5","1","1.0","J6","1","1.0","J8","1","1.0","J4","1","1.0"
"overlapping-75","40502026","overlapping","12","J0:[1,49);J1:[0,44);J2:[10,45);J3:[1,48);J4:[5,44);J5:[8,38);J6:[3,41);J7:[1,47);J8:[0,41);J9:[5,41);J10:[0,49);J11:[10,33)","J8","1","J11","1","1.0","J8","1","1.0","J11","1","1.0","J2","1","1.0"
"overlapping-76","40502026","overlapping","11","J0:[2,40);J1:[2,48);J2:[7,31);J3:[3,37);J4:[8,48);J5:[4,48);J6:[2,43);J7:[9,40);J8:[7,31);J9:[2,48);J10:[0,44)","J10","1","J2","1","1.0","J10","1","1.0","J2","1","1.0","J7","1","1.0"
"overlapping-77","40502026","overlapping","12","J0:[5,46);J1:[3,39);J2:[7,36);J3:[6,46);J4:[1,49);J5:[8,36);J6:[2,40);J7:[2,44);J8:[1,40);J9:[8,32);J10:[6,32);J11:[0,38)","J11","1","J10","1","1.0","J11","1","1.0","J9","1","1.0","J5","1","1.0"
"overlapping-78","40502026","overlapping","10","J0:[1,47);J1:[6,43);J2:[2,39);J3:[2,44);J4:[8,31);J5:[7,49);J6:[7,30);J7:[10,37);J8:[10,46);J9:[2,42)","J0","1","J6","1","1.0","J0","1","1.0","J6","1","1.0","J8","1","1.0"
"overlapping-79","40502026","overlapping","11","J0:[7,35);J1:[0,30);J2:[1,41);J3:[9,46);J4:[7,45);J5:[6,40);J6:[1,36);J7:[3,34);J8:[0,46);J9:[2,34);J10:[1,47)","J1","1","J1","1","1.0","J1","1","1.0","J0","1","1.0","J3","1","1.0"
"overlapping-80","40502026","overlapping","12","J0:[7,39);J1:[8,37);J2:[0,34);J3:[1,49);J4:[6,43);J5:[2,37);J6:[2,33);J7:[3,39);J8:[5,34);J9:[10,31);J10:[10,40);J11:[1,33)","J2","1","J9","1","1.0","J2","1","1.0","J9","1","1.0","J10","1","1.0"
"overlapping-81","40502026","overlapping","9","J0:[5,34);J1:[1,50);J2:[8,33);J3:[8,39);J4:[3,50);J5:[5,43);J6:[0,31);J7:[2,44);J8:[2,44)","J6","1","J6","1","1.0","J6","1","1.0","J2","1","1.0","J3","1","1.0"
"overlapping-82","40502026","overlapping","11","J0:[8,33);J1:[5,40);J2:[5,41);J3:[6,50);J4:[5,50);J5:[2,49);J6:[6,32);J7:[4,45);J8:[1,30);J9:[9,43);J10:[4,48)","J8","1","J8","1","1.0","J8","1","1.0","J0","1","1.0","J9","1","1.0"
"overlapping-83","40502026","overlapping","12","J0:[7,34);J1:[5,50);J2:[6,42);J3:[5,46);J4:[10,50);J5:[10,46);J6:[7,40);J7:[0,38);J8:[7,32);J9:[4,47);J10:[4,39);J11:[2,41)","J7","1","J8","1","1.0","J7","1","1.0","J8","1","1.0","J4","1","1.0"
"overlapping-84","40502026","overlapping","9","J0:[9,45);J1:[3,31);J2:[9,37);J3:[3,48);J4:[6,46);J5:[2,41);J6:[4,50);J7:[9,33);J8:[2,45)","J5","1","J1","1","1.0","J5","1","1.0","J7","1","1.0","J0","1","1.0"
"overlapping-85","40502026","overlapping","7","J0:[2,39);J1:[10,33);J2:[2,33);J3:[9,35);J4:[4,36);J5:[8,49);J6:[6,36)","J2","1","J2","1","1.0","J2","1","1.0","J1","1","1.0","J1","1","1.0"
"overlapping-86","40502026","overlapping","7","J0:[4,37);J1:[0,30);J2:[4,43);J3:[0,35);J4:[1,44);J5:[6,36);J6:[5,30)","J1","1","J1","1","1.0","J1","1","1.0","J6","1","1.0","J5","1","1.0"
"overlapping-87","40502026","overlapping","8","J0:[10,49);J1:[5,33);J2:[9,34);J3:[5,30);J4:[6,32);J5:[7,41);J6:[4,38);J7:[9,44)","J6","1","J3","1","1.0","J6","1","1.0","J3","1","1.0","J0","1","1.0"
"overlapping-88","40502026","overlapping","10","J0:[5,40);J1:[6,49);J2:[0,44);J3:[10,40);J4:[10,30);J5:[5,49);J6:[9,41);J7:[5,31);J8:[10,41);J9:[4,39)","J2","1","J4","1","1.0","J2","1","1.0","J4","1","1.0","J8","1","1.0"
"overlapping-89","40502026","overlapping","10","J0:[2,44);J1:[3,34);J2:[6,37);J3:[2,36);J4:[4,35);J5:[1,49);J6:[5,30);J7:[10,45);J8:[4,44);J9:[5,43)","J5","1","J6","1","1.0","J5","1","1.0","J6","1","1.0","J7","1","1.0"
"overlapping-90","40502026","overlapping","6","J0:[4,37);J1:[4,42);J2:[6,30);J3:[3,44);J4:[2,32);J5:[7,49)","J4","1","J2","1","1.0","J4","1","1.0","J2","1","1.0","J5","1","1.0"
"overlapping-91","40502026","overlapping","12","J0:[5,47);J1:[3,36);J2:[8,31);J3:[2,43);J4:[8,48);J5:[5,44);J6:[9,48);J7:[8,32);J8:[10,50);J9:[4,41);J10:[2,33);J11:[8,41)","J10","1","J2","1","1.0","J10","1","1.0","J2","1","1.0","J8","1","1.0"
"overlapping-92","40502026","overlapping","5","J0:[1,50);J1:[7,32);J2:[6,35);J3:[7,45);J4:[7,43)","J0","1","J1","1","1.0","J0","1","1.0","J1","1","1.0","J3","1","1.0"
"overlapping-93","40502026","overlapping","11","J0:[4,37);J1:[3,33);J2:[3,46);J3:[9,34);J4:[7,40);J5:[1,35);J6:[4,35);J7:[10,31);J8:[3,47);J9:[8,37);J10:[2,46)","J5","1","J7","1","1.0","J5","1","1.0","J7","1","1.0","J7","1","1.0"
"overlapping-94","40502026","overlapping","12","J0:[6,44);J1:[10,39);J2:[10,30);J3:[6,35);J4:[3,45);J5:[7,32);J6:[1,48);J7:[0,47);J8:[7,39);J9:[0,31);J10:[3,30);J11:[0,37)","J9","1","J10","1","1.0","J9","1","1.0","J2","1","1.0","J1","1","1.0"
"overlapping-95","40502026","overlapping","7","J0:[3,37);J1:[5,39);J2:[1,45);J3:[7,31);J4:[2,38);J5:[4,48);J6:[6,35)","J2","1","J3","1","1.0","J2","1","1.0","J3","1","1.0","J3","1","1.0"
"overlapping-96","40502026","overlapping","9","J0:[6,37);J1:[4,38);J2:[7,30);J3:[6,47);J4:[10,45);J5:[4,41);J6:[8,33);J7:[3,46);J8:[0,34)","J8","1","J2","1","1.0","J8","1","1.0","J2","1","1.0","J4","1","1.0"
"overlapping-97","40502026","overlapping","5","J0:[8,50);J1:[3,36);J2:[1,36);J3:[10,31);J4:[3,38)","J2","1","J3","1","1.0","J2","1","1.0","J3","1","1.0","J3","1","1.0"
"overlapping-98","40502026","overlapping","7","J0:[10,43);J1:[3,33);J2:[2,43);J3:[2,35);J4:[1,43);J5:[8,39);J6:[9,48)","J4","1","J1","1","1.0","J4","1","1.0","J1","1","1.0","J0","1","1.0"
"overlapping-99","40502026","overlapping","9","J0:[7,43);J1:[0,31);J2:[4,49);J3:[10,30);J4:[5,44);J5:[0,45);J6:[3,39);J7:[10,47);J8:[3,44)","J1","1","J3","1","1.0","J1","1","1.0","J3","1","1.0","J7","1","1.0"
"overlapping-100","40502026","overlapping","5","J0:[8,47);J1:[1,47);J2:[1,45);J3:[1,45);J4:[0,47)","J4","1","J2","1","1.0","J4","1","1.0","J0","1","1.0","J0","1","1.0"
"overlapping-101","40502026","overlapping","5","J0:[6,50);J1:[10,39);J2:[5,44);J3:[4,37);J4:[0,42)","J4","1","J3","1","1.0","J4","1","1.0","J1","1","1.0","J1","1","1.0"
"overlapping-102","40502026","overlapping","8","J0:[6,35);J1:[7,41);J2:[7,33);J3:[2,38);J4:[10,42);J5:[9,43);J6:[6,34);J7:[5,42)","J3","1","J2","1","1.0","J3","1","1.0","J2","1","1.0","J4","1","1.0"
"overlapping-103","40502026","overlapping","8","J0:[0,39);J1:[4,37);J2:[9,46);J3:[8,42);J4:[6,48);J5:[0,50);J6:[8,50);J7:[1,35)","J0","1","J7","1","1.0","J0","1","1.0","J1","1","1.0","J2","1","1.0"
"overlapping-104","40502026","overlapping","7","J0:[0,43);J1:[5,44);J2:[4,48);J3:[10,43);J4:[5,49);J5:[6,31);J6:[5,45)","J0","1","J5","1","1.0","J0","1","1.0","J5","1","1.0","J3","1","1.0"
"overlapping-105","40502026","overlapping","9","J0:[3,42);J1:[10,35);J2:[8,32);J3:[10,44);J4:[4,39);J5:[6,44);J6:[3,44);J7:[5,45);J8:[8,34)","J0","1","J2","1","1.0","J0","1","1.0","J2","1","1.0","J3","1","1.0"
"overlapping-106","40502026","overlapping","6","J0:[10,39);J1:[8,38);J2:[10,35);J3:[7,34);J4:[2,44);J5:[3,32)","J4","1","J5","1","1.0","J4","1","1.0","J2","1","1.0","J0","1","1.0"
"overlapping-107","40502026","overlapping","6","J0:[9,40);J1:[10,50);J2:[4,43);J3:[3,49);J4:[5,44);J5:[0,43)","J5","1","J0","1","1.0","J5","1","1.0","J0","1","1.0","J1","1","1.0"
"overlapping-108","40502026","overlapping","8","J0:[0,45);J1:[4,45);J2:[8,46);J3:[3,46);J4:[1,46);J5:[5,37);J6:[3,38);J7:[2,39)","J0","1","J5","1","1.0","J0","1","1.0","J5","1","1.0","J2","1","1.0"
"overlapping-109","40502026","overlapping","12","J0:[9,43);J1:[2,44);J2:[2,39);J3:[5,39);J4:[3,45);J5:[7,43);J6:[8,49);J7:[2,32);J8:[10,34);J9:[2,50);J10:[7,47);J11:[10,38)","J7","1","J7","1","1.0","J7","1","1.0","J8","1","1.0","J11","1","1.0"
"overlapping-110","40502026","overlapping","9","J0:[4,38);J1:[5,50);J2:[3,45);J3:[3,32);J4:[1,34);J5:[3,30);J6:[10,50);J7:[10,42);J8:[8,48)","J4","1","J5","1","1.0","J4","1","1.0","J5","1","1.0","J6","1","1.0"
"overlapping-111","40502026","overlapping","10","J0:[6,43);J1:[4,33);J2:[0,33);J3:[3,34);J4:[1,32);J5:[4,38);J6:[2,48);J7:[3,41);J8:[3,42);J9:[8,32)","J2","1","J4","1","1.0","J2","1","1.0","J9","1","1.0","J9","1","1.0"
"overlapping-112","40502026","overlapping","5","J0:[5,30);J1:[3,30);J2:[2,47);J3:[10,48);J4:[8,30)","J2","1","J1","1","1.0","J2","1","1.0","J4","1","1.0","J3","1","1.0"
"overlapping-113","40502026","overlapping","9","J0:[9,50);J1:[2,32);J2:[3,47);J3:[10,43);J4:[10,50);J5:[10,40);J6:[9,35);J7:[9,45);J8:[3,40)","J1","1","J1","1","1.0","J1","1","1.0","J6","1","1.0","J4","1","1.0"
"overlapping-114","40502026","overlapping","6","J0:[3,49);J1:[2,47);J2:[8,49);J3:[1,34);J4:[0,36);J5:[1,41)","J4","1","J3","1","1.0","J4","1","1.0","J3","1","1.0","J2","1","1.0"
"overlapping-115","40502026","overlapping","5","J0:[1,40);J1:[8,39);J2:[10,31);J3:[6,40);J4:[5,36)","J0","1","J2","1","1.0","J0","1","1.0","J2","1","1.0","J2","1","1.0"
"overlapping-116","40502026","overlapping","9","J0:[3,48);J1:[1,39);J2:[0,32);J3:[5,37);J4:[1,36);J5:[2,36);J6:[10,37);J7:[3,44);J8:[1,39)","J2","1","J2","1","1.0","J2","1","1.0","J6","1","1.0","J6","1","1.0"
"overlapping-117","40502026","overlapping","5","J0:[9,38);J1:[5,36);J2:[6,49);J3:[7,45);J4:[5,35)","J4","1","J4","1","1.0","J4","1","1.0","J0","1","1.0","J0","1","1.0"
"overlapping-118","40502026","overlapping","7","J0:[2,44);J1:[0,41);J2:[9,42);J3:[6,44);J4:[10,47);J5:[8,38);J6:[9,35)","J1","1","J6","1","1.0","J1","1","1.0","J6","1","1.0","J4","1","1.0"
"overlapping-119","40502026","overlapping","7","J0:[0,43);J1:[8,40);J2:[2,37);J3:[9,35);J4:[0,42);J5:[5,47);J6:[0,48)","J4","1","J3","1","1.0","J4","1","1.0","J3","1","1.0","J3","1","1.0"
"overlapping-120","40502026","overlapping","10","J0:[8,38);J1:[8,47);J2:[1,45);J3:[8,37);J4:[5,46);J5:[5,47);J6:[1,50);J7:[5,32);J8:[8,49);J9:[8,49)","J2","1","J7","1","1.0","J2","1","1.0","J7","1","1.0","J8","1","1.0"
"overlapping-121","40502026","overlapping","9","J0:[5,49);J1:[8,42);J2:[7,31);J3:[3,36);J4:[3,47);J5:[9,49);J6:[3,37);J7:[8,50);J8:[10,46)","J3","1","J2","1","1.0","J3","1","1.0","J2","1","1.0","J8","1","1.0"
"overlapping-122","40502026","overlapping","6","J0:[4,36);J1:[8,31);J2:[9,40);J3:[9,31);J4:[0,31);J5:[5,49)","J4","1","J4","1","1.0","J4","1","1.0","J3","1","1.0","J2","1","1.0"
"overlapping-123","40502026","overlapping","8","J0:[5,47);J1:[2,43);J2:[8,35);J3:[8,49);J4:[7,38);J5:[10,30);J6:[2,49);J7:[0,33)","J7","1","J5","1","1.0","J7","1","1.0","J5","1","1.0","J5","1","1.0"
"overlapping-124","40502026","overlapping","12","J0:[1,46);J1:[6,49);J2:[7,32);J3:[1,30);J4:[1,33);J5:[0,36);J6:[7,42);J7:[5,37);J8:[3,43);J9:[3,35);J10:[8,46);J11:[10,45)","J5","1","J3","1","1.0","J5","1","1.0","J2","1","1.0","J11","1","1.0"
"varied-0","40502026","varied","9","J0:[8,19);J1:[25,35);J2:[27,52);J3:[17,46);J4:[14,31);J5:[1,31);J6:[30,39);J7:[21,46);J8:[37,38)","J0;J1;J8","3","J0;J1;J8","3","1.0","J5;J8","2","0.6666666666666666","J8;J1;J0","3","1.0","J0;J1;J8","3","1.0"
"varied-1","40502026","varied","9","J0:[8,26);J1:[16,28);J2:[40,53);J3:[18,24);J4:[31,60);J5:[25,34);J6:[3,8);J7:[15,31);J8:[28,32)","J6;J0;J8;J2","4","J6;J3;J8;J2","4","1.0","J6;J0;J8;J2","4","1.0","J8;J6;J3;J2","4","1.0","J6;J3;J8;J2","4","1.0"
"varied-2","40502026","varied","12","J0:[17,29);J1:[39,52);J2:[9,10);J3:[24,53);J4:[28,55);J5:[11,33);J6:[37,66);J7:[23,26);J8:[36,53);J9:[11,30);J10:[35,63);J11:[0,5)","J11;J2;J9;J10","4","J11;J2;J7;J1","4","1.0","J11;J2;J9;J10","4","1.0","J2;J7;J11;J1","4","1.0","J11;J2;J7;J1","4","1.0"
"varied-3","40502026","varied","7","J0:[1,8);J1:[17,35);J2:[18,29);J3:[37,59);J4:[23,41);J5:[16,21);J6:[9,25)","J0;J6;J3","3","J0;J5;J4","3","1.0","J0;J6;J3","3","1.0","J5;J0;J4","3","1.0","J0;J2;J3","3","1.0"
"varied-4","40502026","varied","8","J0:[0,11);J1:[27,50);J2:[25,40);J3:[28,39);J4:[0,25);J5:[9,34);J6:[37,46);J7:[24,36)","J0;J7;J6","3","J0;J7;J6","3","1.0","J0;J7;J6","3","1.0","J6;J0;J7","3","1.0","J0;J7;J6","3","1.0"
"varied-5","40502026","varied","12","J0:[16,23);J1:[13,27);J2:[9,21);J3:[1,18);J4:[23,27);J5:[1,18);J6:[24,42);J7:[8,20);J8:[6,19);J9:[21,40);J10:[11,26);J11:[15,42)","J3;J9","2","J3;J4","2","1.0","J3;J9","2","1.0","J4;J0","2","1.0","J0;J6","2","1.0"
"varied-6","40502026","varied","9","J0:[32,35);J1:[10,33);J2:[28,47);J3:[35,36);J4:[12,39);J5:[6,34);J6:[25,53);J7:[11,14);J8:[35,49)","J7;J0;J3","3","J7;J0;J3","3","1.0","J5;J3","2","0.6666666666666666","J3;J7;J0","3","1.0","J7;J0;J8","3","1.0"
"varied-7","40502026","varied","7","J0:[28,40);J1:[24,46);J2:[22,31);J3:[40,59);J4:[9,38);J5:[16,25);J6:[36,43)","J5;J0;J3","3","J5;J0;J3","3","1.0","J4;J3","2","0.6666666666666666","J6;J5","2","0.6666666666666666","J5;J0;J3","3","1.0"
"varied-8","40502026","varied","11","J0:[2,13);J1:[5,25);J2:[5,16);J3:[33,45);J4:[27,56);J5:[20,41);J6:[29,32);J7:[8,13);J8:[17,41);J9:[21,43);J10:[35,42)","J0;J6;J3","3","J0;J6;J10","3","1.0","J0;J8","2","0.6666666666666666","J6;J7;J10","3","1.0","J7;J6;J10","3","1.0"
"varied-9","40502026","varied","5","J0:[7,16);J1:[25,36);J2:[15,32);J3:[2,17);J4:[40,62)","J3;J1;J4","3","J0;J1;J4","3","1.0","J3;J1;J4","3","1.0","J0;J1;J4","3","1.0","J0;J1;J4","3","1.0"
"varied-10","40502026","varied","12","J0:[28,41);J1:[12,13);J2:[17,45);J3:[9,18);J4:[31,33);J5:[4,16);J6:[34,49);J7:[14,16);J8:[18,31);J9:[14,24);J10:[25,30);J11:[37,52)","J1;J7;J8;J4;J6","5","J1;J7;J10;J4;J6","5","1.0","J5;J2","2","0.4","J1;J7;J4;J10;J6","5","1.0","J1;J9;J10;J4;J11","5","1.0"
"varied-11","40502026","varied","7","J0:[10,23);J1:[14,32);J2:[20,50);J3:[26,36);J4:[19,33);J5:[23,31);J6:[31,43)","J0;J5;J6","3","J0;J5;J6","3","1.0","J0;J5;J6","3","1.0","J5;J6;J0","3","1.0","J0;J5;J6","3","1.0"
"varied-12","40502026","varied","7","J0:[13,36);J1:[21,22);J2:[23,34);J3:[20,42);J4:[18,41);J5:[38,61);J6:[13,37)","J1;J2;J5","3","J1;J2;J5","3","1.0","J0;J5","2","0.6666666666666666","J1;J2;J5","3","1.0","J1;J2;J5","3","1.0"
"varied-13","40502026","varied","9","J0:[36,44);J1:[24,35);J2:[28,46);J3:[16,36);J4:[1,6);J5:[38,43);J6:[3,29);J7:[38,51);J8:[17,28)","J4;J3;J0","3","J4;J8;J5","3","1.0","J4;J3;J0","3","1.0","J4;J5;J8","3","1.0","J4;J1;J7","3","1.0"
"varied-14","40502026","varied","11","J0:[22,45);J1:[2,20);J2:[17,29);J3:[37,56);J4:[25,40);J5:[5,20);J6:[4,8);J7:[20,42);J8:[2,20);J9:[30,55);J10:[11,24)","J6;J10;J4","3","J6;J10;J4","3","1.0","J1;J7","2","0.6666666666666666","J6;J2;J3","3","1.0","J6;J2;J3","3","1.0"
"varied-15","40502026","varied","11","J0:[36,42);J1:[11,38);J2:[38,41);J3:[26,48);J4:[1,19);J5:[26,31);J6:[9,32);J7:[37,44);J8:[38,48);J9:[2,13);J10:[37,42)","J4;J5;J0","3","J9;J5;J2","3","1.0","J4;J5;J0","3","1.0","J2;J5;J9","3","1.0","J9;J5;J8","3","1.0"
"varied-16","40502026","varied","11","J0:[32,34);J1:[6,31);J2:[40,45);J3:[1,16);J4:[14,24);J5:[7,32);J6:[38,44);J7:[39,43);J8:[15,37);J9:[4,19);J10:[29,37)","J3;J10;J6","3","J3;J0;J7","3","1.0","J3;J10;J6","3","1.0","J0;J7;J4","3","1.0","J4;J0;J2","3","1.0"
"varied-17","40502026","varied","10","J0:[36,62);J1:[10,30);J2:[37,43);J3:[34,54);J4:[35,44);J5:[24,47);J6:[25,53);J7:[28,34);J8:[30,55);J9:[16,24)","J9;J7;J3","3","J9;J7;J2","3","1.0","J1;J8","2","0.6666666666666666","J7;J2;J9","3","1.0","J9;J7;J2","3","1.0"
"varied-18","40502026","varied","5","J0:[22,28);J1:[34,52);J2:[15,24);J3:[24,27);J4:[14,29)","J2;J3;J1","3","J2;J3;J1","3","1.0","J4;J1","2","0.6666666666666666","J3;J2;J1","3","1.0","J2;J3;J1","3","1.0"
"varied-19","40502026","varied","10","J0:[22,28);J1:[34,59);J2:[34,40);J3:[17,31);J4:[25,27);J5:[30,40);J6:[4,18);J7:[12,35);J8:[8,28);J9:[7,35)","J6;J0;J5","3","J6;J4;J5","3","1.0","J6;J0;J5","3","1.0","J4;J2;J6","3","1.0","J6;J4;J1","3","1.0"
"varied-20","40502026","varied","11","J0:[14,15);J1:[30,38);J2:[23,29);J3:[6,36);J4:[20,38);J5:[9,27);J6:[23,25);J7:[26,29);J8:[36,51);J9:[19,26);J10:[16,40)","J0;J9;J7;J1","4","J0;J6;J7;J1","4","1.0","J3;J8","2","0.5","J0;J6;J7;J1","4","1.0","J0;J6;J7;J8","4","1.0"
"varied-21","40502026","varied","5","J0:[17,19);J1:[24,27);J2:[15,23);J3:[32,55);J4:[25,31)","J2;J1;J3","3","J0;J1;J3","3","1.0","J2;J1;J3","3","1.0","J0;J1;J3","3","1.0","J0;J4;J3","3","1.0"
"varied-22","40502026","varied","11","J0:[40,55);J1:[29,37);J2:[2,26);J3:[11,28);J4:[7,34);J5:[16,30);J6:[28,38);J7:[37,43);J8:[31,36);J9:[15,40);J10:[19,20)","J2;J6;J0","3","J10;J8;J7","3","1.0","J2;J6;J0","3","1.0","J10;J8;J7","3","1.0","J10;J8;J0","3","1.0"
"varied-23","40502026","varied","8","J0:[38,46);J1:[12,19);J2:[2,21);J3:[21,39);J4:[19,30);J5:[19,31);J6:[20,34);J7:[21,35)","J2;J7;J0","3","J1;J4;J0","3","1.0","J2;J7;J0","3","1.0","J1;J0;J4","3","1.0","J1;J7;J0","3","1.0"
"varied-24","40502026","varied","6","J0:[30,49);J1:[8,38);J2:[3,24);J3:[9,11);J4:[12,42);J5:[37,47)","J2;J0","2","J3;J4","2","1.0","J2;J0","2","1.0","J3;J5","2","1.0","J3;J5","2","1.0"
"varied-25","40502026","varied","5","J0:[16,46);J1:[27,33);J2:[16,37);J3:[27,43);J4:[8,27)","J4;J1","2","J4;J1","2","1.0","J4;J1","2","1.0","J1;J4","2","1.0","J4;J3","2","1.0"
"varied-26","40502026","varied","9","J0:[13,15);J1:[11,31);J2:[15,30);J3:[8,12);J4:[38,61);J5:[17,43);J6:[12,23);J7:[37,46);J8:[3,29)","J3;J0;J2;J7","4","J3;J0;J2;J7","4","1.0","J8;J7","2","0.5","J0;J3;J7;J2","4","1.0","J3;J0;J2;J4","4","1.0"
"varied-27","40502026","varied","12","J0:[10,39);J1:[30,58);J2:[13,16);J3:[4,14);J4:[37,64);J5:[38,45);J6:[30,44);J7:[32,60);J8:[15,16);J9:[38,46);J10:[34,38);J11:[29,41)","J3;J8;J10;J5","4","J3;J8;J10;J5","4","1.0","J3;J8;J11","3","0.75","J8;J10;J5;J3","4","1.0","J3;J8;J10;J9","4","1.0"
"varied-28","40502026","varied","11","J0:[20,42);J1:[5,15);J2:[39,41);J3:[32,39);J4:[1,29);J5:[21,26);J6:[15,28);J7:[14,22);J8:[25,55);J9:[26,28);J10:[9,21)","J1;J5;J9;J3;J2","5","J1;J5;J9;J3;J2","5","1.0","J4;J3;J2","3","0.6","J9;J2;J5;J3;J1","5","1.0","J10;J5;J9;J3;J2","5","1.0"
"varied-29","40502026","varied","10","J0:[25,30);J1:[25,45);J2:[21,43);J3:[25,27);J4:[1,28);J5:[36,49);J6:[22,44);J7:[25,39);J8:[15,25);J9:[37,46)","J8;J3;J5","3","J8;J3;J9","3","1.0","J4;J5","2","0.6666666666666666","J3;J9;J8","3","1.0","J8;J0;J9","3","1.0"
"varied-30","40502026","varied","8","J0:[39,61);J1:[20,46);J2:[17,41);J3:[25,54);J4:[22,27);J5:[4,12);J6:[1,20);J7:[37,65)","J6;J4;J7","3","J5;J4;J0","3","1.0","J6;J1","2","0.6666666666666666","J4;J5;J0","3","1.0","J5;J4;J0","3","1.0"
"varied-31","40502026","varied","6","J0:[40,65);J1:[9,15);J2:[33,49);J3:[23,39);J4:[3,6);J5:[0,27)","J4;J1;J3;J0","4","J4;J1;J3;J0","4","1.0","J5;J2","2","0.5","J4;J1;J3;J0","4","1.0","J4;J1;J3;J0","4","1.0"
"varied-32","40502026","varied","12","J0:[19,29);J1:[33,54);J2:[23,26);J3:[30,46);J4:[23,29);J5:[11,12);J6:[33,50);J7:[10,35);J8:[33,50);J9:[36,58);J10:[40,60);J11:[10,19)","J11;J0;J3","3","J5;J2;J3","3","1.0","J11;J0;J3","3","1.0","J5;J2;J3","3","1.0","J5;J4;J10","3","1.0"
"varied-33","40502026","varied","9","J0:[29,46);J1:[39,68);J2:[26,45);J3:[20,41);J4:[2,25);J5:[36,55);J6:[17,30);J7:[13,43);J8:[1,6)","J8;J6;J5","3","J8;J6;J5","3","1.0","J8;J7","2","0.6666666666666666","J8;J6;J5","3","1.0","J8;J6;J1","3","1.0"
"varied-34","40502026","varied","8","J0:[17,19);J1:[34,47);J2:[6,30);J3:[14,23);J4:[6,27);J5:[38,46);J6:[27,34);J7:[11,15)","J7;J0;J6;J1","4","J7;J0;J6;J5","4","1.0","J4;J6;J1","3","0.75","J0;J7;J6;J5","4","1.0","J7;J0;J6;J5","4","1.0"
"varied-35","40502026","varied","11","J0:[28,57);J1:[38,42);J2:[9,19);J3:[2,19);J4:[13,27);J5:[7,26);J6:[28,40);J7:[14,34);J8:[39,69);J9:[17,18);J10:[0,22)","J10;J6","2","J9;J6","2","1.0","J10;J6","2","1.0","J9;J1","2","1.0","J9;J8","2","1.0"
"varied-36","40502026","varied","9","J0:[13,30);J1:[3,18);J2:[20,22);J3:[24,43);J4:[11,36);J5:[36,66);J6:[30,60);J7:[27,44);J8:[6,34)","J1;J2;J3","3","J1;J2;J3","3","1.0","J1;J2;J3","3","1.0","J2;J1;J7","3","1.0","J1;J2;J5","3","1.0"
"varied-37","40502026","varied","7","J0:[10,29);J1:[2,24);J2:[3,15);J3:[13,21);J4:[0,5);J5:[6,28);J6:[8,27)","J4;J5","2","J4;J3","2","1.0","J4;J5","2","1.0","J4;J3","2","1.0","J4;J3","2","1.0"
"varied-38","40502026","varied","8","J0:[39,63);J1:[5,23);J2:[14,28);J3:[6,20);J4:[18,21);J5:[33,37);J6:[19,36);J7:[16,19)","J1;J5;J0","3","J7;J6;J0","3","1.0","J1;J5;J0","3","1.0","J7;J5;J0","3","1.0","J4;J5;J0","3","1.0"
"varied-39","40502026","varied","5","J0:[25,46);J1:[23,35);J2:[2,16);J3:[2,16);J4:[24,30)","J2;J1","2","J2;J4","2","1.0","J2;J1","2","1.0","J4;J2","2","1.0","J2;J0","2","1.0"
"varied-40","40502026","varied","10","J0:[8,32);J1:[14,32);J2:[11,19);J3:[26,54);J4:[11,27);J5:[3,14);J6:[24,51);J7:[4,33);J8:[30,46);J9:[9,14)","J5;J1","2","J5;J1","2","1.0","J5;J1","2","1.0","J9;J8","2","1.0","J4;J8","2","1.0"
"varied-41","40502026","varied","6","J0:[23,37);J1:[8,24);J2:[10,16);J3:[27,47);J4:[20,22);J5:[4,22)","J2;J4;J0","3","J2;J4;J0","3","1.0","J5;J0","2","0.6666666666666666","J4;J2;J0","3","1.0","J2;J4;J3","3","1.0"
"varied-42","40502026","varied","12","J0:[38,45);J1:[2,16);J2:[0,25);J3:[0,3);J4:[32,54);J5:[16,21);J6:[21,37);J7:[8,20);J8:[2,24);J9:[37,40);J10:[28,54);J11:[8,12)","J3;J11;J5;J6;J9","5","J3;J11;J5;J6;J9","5","1.0","J3;J11;J5;J6;J9","5","1.0","J3;J9;J11;J5;J6","5","1.0","J3;J11;J5;J6;J0","5","1.0"
"varied-43","40502026","varied","6","J0:[37,57);J1:[16,18);J2:[40,42);J3:[35,41);J4:[5,32);J5:[34,52)","J4;J5","2","J1;J3","2","1.0","J4;J5","2","1.0","J1;J2","2","1.0","J1;J2","2","1.0"
"varied-44","40502026","varied","8","J0:[6,34);J1:[40,47);J2:[0,10);J3:[25,55);J4:[12,27);J5:[31,55);J6:[30,51);J7:[17,34)","J2;J4;J6","3","J2;J4;J1","3","1.0","J2;J4;J6","3","1.0","J1;J2;J4","3","1.0","J2;J7;J1","3","1.0"
"varied-45","40502026","varied","11","J0:[38,63);J1:[6,33);J2:[35,52);J3:[1,5);J4:[30,60);J5:[24,54);J6:[11,29);J7:[29,59);J8:[34,41);J9:[35,58);J10:[12,37)","J3;J1;J8","3","J3;J6;J8","3","1.0","J3;J1;J8","3","1.0","J3;J8;J6","3","1.0","J3;J10;J0","3","1.0"
"varied-46","40502026","varied","9","J0:[7,33);J1:[13,31);J2:[13,38);J3:[34,41);J4:[5,22);J5:[28,33);J6:[30,40);J7:[34,41);J8:[7,17)","J4;J5;J3","3","J8;J5;J3","3","1.0","J4;J5;J3","3","1.0","J5;J3;J8","3","1.0","J8;J5;J3","3","1.0"
"varied-47","40502026","varied","12","J0:[37,53);J1:[3,16);J2:[14,44);J3:[31,57);J4:[9,14);J5:[16,23);J6:[1,4);J7:[28,53);J8:[28,54);J9:[22,52);J10:[32,61);J11:[16,45)","J6;J4;J5;J7","4","J6;J4;J5;J7","4","1.0","J6;J4;J2","3","0.75","J6;J4;J5;J0","4","1.0","J6;J4;J5;J0","4","1.0"
"varied-48","40502026","varied","7","J0:[11,25);J1:[21,37);J2:[23,36);J3:[17,25);J4:[20,47);J5:[39,49);J6:[22,45)","J0;J5","2","J0;J5","2","1.0","J0;J5","2","1.0","J3;J5","2","1.0","J2;J5","2","1.0"
"varied-49","40502026","varied","5","J0:[21,26);J1:[34,39);J2:[17,38);J3:[7,20);J4:[23,47)","J3;J0;J1","3","J3;J0;J1","3","1.0","J3;J0;J1","3","1.0","J0;J1;J3","3","1.0","J3;J0;J1","3","1.0"
"varied-50","40502026","varied","7","J0:[0,29);J1:[24,28);J2:[3,29);J3:[33,48);J4:[0,14);J5:[2,14);J6:[10,40)","J4;J1;J3","3","J4;J1;J3","3","1.0","J4;J1;J3","3","1.0","J1;J5;J3","3","1.0","J5;J1;J3","3","1.0"
"varied-51","40502026","varied","11","J0:[30,34);J1:[35,50);J2:[10,14);J3:[13,35);J4:[26,29);J5:[33,48);J6:[30,49);J7:[34,44);J8:[38,63);J9:[30,55);J10:[3,24)","J10;J4;J0;J7","4","J2;J4;J0;J7","4","1.0","J10;J4;J0;J7","4","1.0","J4;J2;J0;J7","4","1.0","J2;J4;J0;J8","4","1.0"
"varied-52","40502026","varied","9","J0:[27,54);J1:[39,58);J2:[12,15);J3:[21,40);J4:[0,24);J5:[7,18);J6:[16,45);J7:[40,51);J8:[9,36)","J5;J3;J7","3","J2;J3;J7","3","1.0","J4;J0","2","0.6666666666666666","J2;J7;J3","3","1.0","J2;J3;J7","3","1.0"
"varied-53","40502026","varied","9","J0:[13,14);J1:[35,46);J2:[37,55);J3:[12,23);J4:[20,35);J5:[13,30);J6:[29,44);J7:[40,70);J8:[37,64)","J0;J4;J1","3","J0;J4;J1","3","1.0","J3;J6","2","0.6666666666666666","J0;J1;J4","3","1.0","J0;J4;J7","3","1.0"
"varied-54","40502026","varied","11","J0:[26,42);J1:[17,40);J2:[34,63);J3:[22,46);J4:[20,32);J5:[34,44);J6:[33,47);J7:[8,9);J8:[23,46);J9:[17,31);J10:[37,48)","J7;J9;J6","3","J7;J9;J5","3","1.0","J7;J9;J6","3","1.0","J7;J5;J4","3","1.0","J7;J4;J10","3","1.0"
"varied-55","40502026","varied","9","J0:[28,39);J1:[18,36);J2:[9,12);J3:[8,35);J4:[12,30);J5:[33,43);J6:[12,24);J7:[34,45);J8:[9,37)","J2;J6;J0","3","J2;J6;J0","3","1.0","J3","1","0.3333333333333333","J2;J5;J6","3","1.0","J2;J4;J7","3","1.0"
"varied-56","40502026","varied","9","J0:[13,17);J1:[12,27);J2:[25,28);J3:[18,38);J4:[14,36);J5:[26,43);J6:[9,28);J7:[20,31);J8:[18,43)","J0;J3","2","J0;J2","2","1.0","J6","1","0.5","J2;J0","2","1.0","J0;J5","2","1.0"
"varied-57","40502026","varied","10","J0:[6,24);J1:[19,22);J2:[37,41);J3:[17,36);J4:[39,44);J5:[37,61);J6:[16,33);J7:[40,45);J8:[30,60);J9:[26,42)","J0;J9","2","J1;J2","2","1.0","J0;J9","2","1.0","J1;J2","2","1.0","J1;J7","2","1.0"
"varied-58","40502026","varied","12","J0:[12,30);J1:[18,26);J2:[28,46);J3:[33,55);J4:[6,16);J5:[12,13);J6:[4,20);J7:[13,14);J8:[37,46);J9:[40,56);J10:[40,45);J11:[12,14)","J5;J7;J1;J2","4","J5;J7;J1;J10","4","1.0","J6;J2","2","0.5","J5;J7;J10;J1","4","1.0","J5;J7;J1;J9","4","1.0"
"varied-59","40502026","varied","7","J0:[14,37);J1:[33,58);J2:[0,29);J3:[6,19);J4:[7,34);J5:[7,27);J6:[14,24)","J2;J1","2","J3;J1","2","1.0","J2;J1","2","1.0","J6;J1","2","1.0","J6;J1","2","1.0"
"varied-60","40502026","varied","11","J0:[14,43);J1:[8,27);J2:[34,40);J3:[27,42);J4:[11,17);J5:[24,32);J6:[28,36);J7:[17,30);J8:[4,31);J9:[5,16);J10:[15,40)","J9;J7;J2","3","J9;J7;J2","3","1.0","J8;J2","2","0.6666666666666666","J4;J2;J5","3","1.0","J4;J5;J2","3","1.0"
"varied-61","40502026","varied","11","J0:[38,45);J1:[29,53);J2:[5,15);J3:[22,32);J4:[4,24);J5:[25,38);J6:[0,27);J7:[22,47);J8:[29,37);J9:[4,11);J10:[19,28)","J9;J10;J8;J0","4","J9;J10;J8;J0","4","1.0","J6;J8;J0","3","0.75","J9;J0;J8;J10","4","1.0","J2;J10;J8;J0","4","1.0"
"varied-62","40502026","varied","11","J0:[32,34);J1:[9,33);J2:[12,19);J3:[20,24);J4:[16,42);J5:[8,12);J6:[5,29);J7:[20,22);J8:[1,3);J9:[14,28);J10:[27,34)","J8;J5;J2;J7;J10","5","J8;J5;J2;J7;J10","5","1.0","J8;J6;J0","3","0.6","J8;J7;J0;J5;J2","5","1.0","J8;J5;J2;J3;J0","5","1.0"
"varied-63","40502026","varied","11","J0:[28,32);J1:[20,23);J2:[1,19);J3:[39,50);J4:[39,45);J5:[21,50);J6:[27,54);J7:[30,45);J8:[37,45);J9:[37,62);J10:[30,54)","J2;J1;J0;J8","4","J2;J1;J0;J8","4","1.0","J2;J1;J6","3","0.75","J1;J0;J4;J2","4","1.0","J2;J1;J0;J3","4","1.0"
"varied-64","40502026","varied","9","J0:[20,47);J1:[24,52);J2:[17,23);J3:[35,63);J4:[33,35);J5:[28,45);J6:[1,10);J7:[38,60);J8:[28,29)","J6;J2;J8;J4;J3","5","J6;J2;J8;J4;J7","5","1.0","J6;J2;J1","3","0.6","J8;J4;J2;J6;J7","5","1.0","J6;J2;J8;J4;J7","5","1.0"
"varied-65","40502026","varied","12","J0:[27,37);J1:[29,45);J2:[38,56);J3:[18,41);J4:[19,49);J5:[31,49);J6:[23,30);J7:[15,32);J8:[13,40);J9:[13,19);J10:[39,41);J11:[32,54)","J9;J6;J5","3","J9;J6;J10","3","1.0","J9;J4","2","0.6666666666666666","J10;J9;J6","3","1.0","J9;J0;J10","3","1.0"
"varied-66","40502026","varied","12","J0:[5,18);J1:[6,24);J2:[22,52);J3:[23,52);J4:[32,45);J5:[23,52);J6:[26,43);J7:[23,46);J8:[0,28);J9:[5,15);J10:[18,47);J11:[6,18)","J8;J4","2","J9;J6","2","1.0","J8;J4","2","1.0","J9;J4","2","1.0","J1;J4","2","1.0"
"varied-67","40502026","varied","12","J0:[18,28);J1:[17,26);J2:[1,9);J3:[27,43);J4:[40,42);J5:[34,48);J6:[37,40);J7:[24,35);J8:[14,24);J9:[27,55);J10:[7,27);J11:[34,55)","J2;J8;J7;J6;J4","5","J2;J8;J7;J6;J4","5","1.0","J2;J8;J7;J6;J4","5","1.0","J4;J6;J2;J1","4","0.8","J2;J8;J7;J6;J4","5","1.0"
"varied-68","40502026","varied","5","J0:[16,43);J1:[6,22);J2:[8,10);J3:[7,16);J4:[13,37)","J3;J0","2","J2;J4","2","1.0","J1","1","0.5","J2;J4","2","1.0","J2;J0","2","1.0"
"varied-69","40502026","varied","10","J0:[24,44);J1:[0,1);J2:[31,39);J3:[27,32);J4:[31,51);J5:[21,45);J6:[4,30);J7:[39,44);J8:[15,29);J9:[40,65)","J1;J6;J2;J7","4","J1;J8;J2;J7","4","1.0","J1;J6;J2;J7","4","1.0","J1;J3;J7","3","0.75","J1;J8;J2;J9","4","1.0"
"varied-70","40502026","varied","5","J0:[4,8);J1:[15,21);J2:[22,40);J3:[27,44);J4:[15,26)","J0;J1;J2","3","J0;J1;J2","3","1.0","J0;J1;J2","3","1.0","J0;J1;J3","3","1.0","J0;J4;J3","3","1.0"
"varied-71","40502026","varied","5","J0:[16,39);J1:[34,54);J2:[5,33);J3:[40,53);J4:[36,61)","J2;J1","2","J2;J3","2","1.0","J2;J1","2","1.0","J3;J0","2","1.0","J0;J3","2","1.0"
"varied-72","40502026","varied","6","J0:[14,17);J1:[37,63);J2:[11,18);J3:[37,38);J4:[27,52);J5:[37,64)","J2;J4","2","J0;J3","2","1.0","J2;J4","2","1.0","J3;J0","2","1.0","J0;J5","2","1.0"
"varied-73","40502026","varied","12","J0:[6,20);J1:[7,11);J2:[19,28);J3:[28,46);J4:[15,34);J5:[35,53);J6:[1,27);J7:[10,18);J8:[35,48);J9:[38,39);J10:[1,9);J11:[38,46)","J10;J7;J2;J3","4","J10;J7;J2;J9","4","1.0","J10;J7;J2;J3","4","1.0","J9;J1;J2","3","0.75","J10;J7;J2;J11","4","1.0"
"varied-74","40502026","varied","7","J0:[4,14);J1:[4,14);J2:[29,55);J3:[2,26);J4:[33,37);J5:[26,38);J6:[1,10)","J6;J5","2","J6;J4","2","1.0","J6;J5","2","1.0","J4;J6","2","1.0","J0;J4","2","1.0"
"varied-75","40502026","varied","10","J0:[29,39);J1:[9,33);J2:[15,24);J3:[10,26);J4:[17,35);J5:[27,47);J6:[7,8);J7:[16,39);J8:[4,33);J9:[13,27)","J6;J3;J5","3","J6;J2;J0","3","1.0","J8","1","0.3333333333333333","J6;J2;J0","3","1.0","J6;J2;J0","3","1.0"
"varied-76","40502026","varied","7","J0:[27,47);J1:[1,29);J2:[38,46);J3:[10,29);J4:[25,34);J5:[4,24);J6:[33,60)","J5;J4;J2","3","J5;J4;J2","3","1.0","J1;J6","2","0.6666666666666666","J2;J4;J5","3","1.0","J5;J4;J2","3","1.0"
"varied-77","40502026","varied","9","J0:[25,37);J1:[36,48);J2:[28,44);J3:[11,30);J4:[11,26);J5:[19,40);J6:[5,34);J7:[33,35);J8:[29,43)","J4;J7;J1","3","J4;J7;J1","3","1.0","J6;J1","2","0.6666666666666666","J7;J1;J4","3","1.0","J3;J7;J1","3","1.0"
"varied-78","40502026","varied","7","J0:[18,37);J1:[14,30);J2:[2,16);J3:[2,22);J4:[36,41);J5:[28,32);J6:[5,27)","J2;J5;J4","3","J2;J5;J4","3","1.0","J2;J0","2","0.6666666666666666","J5;J4;J2","3","1.0","J6;J5;J4","3","1.0"
"varied-79","40502026","varied","5","J0:[2,8);J1:[1,20);J2:[37,46);J3:[7,10);J4:[21,25)","J1;J4;J2","3","J0;J4;J2","3","1.0","J1;J4;J2","3","1.0","J3;J4;J2","3","1.0","J3;J4;J2","3","1.0"
"varied-80","40502026","varied","6","J0:[2,14);J1:[12,37);J2:[26,39);J3:[19,40);J4:[6,29);J5:[7,25)","J0;J3","2","J0;J2","2","1.0","J0;J3","2","1.0","J0;J2","2","1.0","J5;J2","2","1.0"
"varied-81","40502026","varied","10","J0:[0,20);J1:[14,33);J2:[15,23);J3:[6,33);J4:[13,41);J5:[21,34);J6:[6,21);J7:[6,19);J8:[6,12);J9:[16,18)","J8;J9;J5","3","J8;J9;J5","3","1.0","J0;J5","2","0.6666666666666666","J9;J8;J5","3","1.0","J8;J9;J5","3","1.0"
"varied-82","40502026","varied","5","J0:[3,24);J1:[31,41);J2:[33,47);J3:[18,45);J4:[1,22)","J4;J1","2","J4;J1","2","1.0","J4;J1","2","1.0","J1;J4","2","1.0","J0;J2","2","1.0"
"varied-83","40502026","varied","7","J0:[19,28);J1:[16,28);J2:[34,43);J3:[31,50);J4:[13,16);J5:[6,14);J6:[30,46)","J5;J1;J6","3","J5;J1;J2","3","1.0","J5;J1;J6","3","1.0","J4;J0;J2","3","1.0","J4;J0;J2","3","1.0"
"varied-84","40502026","varied","7","J0:[27,41);J1:[35,39);J2:[5,28);J3:[10,17);J4:[0,12);J5:[32,35);J6:[3,20)","J4;J5;J1","3","J4;J5;J1","3","1.0","J4;J0","2","0.6666666666666666","J5;J1;J3","3","1.0","J3;J5;J1","3","1.0"
"varied-85","40502026","varied","9","J0:[23,53);J1:[39,68);J2:[18,22);J3:[39,59);J4:[33,38);J5:[33,35);J6:[20,23);J7:[36,59);J8:[13,18)","J8;J2;J5;J7","4","J8;J2;J5;J7","4","1.0","J8;J2;J0","3","0.75","J5;J6;J8;J3","4","1.0","J8;J6;J4;J1","4","1.0"
"varied-86","40502026","varied","11","J0:[40,54);J1:[10,16);J2:[32,58);J3:[39,47);J4:[13,32);J5:[21,34);J6:[1,14);J7:[37,44);J8:[16,28);J9:[14,20);J10:[39,66)","J6;J9;J5;J7","4","J6;J9;J5;J7","4","1.0","J6;J9;J5;J7","4","1.0","J1;J7;J8","3","0.75","J6;J9;J5;J0","4","1.0"
"varied-87","40502026","varied","11","J0:[0,17);J1:[0,29);J2:[12,36);J3:[0,12);J4:[36,50);J5:[0,25);J6:[28,54);J7:[30,40);J8:[17,29);J9:[29,36);J10:[22,42)","J3;J8;J9;J4","4","J3;J8;J9;J4","4","1.0","J3;J2;J4","3","0.75","J9;J3;J8;J4","4","1.0","J0;J8;J9;J4","4","1.0"
"varied-88","40502026","varied","9","J0:[15,35);J1:[4,5);J2:[18,27);J3:[1,5);J4:[8,16);J5:[12,14);J6:[5,26);J7:[5,34);J8:[14,27)","J3;J4;J2","3","J3;J5;J8","3","1.0","J3;J6","2","0.6666666666666666","J1;J5;J2","3","1.0","J1;J5;J2","3","1.0"
"varied-89","40502026","varied","6","J0:[36,47);J1:[2,11);J2:[32,40);J3:[32,55);J4:[12,18);J5:[7,24)","J1;J4;J2","3","J1;J4;J2","3","1.0","J1;J4;J2","3","1.0","J4;J2;J1","3","1.0","J1;J4;J0","3","1.0"
"varied-90","40502026","varied","7","J0:[19,34);J1:[34,41);J2:[5,10);J3:[12,24);J4:[6,36);J5:[7,24);J6:[24,42)","J2;J3;J6","3","J2;J3;J1","3","1.0","J2;J3;J6","3","1.0","J2;J1;J3","3","1.0","J2;J0;J1","3","1.0"
"varied-91","40502026","varied","12","J0:[18,26);J1:[38,58);J2:[37,57);J3:[23,25);J4:[4,12);J5:[2,7);J6:[14,24);J7:[39,41);J8:[32,59);J9:[8,10);J10:[31,50);J11:[8,17)","J5;J9;J6;J10","4","J5;J9;J6;J7","4","1.0","J5;J9;J6;J10","4","1.0","J9;J3;J7;J5","4","1.0","J5;J11;J3;J7","4","1.0"
"varied-92","40502026","varied","9","J0:[36,46);J1:[11,25);J2:[21,51);J3:[38,51);J4:[7,35);J5:[32,44);J6:[2,31);J7:[24,45);J8:[36,54)","J6;J5","2","J1;J5","2","1.0","J6;J5","2","1.0","J0;J1","2","1.0","J1;J3","2","1.0"
"varied-93","40502026","varied","11","J0:[29,59);J1:[14,30);J2:[16,46);J3:[23,37);J4:[31,38);J5:[19,24);J6:[22,38);J7:[36,56);J8:[22,50);J9:[20,36);J10:[9,29)","J10;J0","2","J5;J4","2","1.0","J10;J0","2","1.0","J5;J4","2","1.0","J9;J7","2","1.0"
"varied-94","40502026","varied","5","J0:[10,19);J1:[4,8);J2:[19,42);J3:[35,43);J4:[33,41)","J1;J0;J2","3","J1;J0;J4","3","1.0","J1;J0;J2","3","1.0","J1;J4;J0","3","1.0","J1;J0;J3","3","1.0"
"varied-95","40502026","varied","5","J0:[25,47);J1:[12,28);J2:[33,34);J3:[32,38);J4:[32,62)","J1;J3","2","J1;J2","2","1.0","J1;J3","2","1.0","J2;J1","2","1.0","J1;J2","2","1.0"
"varied-96","40502026","varied","10","J0:[35,55);J1:[31,54);J2:[35,61);J3:[38,59);J4:[2,29);J5:[1,21);J6:[30,49);J7:[26,29);J8:[38,65);J9:[4,11)","J5;J7;J6","3","J9;J7;J6","3","1.0","J5;J7;J6","3","1.0","J7;J9;J6","3","1.0","J9;J7;J8","3","1.0"
"varied-97","40502026","varied","11","J0:[27,40);J1:[22,52);J2:[22,42);J3:[26,40);J4:[3,14);J5:[38,43);J6:[28,33);J7:[9,39);J8:[14,39);J9:[39,53);J10:[16,20)","J4;J10;J6;J5","4","J4;J10;J6;J5","4","1.0","J4;J8;J9","3","0.75","J10;J6;J5;J4","4","1.0","J4;J10;J6;J9","4","1.0"
"varied-98","40502026","varied","10","J0:[17,18);J1:[10,34);J2:[15,16);J3:[23,39);J4:[32,60);J5:[3,19);J6:[13,28);J7:[31,61);J8:[10,40);J9:[15,23)","J2;J0;J3","3","J2;J0;J3","3","1.0","J5;J3","2","0.6666666666666666","J2;J0;J3","3","1.0","J2;J0;J4","3","1.0"
"varied-99","40502026","varied","6","J0:[21,23);J1:[32,62);J2:[17,44);J3:[16,36);J4:[10,15);J5:[40,62)","J4;J3;J5","3","J4;J0;J1","3","1.0","J4;J3;J5","3","1.0","J0;J4;J5","3","1.0","J4;J0;J5","3","1.0"
"varied-100","40502026","varied","10","J0:[30,44);J1:[28,57);J2:[9,30);J3:[21,48);J4:[27,47);J5:[20,46);J6:[38,56);J7:[2,8);J8:[19,40);J9:[4,5)","J7;J2;J0","3","J9;J2;J0","3","1.0","J7;J2;J0","3","1.0","J9;J0;J2","3","1.0","J9;J2;J6","3","1.0"
"varied-101","40502026","varied","8","J0:[21,50);J1:[4,28);J2:[24,48);J3:[0,25);J4:[37,42);J5:[19,29);J6:[9,20);J7:[17,36)","J3;J4","2","J6;J4","2","1.0","J3;J4","2","1.0","J4;J5","2","1.0","J5;J4","2","1.0"
"varied-102","40502026","varied","9","J0:[9,32);J1:[8,27);J2:[24,50);J3:[35,44);J4:[16,26);J5:[18,41);J6:[27,53);J7:[5,28);J8:[28,38)","J7;J8","2","J4;J8","2","1.0","J7;J8","2","1.0","J3;J4","2","1.0","J4;J3","2","1.0"
"varied-103","40502026","varied","9","J0:[20,29);J1:[20,50);J2:[10,33);J3:[13,23);J4:[2,16);J5:[14,44);J6:[18,44);J7:[34,48);J8:[7,19)","J4;J0;J7","3","J4;J0;J7","3","1.0","J4;J6","2","0.6666666666666666","J0;J8;J7","3","1.0","J8;J0;J7","3","1.0"
"varied-104","40502026","varied","11","J0:[9,28);J1:[6,26);J2:[22,37);J3:[9,32);J4:[8,18);J5:[33,51);J6:[7,33);J7:[25,37);J8:[37,62);J9:[2,16);J10:[37,42)","J9;J2;J10","3","J9;J2;J10","3","1.0","J9;J2;J10","3","1.0","J10;J4;J7","3","1.0","J4;J7;J8","3","1.0"
"varied-105","40502026","varied","9","J0:[21,28);J1:[13,20);J2:[12,36);J3:[30,46);J4:[12,29);J5:[18,38);J6:[9,36);J7:[8,35);J8:[28,43)","J1;J0;J8","3","J1;J0;J8","3","1.0","J7","1","0.3333333333333333","J1;J0;J8","3","1.0","J1;J0;J3","3","1.0"
"varied-106","40502026","varied","11","J0:[31,42);J1:[7,21);J2:[39,62);J3:[29,59);J4:[17,34);J5:[34,53);J6:[21,46);J7:[2,24);J8:[16,45);J9:[18,19);J10:[16,26)","J7;J3","2","J9;J0","2","1.0","J7;J3","2","1.0","J9;J0","2","1.0","J9;J2","2","1.0"
"varied-107","40502026","varied","5","J0:[20,27);J1:[16,18);J2:[13,32);J3:[25,50);J4:[22,41)","J1;J0","2","J1;J0","2","1.0","J2","1","0.5","J1;J0","2","1.0","J1;J3","2","1.0"
"varied-108","40502026","varied","8","J0:[18,22);J1:[9,25);J2:[25,38);J3:[1,12);J4:[21,28);J5:[31,44);J6:[2,3);J7:[8,30)","J3;J0;J2","3","J6;J0;J2","3","1.0","J3;J0;J2","3","1.0","J6;J0;J2","3","1.0","J6;J4;J5","3","1.0"
"varied-109","40502026","varied","10","J0:[32,52);J1:[16,34);J2:[0,15);J3:[3,29);J4:[39,66);J5:[37,41);J6:[40,43);J7:[30,35);J8:[23,43);J9:[18,23)","J2;J9;J7;J5","4","J2;J9;J7;J5","4","1.0","J2;J1;J5","3","0.75","J6;J9;J7;J2","4","1.0","J2;J9;J7;J6","4","1.0"
"varied-110","40502026","varied","7","J0:[10,28);J1:[8,11);J2:[24,52);J3:[26,54);J4:[12,21);J5:[16,19);J6:[14,39)","J1;J4;J2","3","J1;J5;J2","3","1.0","J1;J4;J2","3","1.0","J1;J5;J2","3","1.0","J1;J5;J3","3","1.0"
"varied-111","40502026","varied","11","J0:[35,38);J1:[30,42);J2:[13,15);J3:[36,38);J4:[35,54);J5:[37,58);J6:[2,26);J7:[25,39);J8:[34,41);J9:[5,7);J10:[15,43)","J9;J2;J10","3","J9;J2;J0","3","1.0","J6;J1","2","0.6666666666666666","J9;J2;J3","3","1.0","J9;J2;J5","3","1.0"
"varied-112","40502026","varied","6","J0:[36,66);J1:[17,36);J2:[5,31);J3:[28,44);J4:[21,44);J5:[7,35)","J2;J0","2","J2;J0","2","1.0","J2;J0","2","1.0","J3","1","0.5","J1;J0","2","1.0"
"varied-113","40502026","varied","9","J0:[38,62);J1:[26,42);J2:[3,21);J3:[38,66);J4:[19,40);J5:[39,58);J6:[25,39);J7:[27,39);J8:[11,38)","J2;J6;J5","3","J2;J6;J5","3","1.0","J2;J6;J5","3","1.0","J7;J2;J5","3","1.0","J2;J7;J5","3","1.0"
"varied-114","40502026","varied","6","J0:[37,63);J1:[4,32);J2:[34,64);J3:[17,19);J4:[39,51);J5:[19,40)","J1;J2","2","J3;J5","2","1.0","J1;J2","2","1.0","J3;J4","2","1.0","J3;J4","2","1.0"
"varied-115","40502026","varied","5","J0:[10,38);J1:[5,25);J2:[32,55);J3:[19,37);J4:[24,38)","J1;J2","2","J1;J2","2","1.0","J1;J2","2","1.0","J4","1","0.5","J1;J2","2","1.0"
"varied-116","40502026","varied","6","J0:[8,36);J1:[27,34);J2:[22,49);J3:[10,31);J4:[17,25);J5:[13,28)","J4;J1","2","J4;J1","2","1.0","J0","1","0.5","J1;J4","2","1.0","J4;J1","2","1.0"
"varied-117","40502026","varied","6","J0:[18,44);J1:[13,37);J2:[14,31);J3:[9,17);J4:[19,28);J5:[22,37)","J3;J0","2","J3;J4","2","1.0","J3;J0","2","1.0","J3;J4","2","1.0","J3;J5","2","1.0"
"varied-118","40502026","varied","11","J0:[38,50);J1:[20,47);J2:[3,10);J3:[19,31);J4:[32,38);J5:[34,50);J6:[24,50);J7:[11,29);J8:[27,55);J9:[1,2);J10:[36,55)","J9;J2;J7;J4;J0","5","J9;J2;J7;J4;J0","5","1.0","J9;J2;J7;J4;J0","5","1.0","J9;J4;J2;J3;J0","5","1.0","J9;J2;J3;J4;J0","5","1.0"
"varied-119","40502026","varied","8","J0:[29,40);J1:[0,8);J2:[29,58);J3:[28,30);J4:[28,35);J5:[27,50);J6:[21,44);J7:[17,31)","J1;J7","2","J1;J3","2","1.0","J1;J7","2","1.0","J3;J1","2","1.0","J1;J2","2","1.0"
"varied-120","40502026","varied","8","J0:[10,31);J1:[25,35);J2:[33,38);J3:[31,38);J4:[27,52);J5:[37,38);J6:[6,21);J7:[21,39)","J6;J1;J5","3","J6;J1;J5","3","1.0","J6;J7","2","0.6666666666666666","J5;J1;J6","3","1.0","J6;J1;J5","3","1.0"
"varied-121","40502026","varied","7","J0:[15,33);J1:[18,19);J2:[33,47);J3:[28,43);J4:[4,20);J5:[31,34);J6:[10,38)","J4;J3","2","J1;J5","2","1.0","J4;J3","2","1.0","J1;J5","2","1.0","J1;J2","2","1.0"
"varied-122","40502026","varied","9","J0:[17,23);J1:[1,2);J2:[21,41);J3:[31,44);J4:[40,58);J5:[8,30);J6:[20,21);J7:[28,48);J8:[2,5)","J1;J8;J5;J3","4","J1;J8;J6;J2","4","1.0","J1;J8;J5;J3","4","1.0","J1;J6;J8;J3","4","1.0","J1;J8;J6;J4","4","1.0"
"varied-123","40502026","varied","9","J0:[8,10);J1:[10,22);J2:[7,36);J3:[36,42);J4:[40,49);J5:[40,54);J6:[14,32);J7:[4,33);J8:[18,29)","J0;J1;J3","3","J0;J1;J3","3","1.0","J7;J3","2","0.6666666666666666","J0;J3;J8","3","1.0","J0;J8;J5","3","1.0"
"varied-124","40502026","varied","12","J0:[12,31);J1:[29,58);J2:[3,4);J3:[22,33);J4:[16,20);J5:[21,29);J6:[13,21);J7:[38,54);J8:[39,44);J9:[24,50);J10:[32,52);J11:[13,28)","J2;J6;J5;J1","4","J2;J4;J5;J8","4","1.0","J2;J0;J10","3","0.75","J2;J4;J8;J5","4","1.0","J2;J4;J3;J8","4","1.0"
"clustered-0","40502026","clustered","10","J0:[21,23);J1:[12,21);J2:[11,16);J3:[11,18);J4:[0,2);J5:[2,13);J6:[2,5);J7:[12,19);J8:[12,24);J9:[3,13)","J4;J6;J2;J0","4","J4;J6;J2;J0","4","1.0","J4;J6;J2;J0","4","1.0","J4;J0;J6;J2","4","1.0","J4;J6;J1;J0","4","1.0"
"clustered-1","40502026","clustered","6","J0:[12,17);J1:[10,21);J2:[10,21);J3:[13,14);J4:[0,5);J5:[12,23)","J4;J1","2","J4;J3","2","1.0","J4;J1","2","1.0","J3;J4","2","1.0","J4;J3","2","1.0"
"clustered-2","40502026","clustered","12","J0:[3,10);J1:[0,11);J2:[0,5);J3:[20,22);J4:[10,15);J5:[11,20);J6:[1,2);J7:[13,18);J8:[12,13);J9:[22,27);J10:[22,25);J11:[23,33)","J6;J0;J8;J7;J3;J10","6","J6;J0;J8;J7;J3;J10","6","1.0","J2;J4;J3;J10","4","0.6666666666666666","J6;J8;J3;J10;J7;J0","6","1.0","J6;J0;J8;J7;J3;J11","6","1.0"
"clustered-3","40502026","clustered","10","J0:[10,19);J1:[12,18);J2:[10,18);J3:[3,10);J4:[11,13);J5:[11,16);J6:[11,19);J7:[10,18);J8:[22,29);J9:[20,27)","J3;J2;J9","3","J3;J4;J9","3","1.0","J3;J2;J9","3","1.0","J4;J3;J9","3","1.0","J3;J1;J8","3","1.0"
"clustered-4","40502026","clustered","9","J0:[23,30);J1:[2,9);J2:[20,30);J3:[3,15);J4:[11,21);J5:[2,7);J6:[11,15);J7:[20,24);J8:[11,19)","J5;J6;J7","3","J5;J6;J7","3","1.0","J5;J6;J7","3","1.0","J6;J7;J5","3","1.0","J1;J4;J0","3","1.0"
"clustered-5","40502026","clustered","11","J0:[1,13);J1:[12,20);J2:[13,16);J3:[11,17);J4:[10,14);J5:[23,33);J6:[13,15);J7:[12,15);J8:[21,23);J9:[10,20);J10:[12,18)","J0;J6;J8;J5","4","J0;J6;J8;J5","4","1.0","J0;J6;J8;J5","4","1.0","J6;J8;J5;J0","4","1.0","J0;J2;J8;J5","4","1.0"
"clustered-6","40502026","clustered","12","J0:[22,32);J1:[21,27);J2:[13,25);J3:[3,13);J4:[10,14);J5:[21,27);J6:[10,21);J7:[22,30);J8:[10,13);J9:[3,11);J10:[20,22);J11:[21,27)","J9;J10;J7","3","J9;J10;J7","3","1.0","J9;J2","2","0.6666666666666666","J10;J8;J7","3","1.0","J4;J10;J0","3","1.0"
"clustered-7","40502026","clustered","5","J0:[11,20);J1:[20,24);J2:[10,21);J3:[21,30);J4:[23,29)","J2;J3","2","J0;J1","2","1.0","J2;J3","2","1.0","J1;J0","2","1.0","J0;J4","2","1.0"
"clustered-8","40502026","clustered","6","J0:[0,1);J1:[21,33);J2:[20,26);J3:[12,15);J4:[12,24);J5:[13,16)","J0;J3;J2","3","J0;J3;J2","3","1.0","J0;J3;J2","3","1.0","J0;J3;J2","3","1.0","J0;J5;J1","3","1.0"
"clustered-9","40502026","clustered","12","J0:[22,34);J1:[10,12);J2:[10,14);J3:[1,6);J4:[10,18);J5:[21,27);J6:[13,14);J7:[23,28);J8:[10,14);J9:[10,12);J10:[12,23);J11:[22,30)","J3;J1;J10;J7","4","J3;J1;J6;J5","4","1.0","J3;J1;J10;J7","4","1.0","J6;J1;J3;J7","4","1.0","J3;J1;J6;J7","4","1.0"
"clustered-10","40502026","clustered","10","J0:[23,29);J1:[12,21);J2:[20,27);J3:[2,14);J4:[1,6);J5:[11,22);J6:[10,14);J7:[20,23);J8:[3,6);J9:[12,17)","J4;J6;J7;J0","4","J4;J6;J7;J0","4","1.0","J4;J6;J7;J0","4","1.0","J8;J7;J6;J0","4","1.0","J8;J9;J7;J0","4","1.0"
"clustered-11","40502026","clustered","12","J0:[21,22);J1:[10,15);J2:[10,13);J3:[11,21);J4:[10,15);J5:[13,23);J6:[20,21);J7:[13,18);J8:[22,31);J9:[13,22);J10:[11,13);J11:[20,23)","J2;J7;J6;J0;J8","5","J2;J7;J6;J0;J8","5","1.0","J2;J7;J6;J0;J8","5","1.0","J6;J0;J10;J7;J8","5","1.0","J10;J7;J6;J0;J8","5","1.0"
"clustered-12","40502026","clustered","8","J0:[10,19);J1:[20,32);J2:[23,31);J3:[1,3);J4:[22,28);J5:[20,28);J6:[23,32);J7:[2,14)","J3;J0;J5","3","J3;J0;J5","3","1.0","J3;J0;J5","3","1.0","J3;J4;J0","3","1.0","J3;J0;J6","3","1.0"
"clustered-13","40502026","clustered","9","J0:[1,4);J1:[0,6);J2:[10,19);J3:[22,25);J4:[21,24);J5:[2,9);J6:[22,33);J7:[20,32);J8:[0,7)","J1;J2;J7","3","J0;J2;J4","3","1.0","J1;J2;J7","3","1.0","J0;J4;J2","3","1.0","J5;J2;J6","3","1.0"
"clustered-14","40502026","clustered","12","J0:[21,22);J1:[11,23);J2:[0,1);J3:[1,3);J4:[2,13);J5:[13,23);J6:[20,24);J7:[20,23);J8:[2,12);J9:[13,14);J10:[0,2);J11:[0,4)","J2;J3;J9;J7","4","J2;J3;J9;J0","4","1.0","J2;J3;J1","3","0.75","J2;J9;J0;J3","4","1.0","J10;J4;J9;J0","4","1.0"
"clustered-15","40502026","clustered","9","J0:[2,4);J1:[2,9);J2:[3,13);J3:[10,22);J4:[21,22);J5:[10,22);J6:[22,33);J7:[10,12);J8:[0,5)","J8;J7;J4;J6","4","J0;J7;J4;J6","4","1.0","J8;J7;J4;J6","4","1.0","J4;J0;J7;J6","4","1.0","J1;J7;J4;J6","4","1.0"
"clustered-16","40502026","clustered","11","J0:[3,15);J1:[1,13);J2:[13,21);J3:[11,22);J4:[22,34);J5:[1,7);J6:[21,30);J7:[21,33);J8:[10,14);J9:[13,20);J10:[21,30)","J5;J8;J6","3","J5;J8;J6","3","1.0","J5;J8;J6","3","1.0","J8;J5;J6","3","1.0","J1;J2;J4","3","1.0"
"clustered-17","40502026","clustered","6","J0:[2,6);J1:[20,32);J2:[22,31);J3:[2,3);J4:[21,29);J5:[10,20)","J3;J5;J1","3","J3;J5;J4","3","1.0","J3;J5;J1","3","1.0","J3;J4;J5","3","1.0","J0;J5;J2","3","1.0"
"clustered-18","40502026","clustered","6","J0:[1,10);J1:[10,21);J2:[13,22);J3:[3,10);J4:[12,19);J5:[10,19)","J0;J5","2","J0;J5","2","1.0","J0;J5","2","1.0","J3;J4","2","1.0","J3;J2","2","1.0"
"clustered-19","40502026","clustered","9","J0:[0,9);J1:[3,12);J2:[23,27);J3:[22,31);J4:[22,31);J5:[20,21);J6:[1,11);J7:[3,12);J8:[23,29)","J0;J5;J3","3","J0;J5;J2","3","1.0","J0;J5;J3","3","1.0","J5;J2;J0","3","1.0","J1;J5;J8","3","1.0"
"clustered-20","40502026","clustered","11","J0:[2,12);J1:[20,28);J2:[22,24);J3:[10,16);J4:[11,16);J5:[12,13);J6:[3,7);J7:[12,15);J8:[10,21);J9:[1,4);J10:[1,12)","J9;J3;J1","3","J9;J5;J2","3","1.0","J9;J3;J1","3","1.0","J5;J2;J9","3","1.0","J6;J7;J2","3","1.0"
"clustered-21","40502026","clustered","6","J0:[21,25);J1:[1,6);J2:[10,12);J3:[12,24);J4:[21,29);J5:[2,9)","J1;J2;J3","3","J1;J2;J3","3","1.0","J1;J2;J3","3","1.0","J2;J0;J1","3","1.0","J5;J2;J4","3","1.0"
"clustered-22","40502026","clustered","5","J0:[12,20);J1:[3,5);J2:[3,15);J3:[13,22);J4:[10,21)","J1;J4","2","J1;J0","2","1.0","J1;J4","2","1.0","J1;J0","2","1.0","J1;J3","2","1.0"
"clustered-23","40502026","clustered","11","J0:[22,29);J1:[12,21);J2:[2,10);J3:[3,5);J4:[12,24);J5:[10,19);J6:[13,25);J7:[13,19);J8:[3,8);J9:[21,24);J10:[2,5)","J10;J5;J9","3","J10;J5;J9","3","1.0","J10;J5;J9","3","1.0","J3;J9;J7","3","1.0","J8;J7;J0","3","1.0"
"clustered-24","40502026","clustered","8","J0:[2,10);J1:[13,21);J2:[22,24);J3:[21,22);J4:[0,4);J5:[21,30);J6:[2,4);J7:[13,25)","J4;J1;J3;J2","4","J4;J1;J3;J2","4","1.0","J4;J1;J3;J2","4","1.0","J3;J6;J2;J1","4","1.0","J0;J1;J3;J2","4","1.0"
"clustered-25","40502026","clustered","11","J0:[3,12);J1:[11,17);J2:[12,21);J3:[23,24);J4:[11,22);J5:[22,23);J6:[11,23);J7:[21,32);J8:[13,23);J9:[13,25);J10:[1,4)","J10;J1;J5;J3","4","J10;J1;J5;J3","4","1.0","J10;J1;J7","3","0.75","J5;J3;J10;J1","4","1.0","J0;J2;J5;J3","4","1.0"
"clustered-26","40502026","clustered","12","J0:[3,14);J1:[0,6);J2:[22,32);J3:[13,23);J4:[1,11);J5:[3,13);J6:[22,23);J7:[23,33);J8:[23,26);J9:[11,16);J10:[13,16);J11:[20,27)","J1;J9;J6;J8","4","J1;J9;J6;J8","4","1.0","J1;J9;J11","3","0.75","J6;J10;J8;J1","4","1.0","J5;J10;J6;J7","4","1.0"
"clustered-27","40502026","clustered","12","J0:[22,30);J1:[1,13);J2:[21,27);J3:[11,22);J4:[0,2);J5:[12,16);J6:[11,20);J7:[0,7);J8:[20,22);J9:[2,13);J10:[10,12);J11:[22,31)","J4;J10;J5;J8;J0","5","J4;J10;J5;J8;J0","5","1.0","J4;J9;J8;J0","4","0.8","J4;J10;J8;J5;J0","5","1.0","J7;J10;J5;J8;J11","5","1.0"
"clustered-28","40502026","clustered","5","J0:[11,22);J1:[3,8);J2:[11,21);J3:[21,33);J4:[12,21)","J1;J2;J3","3","J1;J2;J3","3","1.0","J1;J2;J3","3","1.0","J1;J4;J3","3","1.0","J1;J4;J3","3","1.0"
"clustered-29","40502026","clustered","9","J0:[21,32);J1:[21,28);J2:[3,15);J3:[21,27);J4:[23,26);J5:[1,3);J6:[3,11);J7:[0,9);J8:[21,25)","J5;J6;J8","3","J5;J6;J8","3","1.0","J7;J8","2","0.6666666666666666","J5;J4;J6","3","1.0","J5;J2;J4","3","1.0"
"clustered-30","40502026","clustered","8","J0:[13,25);J1:[20,22);J2:[21,22);J3:[21,22);J4:[3,7);J5:[2,3);J6:[20,22);J7:[3,9)","J5;J4;J0","3","J5;J4;J1","3","1.0","J5;J4;J0","3","1.0","J5;J2;J4","3","1.0","J5;J7;J2","3","1.0"
"clustered-31","40502026","clustered","12","J0:[1,10);J1:[20,24);J2:[2,13);J3:[21,27);J4:[3,5);J5:[10,12);J6:[3,11);J7:[11,21);J8:[11,15);J9:[2,7);J10:[0,10);J11:[3,15)","J10;J5;J1","3","J4;J5;J1","3","1.0","J10;J5;J1","3","1.0","J4;J5;J1","3","1.0","J6;J7;J3","3","1.0"
"clustered-32","40502026","clustered","9","J0:[1,6);J1:[2,13);J2:[20,31);J3:[10,13);J4:[0,11);J5:[11,16);J6:[22,27);J7:[23,35);J8:[0,2)","J8;J1;J2","3","J8;J1;J6","3","1.0","J8;J1;J2","3","1.0","J8;J3;J6","3","1.0","J0;J5;J7","3","1.0"
"clustered-33","40502026","clustered","8","J0:[13,22);J1:[22,29);J2:[22,27);J3:[13,22);J4:[10,11);J5:[11,23);J6:[11,18);J7:[12,19)","J4;J6;J2","3","J4;J6;J2","3","1.0","J4;J6;J2","3","1.0","J4;J2;J6","3","1.0","J4;J0;J1","3","1.0"
"clustered-34","40502026","clustered","6","J0:[12,24);J1:[13,16);J2:[2,11);J3:[23,27);J4:[22,32);J5:[3,4)","J2;J1;J4","3","J5;J1;J3","3","1.0","J2;J0","2","0.6666666666666666","J5;J1;J3","3","1.0","J5;J1;J3","3","1.0"
"clustered-35","40502026","clustered","12","J0:[20,22);J1:[13,18);J2:[12,15);J3:[11,21);J4:[22,25);J5:[3,12);J6:[0,5);J7:[10,11);J8:[12,21);J9:[21,26);J10:[10,21);J11:[2,4)","J6;J7;J2;J0;J4","5","J11;J7;J2;J0;J4","5","1.0","J6;J7;J3;J9","4","0.8","J7;J11;J0;J2;J4","5","1.0","J11;J7;J1;J0;J4","5","1.0"
"clustered-36","40502026","clustered","8","J0:[21,23);J1:[21,22);J2:[1,12);J3:[2,4);J4:[3,13);J5:[3,15);J6:[3,15);J7:[12,24)","J2;J7","2","J3;J1","2","1.0","J2;J7","2","1.0","J1;J3","2","1.0","J5;J0","2","1.0"
"clustered-37","40502026","clustered","10","J0:[3,8);J1:[22,34);J2:[10,16);J3:[2,10);J4:[21,28);J5:[22,23);J6:[1,5);J7:[21,27);J8:[21,25);J9:[11,23)","J6;J2;J8","3","J6;J2;J5","3","1.0","J6;J2;J8","3","1.0","J5;J6;J2","3","1.0","J0;J2;J1","3","1.0"
"clustered-38","40502026","clustered","7","J0:[10,21);J1:[1,10);J2:[2,14);J3:[13,19);J4:[21,23);J5:[11,12);J6:[23,24)","J1;J5;J3;J4;J6","5","J1;J5;J3;J4;J6","5","1.0","J1;J0;J4;J6","4","0.8","J5;J6;J4;J3;J1","5","1.0","J1;J5;J3;J4;J6","5","1.0"
"clustered-39","40502026","clustered","11","J0:[21,26);J1:[10,17);J2:[13,25);J3:[20,31);J4:[10,13);J5:[1,3);J6:[22,27);J7:[22,25);J8:[12,17);J9:[11,22);J10:[0,11)","J10;J9;J7","3","J5;J4;J2","3","1.0","J10;J9;J7","3","1.0","J5;J4;J7","3","1.0","J5;J8;J6","3","1.0"
"clustered-40","40502026","clustered","9","J0:[12,17);J1:[13,24);J2:[20,23);J3:[10,19);J4:[2,11);J5:[0,11);J6:[1,10);J7:[12,23);J8:[3,7)","J5;J0;J2","3","J8;J0;J2","3","1.0","J5;J0;J2","3","1.0","J2;J8;J0","3","1.0","J8;J0;J2","3","1.0"
"clustered-41","40502026","clustered","5","J0:[1,11);J1:[2,12);J2:[10,16);J3:[3,12);J4:[3,4)","J4;J2","2","J4;J2","2","1.0","J0","1","0.5","J4;J2","2","1.0","J4;J2","2","1.0"
"clustered-42","40502026","clustered","5","J0:[2,9);J1:[21,24);J2:[13,24);J3:[22,34);J4:[10,21)","J0;J4;J1","3","J0;J4;J1","3","1.0","J0;J4;J1","3","1.0","J1;J0;J4","3","1.0","J0;J4;J3","3","1.0"
"clustered-43","40502026","clustered","12","J0:[22,28);J1:[10,17);J2:[23,27);J3:[22,27);J4:[21,31);J5:[21,28);J6:[21,26);J7:[10,17);J8:[13,18);J9:[0,5);J10:[12,18);J11:[10,17)","J9;J1;J6","3","J9;J1;J6","3","1.0","J9;J1;J6","3","1.0","J2;J9;J8","3","1.0","J9;J8;J2","3","1.0"
"clustered-44","40502026","clustered","6","J0:[3,14);J1:[22,33);J2:[21,33);J3:[3,6);J4:[0,4);J5:[10,12)","J4;J5;J2","3","J4;J5;J2","3","1.0","J4;J5;J2","3","1.0","J5;J3;J1","3","1.0","J3;J5;J1","3","1.0"
"clustered-45","40502026","clustered","9","J0:[23,30);J1:[23,34);J2:[2,14);J3:[20,26);J4:[21,30);J5:[11,22);J6:[10,12);J7:[2,7);J8:[2,11)","J7;J6;J3","3","J7;J6;J3","3","1.0","J7;J6;J3","3","1.0","J6;J7;J3","3","1.0","J8;J5;J1","3","1.0"
"clustered-46","40502026","clustered","8","J0:[12,18);J1:[3,10);J2:[10,18);J3:[0,7);J4:[22,33);J5:[21,33);J6:[22,23);J7:[21,25)","J3;J2;J7","3","J3;J2;J6","3","1.0","J3;J2;J7","3","1.0","J6;J0;J3","3","1.0","J1;J0;J4","3","1.0"
"clustered-47","40502026","clustered","12","J0:[12,13);J1:[20,21);J2:[0,11);J3:[1,4);J4:[0,3);J5:[13,22);J6:[11,19);J7:[10,14);J8:[22,25);J9:[3,7);J10:[11,20);J11:[23,30)","J4;J9;J7;J1;J8","5","J4;J9;J0;J1;J8","5","1.0","J4;J9;J7;J1;J8","5","1.0","J0;J1;J4;J8;J9","5","1.0","J4;J9;J0;J1;J11","5","1.0"
"clustered-48","40502026","clustered","11","J0:[2,8);J1:[10,17);J2:[22,23);J3:[13,16);J4:[10,22);J5:[0,4);J6:[1,6);J7:[13,25);J8:[21,24);J9:[23,29);J10:[2,13)","J5;J1;J2;J9","4","J5;J3;J2;J9","4","1.0","J5;J1;J8","3","0.75","J2;J3;J5;J9","4","1.0","J10;J3;J2;J9","4","1.0"
"clustered-49","40502026","clustered","5","J0:[3,15);J1:[12,18);J2:[12,23);J3:[1,5);J4:[13,16)","J3;J1","2","J3;J4","2","1.0","J3;J1","2","1.0","J4;J3","2","1.0","J3;J4","2","1.0"
"clustered-50","40502026","clustered","6","J0:[23,24);J1:[10,12);J2:[0,9);J3:[11,16);J4:[11,20);J5:[1,7)","J2;J1;J0","3","J5;J1;J0","3","1.0","J2;J1;J0","3","1.0","J0;J1;J5","3","1.0","J5;J4;J0","3","1.0"
"clustered-51","40502026","clustered","11","J0:[1,2);J1:[3,8);J2:[10,21);J3:[10,15);J4:[1,4);J5:[11,16);J6:[1,2);J7:[2,7);J8:[12,16);J9:[23,32);J10:[2,13)","J0;J7;J3;J9","4","J0;J7;J3;J9","4","1.0","J0;J7;J3;J9","4","1.0","J0;J8;J7;J9","4","1.0","J0;J1;J8;J9","4","1.0"
"clustered-52","40502026","clustered","8","J0:[1,2);J1:[3,15);J2:[12,17);J3:[22,24);J4:[13,19);J5:[11,20);J6:[10,19);J7:[0,3)","J7;J1;J3","3","J0;J1;J3","3","1.0","J7;J1;J3","3","1.0","J0;J3;J2","3","1.0","J0;J4;J3","3","1.0"
"clustered-53","40502026","clustered","6","J0:[22,26);J1:[3,9);J2:[2,8);J3:[2,10);J4:[3,6);J5:[22,30)","J2;J0","2","J4;J0","2","1.0","J2;J0","2","1.0","J4;J0","2","1.0","J1;J5","2","1.0"
"clustered-54","40502026","clustered","8","J0:[22,30);J1:[1,4);J2:[22,27);J3:[21,27);J4:[21,31);J5:[10,16);J6:[20,24);J7:[13,22)","J1;J5;J6","3","J1;J5;J6","3","1.0","J1;J5;J6","3","1.0","J1;J6;J5","3","1.0","J1;J7;J0","3","1.0"
"clustered-55","40502026","clustered","8","J0:[22,23);J1:[20,21);J2:[21,31);J3:[21,28);J4:[21,22);J5:[13,19);J6:[1,6);J7:[20,29)","J6;J5;J1;J4;J0","5","J6;J5;J1;J4;J0","5","1.0","J6;J5;J1;J4;J0","5","1.0","J1;J4;J0;J6;J5","5","1.0","J6;J5;J1;J4;J0","5","1.0"
"clustered-56","40502026","clustered","11","J0:[20,22);J1:[13,24);J2:[12,18);J3:[22,33);J4:[22,27);J5:[11,15);J6:[20,21);J7:[10,14);J8:[11,13);J9:[21,25);J10:[23,24)","J7;J6;J9","3","J8;J6;J10","3","1.0","J7;J6;J9","3","1.0","J6;J10;J8","3","1.0","J2;J0;J10","3","1.0"
"clustered-57","40502026","clustered","5","J0:[23,24);J1:[3,15);J2:[12,17);J3:[11,15);J4:[13,21)","J1;J0","2","J1;J0","2","1.0","J1;J0","2","1.0","J0;J3","2","1.0","J4;J0","2","1.0"
"clustered-58","40502026","clustered","9","J0:[22,25);J1:[10,18);J2:[20,29);J3:[10,17);J4:[22,28);J5:[22,33);J6:[21,24);J7:[0,6);J8:[3,10)","J7;J3;J2","3","J7;J3;J6","3","1.0","J7;J3;J2","3","1.0","J6;J7;J3","3","1.0","J8;J1;J5","3","1.0"
"clustered-59","40502026","clustered","8","J0:[11,12);J1:[20,24);J2:[3,12);J3:[3,11);J4:[1,4);J5:[12,21);J6:[20,28);J7:[3,6)","J4;J0;J5","3","J4;J0;J5","3","1.0","J4;J0;J5","3","1.0","J0;J4;J1","3","1.0","J3;J0;J6","3","1.0"
"clustered-60","40502026","clustered","10","J0:[23,29);J1:[2,14);J2:[12,19);J3:[12,23);J4:[21,30);J5:[12,22);J6:[22,28);J7:[13,24);J8:[2,5);J9:[10,18)","J8;J9;J4","3","J8;J9;J6","3","1.0","J8;J9;J4","3","1.0","J8;J6;J2","3","1.0","J8;J3;J0","3","1.0"
"clustered-61","40502026","clustered","7","J0:[2,13);J1:[12,22);J2:[20,30);J3:[11,20);J4:[22,30);J5:[20,24);J6:[12,19)","J0;J5","2","J0;J5","2","1.0","J0;J5","2","1.0","J5;J6","2","1.0","J1;J4","2","1.0"
"clustered-62","40502026","clustered","6","J0:[21,26);J1:[13,15);J2:[21,29);J3:[13,17);J4:[21,33);J5:[13,16)","J1;J0","2","J1;J0","2","1.0","J1;J0","2","1.0","J1;J0","2","1.0","J3;J4","2","1.0"
"clustered-63","40502026","clustered","6","J0:[23,26);J1:[23,25);J2:[13,18);J3:[10,20);J4:[10,16);J5:[11,17)","J4;J1","2","J4;J1","2","1.0","J4;J1","2","1.0","J1;J2","2","1.0","J2;J0","2","1.0"
"clustered-64","40502026","clustered","9","J0:[1,3);J1:[21,28);J2:[11,13);J3:[10,17);J4:[12,15);J5:[3,12);J6:[13,21);J7:[10,13);J8:[0,2)","J8;J5;J4;J1","4","J8;J5;J4;J1","4","1.0","J8;J5;J4;J1","4","1.0","J8;J2;J1;J6","4","1.0","J0;J2;J6;J1","4","1.0"
"clustered-65","40502026","clustered","10","J0:[21,23);J1:[0,2);J2:[12,14);J3:[13,17);J4:[1,7);J5:[23,32);J6:[10,15);J7:[21,26);J8:[10,15);J9:[0,8)","J1;J6;J0;J5","4","J1;J2;J0;J5","4","1.0","J1;J6;J0;J5","4","1.0","J1;J2;J0;J5","4","1.0","J4;J3;J0;J5","4","1.0"
"clustered-66","40502026","clustered","12","J0:[21,30);J1:[13,25);J2:[2,10);J3:[0,7);J4:[23,28);J5:[20,25);J6:[3,9);J7:[2,11);J8:[21,32);J9:[2,12);J10:[2,8);J11:[10,15)","J3;J11;J5","3","J3;J11;J5","3","1.0","J3;J11;J5","3","1.0","J11;J5;J10","3","1.0","J6;J11;J4","3","1.0"
"clustered-67","40502026","clustered","12","J0:[12,21);J1:[3,15);J2:[13,18);J3:[22,32);J4:[12,22);J5:[13,20);J6:[0,12);J7:[23,35);J8:[10,16);J9:[0,9);J10:[0,6);J11:[22,28)","J10;J8;J11","3","J10;J8;J11","3","1.0","J10;J8;J11","3","1.0","J2;J10;J11","3","1.0","J6;J5;J7","3","1.0"
"clustered-68","40502026","clustered","8","J0:[11,17);J1:[23,27);J2:[23,35);J3:[12,13);J4:[2,6);J5:[11,20);J6:[12,15);J7:[11,21)","J4;J0;J1","3","J4;J3;J1","3","1.0","J4;J0;J1","3","1.0","J3;J4;J1","3","1.0","J4;J6;J2","3","1.0"
"clustered-69","40502026","clustered","12","J0:[23,34);J1:[2,10);J2:[10,22);J3:[11,17);J4:[3,7);J5:[3,14);J6:[21,31);J7:[20,26);J8:[23,24);J9:[11,20);J10:[13,24);J11:[1,5)","J11;J2;J8","3","J11;J3;J8","3","1.0","J11;J2;J8","3","1.0","J8;J11;J3","3","1.0","J4;J9;J0","3","1.0"
"clustered-70","40502026","clustered","10","J0:[3,14);J1:[11,20);J2:[2,5);J3:[0,9);J4:[20,28);J5:[22,32);J6:[12,17);J7:[22,32);J8:[21,23);J9:[0,11)","J3;J1;J4","3","J2;J6;J8","3","1.0","J3;J1;J4","3","1.0","J8;J2;J6","3","1.0","J2;J6;J5","3","1.0"
"clustered-71","40502026","clustered","7","J0:[3,11);J1:[0,4);J2:[20,23);J3:[12,17);J4:[23,31);J5:[22,31);J6:[12,14)","J1;J6;J2;J4","4","J1;J6;J2;J4","4","1.0","J1;J6;J2;J4","4","1.0","J6;J2;J1;J4","4","1.0","J0;J3;J2;J4","4","1.0"
"clustered-72","40502026","clustered","7","J0:[2,8);J1:[1,9);J2:[11,21);J3:[23,28);J4:[22,33);J5:[10,11);J6:[22,29)","J1;J5;J2;J6","4","J0;J5;J2;J3","4","1.0","J1;J5;J2;J6","4","1.0","J5;J3;J0;J2","4","1.0","J0;J5;J2;J3","4","1.0"
"clustered-73","40502026","clustered","5","J0:[10,15);J1:[2,4);J2:[23,25);J3:[13,20);J4:[3,13)","J1;J0;J2","3","J1;J0;J2","3","1.0","J1;J0;J2","3","1.0","J1;J2;J0","3","1.0","J4;J3;J2","3","1.0"
"clustered-74","40502026","clustered","6","J0:[2,4);J1:[3,7);J2:[11,17);J3:[11,13);J4:[13,23);J5:[0,2)","J5;J0;J3;J4","4","J5;J0;J3;J4","4","1.0","J5;J0;J3;J4","4","1.0","J5;J0;J3;J4","4","1.0","J5;J1;J3;J4","4","1.0"
"clustered-75","40502026","clustered","6","J0:[0,12);J1:[22,27);J2:[2,10);J3:[2,13);J4:[0,8);J5:[20,22)","J4;J5;J1","3","J4;J5;J1","3","1.0","J4;J5;J1","3","1.0","J5;J1;J4","3","1.0","J3;J5;J1","3","1.0"
"clustered-76","40502026","clustered","9","J0:[20,27);J1:[21,29);J2:[0,10);J3:[1,2);J4:[3,9);J5:[21,33);J6:[3,15);J7:[10,16);J8:[22,26)","J3;J4;J7;J0","4","J3;J4;J7;J8","4","1.0","J2;J7;J0","3","0.75","J3;J8;J4;J7","4","1.0","J3;J4;J7;J8","4","1.0"
"clustered-77","40502026","clustered","9","J0:[22,25);J1:[10,16);J2:[2,9);J3:[12,15);J4:[20,31);J5:[1,2);J6:[0,3);J7:[13,17);J8:[0,8)","J5;J2;J1;J4","4","J5;J2;J3;J0","4","1.0","J6;J1;J4","3","0.75","J5;J3;J0;J2","4","1.0","J5;J2;J7;J0","4","1.0"
"clustered-78","40502026","clustered","10","J0:[21,28);J1:[0,12);J2:[10,20);J3:[10,17);J4:[12,22);J5:[23,35);J6:[22,33);J7:[11,15);J8:[13,14);J9:[21,24)","J1;J4;J6","3","J1;J8;J9","3","1.0","J1;J4;J6","3","1.0","J8;J9;J1","3","1.0","J1;J8;J5","3","1.0"
"clustered-79","40502026","clustered","8","J0:[2,8);J1:[0,4);J2:[21,33);J3:[11,14);J4:[23,27);J5:[2,13);J6:[22,29);J7:[23,34)","J1;J3;J2","3","J1;J3;J4","3","1.0","J1;J3;J2","3","1.0","J3;J1;J4","3","1.0","J0;J3;J7","3","1.0"
"clustered-80","40502026","clustered","6","J0:[10,17);J1:[0,3);J2:[10,17);J3:[20,22);J4:[3,5);J5:[10,18)","J1;J4;J0;J3","4","J1;J4;J0;J3","4","1.0","J1;J4;J0;J3","4","1.0","J4;J3;J1;J0","4","1.0","J1;J4;J5;J3","4","1.0"
"clustered-81","40502026","clustered","5","J0:[12,13);J1:[11,16);J2:[21,28);J3:[1,8);J4:[2,4)","J3;J1;J2","3","J4;J0;J2","3","1.0","J3;J1;J2","3","1.0","J0;J4;J2","3","1.0","J4;J0;J2","3","1.0"
"clustered-82","40502026","clustered","6","J0:[11,12);J1:[11,15);J2:[23,24);J3:[3,15);J4:[13,21);J5:[0,7)","J5;J0;J4;J2","4","J5;J0;J4;J2","4","1.0","J5;J0;J4;J2","4","1.0","J0;J2;J5;J4","4","1.0","J5;J0;J4;J2","4","1.0"
"clustered-83","40502026","clustered","5","J0:[21,31);J1:[11,17);J2:[23,27);J3:[13,20);J4:[3,7)","J4;J1;J0","3","J4;J1;J2","3","1.0","J4;J1;J0","3","1.0","J4;J2;J1","3","1.0","J4;J3;J2","3","1.0"
"clustered-84","40502026","clustered","6","J0:[0,7);J1:[0,7);J2:[3,8);J3:[20,32);J4:[0,12);J5:[1,13)","J0;J3","2","J0;J3","2","1.0","J0;J3","2","1.0","J2;J3","2","1.0","J2;J3","2","1.0"
"clustered-85","40502026","clustered","11","J0:[13,19);J1:[23,33);J2:[11,21);J3:[11,12);J4:[21,30);J5:[0,12);J6:[22,24);J7:[13,14);J8:[11,15);J9:[2,11);J10:[3,9)","J9;J3;J7;J4","4","J10;J3;J7;J6","4","1.0","J5;J7;J4","3","0.75","J3;J7;J6;J10","4","1.0","J10;J3;J0;J1","4","1.0"
"clustered-86","40502026","clustered","8","J0:[21,25);J1:[10,12);J2:[10,11);J3:[10,20);J4:[10,18);J5:[1,10);J6:[23,27);J7:[23,31)","J5;J2;J0","3","J5;J2;J0","3","1.0","J5;J2;J0","3","1.0","J2;J0;J5","3","1.0","J5;J3;J7","3","1.0"
"clustered-87","40502026","clustered","11","J0:[12,14);J1:[10,20);J2:[11,12);J3:[23,29);J4:[13,21);J5:[23,27);J6:[10,13);J7:[20,25);J8:[22,29);J9:[3,13);J10:[22,24)","J9;J4;J10","3","J2;J0;J10","3","1.0","J9;J4;J10","3","1.0","J2;J0;J10","3","1.0","J2;J4;J3","3","1.0"
"clustered-88","40502026","clustered","8","J0:[3,12);J1:[23,34);J2:[13,16);J3:[23,29);J4:[12,21);J5:[21,29);J6:[1,10);J7:[21,24)","J6;J4;J7","3","J6;J2;J7","3","1.0","J6;J4;J7","3","1.0","J2;J7;J6","3","1.0","J0;J2;J1","3","1.0"
"clustered-89","40502026","clustered","5","J0:[23,26);J1:[1,4);J2:[20,26);J3:[1,8);J4:[20,29)","J1;J2","2","J1;J2","2","1.0","J1;J2","2","1.0","J1;J0","2","1.0","J3;J0","2","1.0"
"clustered-90","40502026","clustered","5","J0:[11,13);J1:[10,16);J2:[20,31);J3:[12,14);J4:[20,25)","J1;J4","2","J0;J4","2","1.0","J1;J4","2","1.0","J0;J4","2","1.0","J3;J2","2","1.0"
"clustered-91","40502026","clustered","6","J0:[1,12);J1:[1,10);J2:[3,11);J3:[10,12);J4:[11,17);J5:[23,26)","J1;J3;J5","3","J1;J3;J5","3","1.0","J1;J3;J5","3","1.0","J3;J5;J1","3","1.0","J2;J4;J5","3","1.0"
"clustered-92","40502026","clustered","7","J0:[3,14);J1:[21,22);J2:[11,16);J3:[0,6);J4:[3,13);J5:[0,9);J6:[0,5)","J6;J2;J1","3","J6;J2;J1","3","1.0","J6;J2;J1","3","1.0","J1;J6;J2","3","1.0","J5;J2;J1","3","1.0"
"clustered-93","40502026","clustered","10","J0:[1,13);J1:[0,4);J2:[12,24);J3:[11,18);J4:[1,4);J5:[12,23);J6:[23,31);J7:[11,23);J8:[10,16);J9:[13,23)","J1;J8;J6","3","J1;J8;J6","3","1.0","J1;J8;J6","3","1.0","J4;J8;J6","3","1.0","J0;J9;J6","3","1.0"
"clustered-94","40502026","clustered","12","J0:[22,26);J1:[12,21);J2:[20,32);J3:[21,33);J4:[13,22);J5:[23,35);J6:[23,27);J7:[22,33);J8:[21,24);J9:[3,11);J10:[3,7);J11:[10,18)","J10;J11;J2","3","J10;J11;J8","3","1.0","J10;J11;J2","3","1.0","J8;J10;J11","3","1.0","J9;J4;J5","3","1.0"
"clustered-95","40502026","clustered","8","J0:[23,32);J1:[13,24);J2:[22,27);J3:[13,18);J4:[12,15);J5:[21,30);J6:[3,7);J7:[21,26)","J6;J4;J7","3","J6;J4;J7","3","1.0","J6;J4;J7","3","1.0","J4;J6;J7","3","1.0","J6;J3;J0","3","1.0"
"clustered-96","40502026","clustered","9","J0:[10,12);J1:[2,12);J2:[2,7);J3:[2,4);J4:[13,25);J5:[2,4);J6:[0,2);J7:[22,23);J8:[13,20)","J6;J3;J0;J8;J7","5","J6;J3;J0;J8;J7","5","1.0","J6;J3;J0;J8;J7","5","1.0","J7;J6;J3;J0;J8","5","1.0","J6;J2;J0;J8;J7","5","1.0"
"clustered-97","40502026","clustered","12","J0:[1,5);J1:[11,13);J2:[20,21);J3:[2,7);J4:[20,25);J5:[12,18);J6:[22,24);J7:[22,29);J8:[23,25);J9:[12,13);J10:[12,17);J11:[11,23)","J0;J1;J2;J6","4","J0;J1;J2;J6","4","1.0","J0;J1;J2;J6","4","1.0","J9;J2;J6;J0","4","1.0","J3;J5;J2;J8","4","1.0"
"clustered-98","40502026","clustered","10","J0:[21,31);J1:[22,28);J2:[23,25);J3:[23,29);J4:[0,6);J5:[21,33);J6:[20,24);J7:[3,11);J8:[0,4);J9:[2,11)","J8;J6","2","J8;J6","2","1.0","J8;J6","2","1.0","J2;J8","2","1.0","J7;J3","2","1.0"
"clustered-99","40502026","clustered","5","J0:[12,14);J1:[22,27);J2:[20,26);J3:[3,11);J4:[21,24)","J3;J0;J2","3","J3;J0;J4","3","1.0","J3;J0;J2","3","1.0","J0;J4;J3","3","1.0","J3;J0;J1","3","1.0"
"clustered-100","40502026","clustered","7","J0:[13,20);J1:[1,12);J2:[10,15);J3:[23,27);J4:[20,22);J5:[1,12);J6:[21,26)","J1;J0;J4;J3","4","J1;J0;J4;J3","4","1.0","J1;J0;J4;J3","4","1.0","J4;J3;J2","3","0.75","J1;J0;J4;J3","4","1.0"
"clustered-101","40502026","clustered","7","J0:[10,11);J1:[13,17);J2:[13,25);J3:[12,15);J4:[23,29);J5:[20,24);J6:[1,6)","J6;J0;J3;J5","4","J6;J0;J3;J5","4","1.0","J6;J0;J3;J5","4","1.0","J0;J3;J5;J6","4","1.0","J6;J0;J1;J4","4","1.0"
"clustered-102","40502026","clustered","12","J0:[22,29);J1:[22,28);J2:[11,19);J3:[12,16);J4:[21,26);J5:[1,6);J6:[3,5);J7:[23,33);J8:[1,4);J9:[21,29);J10:[0,5);J11:[22,32)","J10;J2;J4","3","J8;J3;J4","3","1.0","J10;J2;J4","3","1.0","J6;J3;J4","3","1.0","J6;J3;J7","3","1.0"
"clustered-103","40502026","clustered","6","J0:[22,30);J1:[23,24);J2:[22,27);J3:[10,20);J4:[21,24);J5:[0,11)","J5;J4","2","J5;J4","2","1.0","J5;J4","2","1.0","J1;J3","2","1.0","J3;J1","2","1.0"
"clustered-104","40502026","clustered","7","J0:[1,12);J1:[12,23);J2:[2,11);J3:[11,21);J4:[3,8);J5:[2,13);J6:[22,25)","J2;J3;J6","3","J4;J3;J6","3","1.0","J0;J1","2","0.6666666666666666","J6;J4;J3","3","1.0","J4;J3;J6","3","1.0"
"clustered-105","40502026","clustered","12","J0:[1,10);J1:[1,11);J2:[23,33);J3:[13,18);J4:[10,19);J5:[2,14);J6:[1,13);J7:[11,16);J8:[22,32);J9:[22,27);J10:[20,25);J11:[3,6)","J0;J4;J10","3","J11;J7;J10","3","1.0","J0;J4;J10","3","1.0","J11;J7;J10","3","1.0","J11;J3;J2","3","1.0"
"clustered-106","40502026","clustered","7","J0:[21,32);J1:[1,8);J2:[2,4);J3:[10,14);J4:[12,24);J5:[0,3);J6:[22,29)","J5;J3;J0","3","J5;J3;J6","3","1.0","J5;J3;J0","3","1.0","J2;J3;J6","3","1.0","J2;J3;J6","3","1.0"
"clustered-107","40502026","clustered","6","J0:[10,16);J1:[10,12);J2:[3,5);J3:[10,13);J4:[21,25);J5:[2,11)","J2;J1;J4","3","J2;J1;J4","3","1.0","J5;J4","2","0.6666666666666666","J2;J1;J4","3","1.0","J2;J0;J4","3","1.0"
"clustered-108","40502026","clustered","6","J0:[1,12);J1:[1,11);J2:[1,8);J3:[12,20);J4:[11,19);J5:[23,26)","J2;J4;J5","3","J2;J4;J5","3","1.0","J2;J4;J5","3","1.0","J5;J2;J4","3","1.0","J0;J3;J5","3","1.0"
"clustered-109","40502026","clustered","10","J0:[21,25);J1:[13,16);J2:[23,26);J3:[2,5);J4:[22,23);J5:[22,24);J6:[3,5);J7:[20,25);J8:[2,3);J9:[3,8)","J8;J6;J1;J4;J2","5","J8;J6;J1;J4;J2","5","1.0","J8;J6;J1;J7","4","0.8","J8;J4;J6;J1;J2","5","1.0","J8;J9;J1;J4;J2","5","1.0"
"clustered-110","40502026","clustered","7","J0:[13,20);J1:[22,31);J2:[20,26);J3:[0,2);J4:[23,29);J5:[2,12);J6:[1,3)","J3;J5;J0;J2","4","J3;J5;J0;J2","4","1.0","J3;J5;J0;J2","4","1.0","J3;J2;J0;J5","4","1.0","J3;J5;J0;J4","4","1.0"
"clustered-111","40502026","clustered","12","J0:[21,24);J1:[3,6);J2:[20,26);J3:[20,23);J4:[22,32);J5:[13,19);J6:[0,12);J7:[12,23);J8:[20,31);J9:[20,27);J10:[22,32);J11:[13,21)","J6;J5;J3","3","J1;J5;J3","3","1.0","J6;J7","2","0.6666666666666666","J1;J3;J5","3","1.0","J1;J11;J4","3","1.0"
"clustered-112","40502026","clustered","9","J0:[2,8);J1:[20,27);J2:[0,1);J3:[21,25);J4:[10,18);J5:[1,13);J6:[13,18);J7:[0,2);J8:[13,24)","J2;J5;J6;J1","4","J2;J0;J4;J3","4","1.0","J2;J5;J6;J1","4","1.0","J2;J3;J6;J0","4","1.0","J7;J0;J6;J3","4","1.0"
"clustered-113","40502026","clustered","7","J0:[23,34);J1:[22,25);J2:[2,13);J3:[21,33);J4:[13,20);J5:[20,23);J6:[22,24)","J2;J4;J5;J0","4","J2;J4;J5;J0","4","1.0","J2;J4;J5;J0","4","1.0","J6;J4;J2","3","0.75","J2;J4;J5;J0","4","1.0"
"clustered-114","40502026","clustered","5","J0:[21,27);J1:[12,24);J2:[2,8);J3:[2,3);J4:[3,15)","J3;J4;J0","3","J3;J4;J0","3","1.0","J3;J4;J0","3","1.0","J3;J0;J4","3","1.0","J3;J4;J0","3","1.0"
"clustered-115","40502026","clustered","8","J0:[12,21);J1:[10,16);J2:[23,33);J3:[21,27);J4:[11,20);J5:[12,16);J6:[13,19);J7:[12,13)","J7;J6;J3","3","J7;J6;J3","3","1.0","J1;J3","2","0.6666666666666666","J7;J6;J3","3","1.0","J7;J6;J2","3","1.0"
"clustered-116","40502026","clustered","12","J0:[21,32);J1:[10,19);J2:[12,15);J3:[22,30);J4:[13,25);J5:[23,26);J6:[12,17);J7:[21,31);J8:[22,29);J9:[3,6);J10:[11,13);J11:[0,8)","J11;J1;J7","3","J9;J10;J4","3","1.0","J11;J1;J7","3","1.0","J10;J9;J5","3","1.0","J9;J6;J5","3","1.0"
"clustered-117","40502026","clustered","6","J0:[22,23);J1:[2,3);J2:[1,5);J3:[21,23);J4:[0,3);J5:[23,34)","J4;J3;J5","3","J4;J3;J5","3","1.0","J4;J3;J5","3","1.0","J1;J0;J5","3","1.0","J1;J0;J5","3","1.0"
"clustered-118","40502026","clustered","10","J0:[3,14);J1:[22,29);J2:[13,14);J3:[12,17);J4:[2,13);J5:[21,26);J6:[11,21);J7:[1,12);J8:[20,23);J9:[22,27)","J7;J3;J8","3","J7;J2;J8","3","1.0","J7;J3;J8","3","1.0","J2;J8;J7","3","1.0","J4;J2;J1","3","1.0"
"clustered-119","40502026","clustered","11","J0:[22,31);J1:[1,12);J2:[23,34);J3:[22,27);J4:[10,17);J5:[1,6);J6:[0,2);J7:[3,8);J8:[12,20);J9:[3,5);J10:[2,7)","J6;J10;J4;J3","4","J6;J9;J4;J3","4","1.0","J6;J10;J4;J3","4","1.0","J6;J9;J3;J4","4","1.0","J6;J7;J8;J2","4","1.0"
"clustered-120","40502026","clustered","10","J0:[1,10);J1:[12,20);J2:[2,11);J3:[0,7);J4:[13,23);J5:[21,27);J6:[20,26);J7:[1,2);J8:[22,28);J9:[10,20)","J7;J2;J1;J6","4","J7;J2;J1;J6","4","1.0","J3;J9;J6","3","0.75","J7;J6;J1;J2","4","1.0","J7;J2;J1;J8","4","1.0"
"clustered-121","40502026","clustered","9","J0:[2,9);J1:[23,30);J2:[3,10);J3:[10,21);J4:[22,26);J5:[13,25);J6:[23,25);J7:[0,3);J8:[13,16)","J7;J2;J3;J4","4","J7;J2;J8;J6","4","1.0","J7;J2;J3;J4","4","1.0","J6;J7;J8;J2","4","1.0","J7;J2;J8;J1","4","1.0"
"clustered-122","40502026","clustered","6","J0:[11,13);J1:[2,10);J2:[11,12);J3:[22,28);J4:[12,16);J5:[21,29)","J1;J2;J4;J5","4","J1;J2;J4;J3","4","1.0","J1;J2;J4;J5","4","1.0","J2;J4;J3;J1","4","1.0","J1;J2;J4;J3","4","1.0"
"clustered-123","40502026","clustered","12","J0:[0,10);J1:[21,30);J2:[13,18);J3:[11,23);J4:[23,25);J5:[13,22);J6:[1,11);J7:[23,31);J8:[13,21);J9:[20,31);J10:[13,15);J11:[2,10)","J0;J3;J4","3","J0;J10;J4","3","1.0","J0;J3;J4","3","1.0","J10;J4;J11","3","1.0","J11;J5;J7","3","1.0"
"clustered-124","40502026","clustered","6","J0:[3,13);J1:[20,22);J2:[1,5);J3:[21,23);J4:[3,10);J5:[2,4)","J2;J1","2","J5;J1","2","1.0","J2;J1","2","1.0","J5;J1","2","1.0","J0;J3","2","1.0"
