"instance_id","intervals","optimal_ids","optimum_size","EarliestFinish_ids","EarliestFinish_size","EarliestStart_ids","EarliestStart_size","ShortestDuration_ids","ShortestDuration_size","LatestStart_ids","LatestStart_size"
"1","J0:[0,1)","J0","1","J0","1","J0","1","J0","1","J0","1"
"2","J0:[0,2)","J0","1","J0","1","J0","1","J0","1","J0","1"
"3","J0:[0,3)","J0","1","J0","1","J0","1","J0","1","J0","1"
"4","J0:[0,4)","J0","1","J0","1","J0","1","J0","1","J0","1"
"5","J0:[0,5)","J0","1","J0","1","J0","1","J0","1","J0","1"
"6","J0:[0,6)","J0","1","J0","1","J0","1","J0","1","J0","1"
"7","J0:[1,2)","J0","1","J0","1","J0","1","J0","1","J0","1"
"8","J0:[1,3)","J0","1","J0","1","J0","1","J0","1","J0","1"
"9","J0:[1,4)","J0","1","J0","1","J0","1","J0","1","J0","1"
"10","J0:[1,5)","J0","1","J0","1","J0","1","J0","1","J0","1"
"11","J0:[1,6)","J0","1","J0","1","J0","1","J0","1","J0","1"
"12","J0:[2,3)","J0","1","J0","1","J0","1","J0","1","J0","1"
"13","J0:[2,4)","J0","1","J0","1","J0","1","J0","1","J0","1"
"14","J0:[2,5)","J0","1","J0","1","J0","1","J0","1","J0","1"
"15","J0:[2,6)","J0","1","J0","1","J0","1","J0","1","J0","1"
"16","J0:[3,4)","J0","1","J0","1","J0","1","J0","1","J0","1"
"17","J0:[3,5)","J0","1","J0","1","J0","1","J0","1","J0","1"
"18","J0:[3,6)","J0","1","J0","1","J0","1","J0","1","J0","1"
"19","J0:[4,5)","J0","1","J0","1","J0","1","J0","1","J0","1"
"20","J0:[4,6)","J0","1","J0","1","J0","1","J0","1","J0","1"
"21","J0:[5,6)","J0","1","J0","1","J0","1","J0","1","J0","1"
"22","J0:[0,1);J1:[0,2)","J0","1","J0","1","J0","1","J0","1","J1","1"
"23","J0:[0,1);J1:[0,3)","J0","1","J0","1","J0","1","J0","1","J1","1"
"24","J0:[0,1);J1:[0,4)","J0","1","J0","1","J0","1","J0","1","J1","1"
"25","J0:[0,1);J1:[0,5)","J0","1","J0","1","J0","1","J0","1","J1","1"
"26","J0:[0,1);J1:[0,6)","J0","1","J0","1","J0","1","J0","1","J1","1"
"27","J0:[0,1);J1:[1,2)","J0;J1","2","J0;J1","2","J0;J1","2","J0;J1","2","J0;J1","2"
"28","J0:[0,1);J1:[1,3)","J0;J1","2","J0;J1","2","J0;J1","2","J0;J1","2","J0;J1","2"
"29","J0:[0,1);J1:[1,4)","J0;J1","2","J0;J1","2","J0;J1","2","J0;J1","2","J0;J1","2"
"30","J0:[0,1);J1:[1,5)","J0;J1","2","J0;J1","2","J0;J1","2","J0;J1","2","J0;J1","2"
"31","J0:[0,1);J1:[1,6)","J0;J1","2","J0;J1","2","J0;J1","2","J0;J1","2","J0;J1","2"
"32","J0:[0,1);J1:[2,3)","J0;J1","2","J0;J1","2","J0;J1","2","J0;J1","2","J0;J1","2"
"33","J0:[0,1);J1:[2,4)","J0;J1","2","J0;J1","2","J0;J1","2","J0;J1","2","J0;J1","2"
"34","J0:[0,1);J1:[2,5)","J0;J1","2","J0;J1","2","J0;J1","2","J0;J1","2","J0;J1","2"
"35","J0:[0,1);J1:[2,6)","J0;J1","2","J0;J1","2","J0;J1","2","J0;J1","2","J0;J1","2"
"36","J0:[0,1);J1:[3,4)","J0;J1","2","J0;J1","2","J0;J1","2","J0;J1","2","J0;J1","2"
"37","J0:[0,1);J1:[3,5)","J0;J1","2","J0;J1","2","J0;J1","2","J0;J1","2","J0;J1","2"
"38","J0:[0,1);J1:[3,6)","J0;J1","2","J0;J1","2","J0;J1","2","J0;J1","2","J0;J1","2"
"39","J0:[0,1);J1:[4,5)","J0;J1","2","J0;J1","2","J0;J1","2","J0;J1","2","J0;J1","2"
"40","J0:[0,1);J1:[4,6)","J0;J1","2","J0;J1","2","J0;J1","2","J0;J1","2","J0;J1","2"
"41","J0:[0,1);J1:[5,6)","J0;J1","2","J0;J1","2","J0;J1","2","J0;J1","2","J0;J1","2"
"42","J0:[0,2);J1:[0,3)","J0","1","J0","1","J0","1","J0","1","J1","1"
"43","J0:[0,2);J1:[0,4)","J0","1","J0","1","J0","1","J0","1","J1","1"
"44","J0:[0,2);J1:[0,5)","J0","1","J0","1","J0","1","J0","1","J1","1"
"45","J0:[0,2);J1:[0,6)","J0","1","J0","1","J0","1","J0","1","J1","1"
"46","J0:[0,2);J1:[1,2)","J0","1","J0","1","J0","1","J1","1","J1","1"
"47","J0:[0,2);J1:[1,3)","J0","1","J0","1","J0","1","J0","1","J1","1"
"48","J0:[0,2);J1:[1,4)","J0","1","J0","1","J0","1","J0","1","J1","1"
"49","J0:[0,2);J1:[1,5)","J0","1","J0","1","J0","1","J0","1","J1","1"
"50","J0:[0,2);J1:[1,6)","J0","1","J0","1","J0","1","J0","1","J1","1"
"51","J0:[0,2);J1:[2,3)","J0;J1","2","J0;J1","2","J0;J1","2","J1;J0","2","J0;J1","2"
"52","J0:[0,2);J1:[2,4)","J0;J1","2","J0;J1","2","J0;J1","2","J0;J1","2","J0;J1","2"
"53","J0:[0,2);J1:[2,5)","J0;J1","2","J0;J1","2","J0;J1","2","J0;J1","2","J0;J1","2"
"54","J0:[0,2);J1:[2,6)","J0;J1","2","J0;J1","2","J0;J1","2","J0;J1","2","J0;J1","2"
"55","J0:[0,2);J1:[3,4)","J0;J1","2","J0;J1","2","J0;J1","2","J1;J0","2","J0;J1","2"
"56","J0:[0,2);J1:[3,5)","J0;J1","2","J0;J1","2","J0;J1","2","J0;J1","2","J0;J1","2"
"57","J0:[0,2);J1:[3,6)","J0;J1","2","J0;J1","2","J0;J1","2","J0;J1","2","J0;J1","2"
"58","J0:[0,2);J1:[4,5)","J0;J1","2","J0;J1","2","J0;J1","2","J1;J0","2","J0;J1","2"
"59","J0:[0,2);J1:[4,6)","J0;J1","2","J0;J1","2","J0;J1","2","J0;J1","2","J0;J1","2"
"60","J0:[0,2);J1:[5,6)","J0;J1","2","J0;J1","2","J0;J1","2","J1;J0","2","J0;J1","2"
"61","J0:[0,3);J1:[0,4)","J0","1","J0","1","J0","1","J0","1","J1","1"
"62","J0:[0,3);J1:[0,5)","J0","1","J0","1","J0","1","J0","1","J1","1"
"63","J0:[0,3);J1:[0,6)","J0","1","J0","1","J0","1","J0","1","J1","1"
"64","J0:[0,3);J1:[1,2)","J0","1","J1","1","J0","1","J1","1","J1","1"
"65","J0:[0,3);J1:[1,3)","J0","1","J0","1","J0","1","J1","1","J1","1"
"66","J0:[0,3);J1:[1,4)","J0","1","J0","1","J0","1","J0","1","J1","1"
"67","J0:[0,3);J1:[1,5)","J0","1","J0","1","J0","1","J0","1","J1","1"
"68","J0:[0,3);J1:[1,6)","J0","1","J0","1","J0","1","J0","1","J1","1"
"69","J0:[0,3);J1:[2,3)","J0","1","J0","1","J0","1","J1","1","J1","1"
"70","J0:[0,3);J1:[2,4)","J0","1","J0","1","J0","1","J1","1","J1","1"
"71","J0:[0,3);J1:[2,5)","J0","1","J0","1","J0","1","J0","1","J1","1"
"72","J0:[0,3);J1:[2,6)","J0","1","J0","1","J0","1","J0","1","J1","1"
"73","J0:[0,3);J1:[3,4)","J0;J1","2","J0;J1","2","J0;J1","2","J1;J0","2","J0;J1","2"
"74","J0:[0,3);J1:[3,5)","J0;J1","2","J0;J1","2","J0;J1","2","J1;J0","2","J0;J1","2"
"75","J0:[0,3);J1:[3,6)","J0;J1","2","J0;J1","2","J0;J1","2","J0;J1","2","J0;J1","2"
"76","J0:[0,3);J1:[4,5)","J0;J1","2","J0;J1","2","J0;J1","2","J1;J0","2","J0;J1","2"
"77","J0:[0,3);J1:[4,6)","J0;J1","2","J0;J1","2","J0;J1","2","J1;J0","2","J0;J1","2"
"78","J0:[0,3);J1:[5,6)","J0;J1","2","J0;J1","2","J0;J1","2","J1;J0","2","J0;J1","2"
"79","J0:[0,4);J1:[0,5)","J0","1","J0","1","J0","1","J0","1","J1","1"
"80","J0:[0,4);J1:[0,6)","J0","1","J0","1","J0","1","J0","1","J1","1"
"81","J0:[0,4);J1:[1,2)","J0","1","J1","1","J0","1","J1","1","J1","1"
"82","J0:[0,4);J1:[1,3)","J0","1","J1","1","J0","1","J1","1","J1","1"
"83","J0:[0,4);J1:[1,4)","J0","1","J0","1","J0","1","J1","1","J1","1"
"84","J0:[0,4);J1:[1,5)","J0","1","J0","1","J0","1","J0","1","J1","1"
"85","J0:[0,4);J1:[1,6)","J0","1","J0","1","J0","1","J0","1","J1","1"
"86","J0:[0,4);J1:[2,3)","J0","1","J1","1","J0","1","J1","1","J1","1"
"87","J0:[0,4);J1:[2,4)","J0","1","J0","1","J0","1","J1","1","J1","1"
"88","J0:[0,4);J1:[2,5)","J0","1","J0","1","J0","1","J1","1","J1","1"
"89","J0:[0,4);J1:[2,6)","J0","1","J0","1","J0","1","J0","1","J1","1"
"90","J0:[0,4);J1:[3,4)","J0","1","J0","1","J0","1","J1","1","J1","1"
"91","J0:[0,4);J1:[3,5)","J0","1","J0","1","J0","1","J1","1","J1","1"
"92","J0:[0,4);J1:[3,6)","J0","1","J0","1","J0","1","J1","1","J1","1"
"93","J0:[0,4);J1:[4,5)","J0;J1","2","J0;J1","2","J0;J1","2","J1;J0","2","J0;J1","2"
"94","J0:[0,4);J1:[4,6)","J0;J1","2","J0;J1","2","J0;J1","2","J1;J0","2","J0;J1","2"
"95","J0:[0,4);J1:[5,6)","J0;J1","2","J0;J1","2","J0;J1","2","J1;J0","2","J0;J1","2"
"96","J0:[0,5);J1:[0,6)","J0","1","J0","1","J0","1","J0","1","J1","1"
"97","J0:[0,5);J1:[1,2)","J0","1","J1","1","J0","1","J1","1","J1","1"
"98","J0:[0,5);J1:[1,3)","J0","1","J1","1","J0","1","J1","1","J1","1"
"99","J0:[0,5);J1:[1,4)","J0","1","J1","1","J0","1","J1","1","J1","1"
"100","J0:[0,5);J1:[1,5)","J0","1","J0","1","J0","1","J1","1","J1","1"
"101","J0:[0,5);J1:[1,6)","J0","1","J0","1","J0","1","J0","1","J1","1"
"102","J0:[0,5);J1:[2,3)","J0","1","J1","1","J0","1","J1","1","J1","1"
"103","J0:[0,5);J1:[2,4)","J0","1","J1","1","J0","1","J1","1","J1","1"
"104","J0:[0,5);J1:[2,5)","J0","1","J0","1","J0","1","J1","1","J1","1"
"105","J0:[0,5);J1:[2,6)","J0","1","J0","1","J0","1","J1","1","J1","1"
"106","J0:[0,5);J1:[3,4)","J0","1","J1","1","J0","1","J1","1","J1","1"
"107","J0:[0,5);J1:[3,5)","J0","1","J0","1","J0","1","J1","1","J1","1"
"108","J0:[0,5);J1:[3,6)","J0","1","J0","1","J0","1","J1","1","J1","1"
"109","J0:[0,5);J1:[4,5)","J0","1","J0","1","J0","1","J1","1","J1","1"
"110","J0:[0,5);J1:[4,6)","J0","1","J0","1","J0","1","J1","1","J1","1"
"111","J0:[0,5);J1:[5,6)","J0;J1","2","J0;J1","2","J0;J1","2","J1;J0","2","J0;J1","2"
"112","J0:[0,6);J1:[1,2)","J0","1","J1","1","J0","1","J1","1","J1","1"
"113","J0:[0,6);J1:[1,3)","J0","1","J1","1","J0","1","J1","1","J1","1"
"114","J0:[0,6);J1:[1,4)","J0","1","J1","1","J0","1","J1","1","J1","1"
"115","J0:[0,6);J1:[1,5)","J0","1","J1","1","J0","1","J1","1","J1","1"
"116","J0:[0,6);J1:[1,6)","J0","1","J0","1","J0","1","J1","1","J1","1"
"117","J0:[0,6);J1:[2,3)","J0","1","J1","1","J0","1","J1","1","J1","1"
"118","J0:[0,6);J1:[2,4)","J0","1","J1","1","J0","1","J1","1","J1","1"
"119","J0:[0,6);J1:[2,5)","J0","1","J1","1","J0","1","J1","1","J1","1"
"120","J0:[0,6);J1:[2,6)","J0","1","J0","1","J0","1","J1","1","J1","1"
"121","J0:[0,6);J1:[3,4)","J0","1","J1","1","J0","1","J1","1","J1","1"
"122","J0:[0,6);J1:[3,5)","J0","1","J1","1","J0","1","J1","1","J1","1"
"123","J0:[0,6);J1:[3,6)","J0","1","J0","1","J0","1","J1","1","J1","1"
"124","J0:[0,6);J1:[4,5)","J0","1","J1","1","J0","1","J1","1","J1","1"
"125","J0:[0,6);J1:[4,6)","J0","1","J0","1","J0","1","J1","1","J1","1"
"126","J0:[0,6);J1:[5,6)","J0","1","J0","1","J0","1","J1","1","J1","1"
"127","J0:[1,2);J1:[1,3)","J0","1","J0","1","J0","1","J0","1","J1","1"
"128","J0:[1,2);J1:[1,4)","J0","1","J0","1","J0","1","J0","1","J1","1"
"129","J0:[1,2);J1:[1,5)","J0","1","J0","1","J0","1","J0","1","J1","1"
"130","J0:[1,2);J1:[1,6)","J0","1","J0","1","J0","1","J0","1","J1","1"
"131","J0:[1,2);J1:[2,3)","J0;J1","2","J0;J1","2","J0;J1","2","J0;J1","2","J0;J1","2"
"132","J0:[1,2);J1:[2,4)","J0;J1","2","J0;J1","2","J0;J1","2","J0;J1","2","J0;J1","2"
"133","J0:[1,2);J1:[2,5)","J0;J1","2","J0;J1","2","J0;J1","2","J0;J1","2","J0;J1","2"
"134","J0:[1,2);J1:[2,6)","J0;J1","2","J0;J1","2","J0;J1","2","J0;J1","2","J0;J1","2"
"135","J0:[1,2);J1:[3,4)","J0;J1","2","J0;J1","2","J0;J1","2","J0;J1","2","J0;J1","2"
"136","J0:[1,2);J1:[3,5)","J0;J1","2","J0;J1","2","J0;J1","2","J0;J1","2","J0;J1","2"
"137","J0:[1,2);J1:[3,6)","J0;J1","2","J0;J1","2","J0;J1","2","J0;J1","2","J0;J1","2"
"138","J0:[1,2);J1:[4,5)","J0;J1","2","J0;J1","2","J0;J1","2","J0;J1","2","J0;J1","2"
"139","J0:[1,2);J1:[4,6)","J0;J1","2","J0;J1","2","J0;J1","2","J0;J1","2","J0;J1","2"
"140","J0:[1,2);J1:[5,6)","J0;J1","2","J0;J1","2","J0;J1","2","J0;J1","2","J0;J1","2"
"141","J0:[1,3);J1:[1,4)","J0","1","J0","1","J0","1","J0","1","J1","1"
"142","J0:[1,3);J1:[1,5)","J0","1","J0","1","J0","1","J0","1","J1","1"
"143","J0:[1,3);J1:[1,6)","J0","1","J0","1","J0","1","J0","1","J1","1"
"144","J0:[1,3);J1:[2,3)","J0","1","J0","1","J0","1","J1","1","J1","1"
"145","J0:[1,3);J1:[2,4)","J0","1","J0","1","J0","1","J0","1","J1","1"
"146","J0:[1,3);J1:[2,5)","J0","1","J0","1","J0","1","J0","1","J1","1"
"147","J0:[1,3);J1:[2,6)","J0","1","J0","1","J0","1","J0","1","J1","1"
"148","J0:[1,3);J1:[3,4)","J0;J1","2","J0;J1","2","J0;J1","2","J1;J0","2","J0;J1","2"
"149","J0:[1,3);J1:[3,5)","J0;J1","2","J0;J1","2","J0;J1","2","J0;J1","2","J0;J1","2"
"150","J0:[1,3);J1:[3,6)","J0;J1","2","J0;J1","2","J0;J1","2","J0;J1","2","J0;J1","2"
"151","J0:[1,3);J1:[4,5)","J0;J1","2","J0;J1","2","J0;J1","2","J1;J0","2","J0;J1","2"
"152","J0:[1,3);J1:[4,6)","J0;J1","2","J0;J1","2","J0;J1","2","J0;J1","2","J0;J1","2"
"153","J0:[1,3);J1:[5,6)","J0;J1","2","J0;J1","2","J0;J1","2","J1;J0","2","J0;J1","2"
"154","J0:[1,4);J1:[1,5)","J0","1","J0","1","J0","1","J0","1","J1","1"
"155","J0:[1,4);J1:[1,6)","J0","1","J0","1","J0","1","J0","1","J1","1"
"156","J0:[1,4);J1:[2,3)","J0","1","J1","1","J0","1","J1","1","J1","1"
"157","J0:[1,4);J1:[2,4)","J0","1","J0","1","J0","1","J1","1","J1","1"
"158","J0:[1,4);J1:[2,5)","J0","1","J0","1","J0","1","J0","1","J1","1"
"159","J0:[1,4);J1:[2,6)","J0","1","J0","1","J0","1","J0","1","J1","1"
"160","J0:[1,4);J1:[3,4)","J0","1","J0","1","J0","1","J1","1","J1","1"
"161","J0:[1,4);J1:[3,5)","J0","1","J0","1","J0","1","J1","1","J1","1"
"162","J0:[1,4);J1:[3,6)","J0","1","J0","1","J0","1","J0","1","J1","1"
"163","J0:[1,4);J1:[4,5)","J0;J1","2","J0;J1","2","J0;J1","2","J1;J0","2","J0;J1","2"
"164","J0:[1,4);J1:[4,6)","J0;J1","2","J0;J1","2","J0;J1","2","J1;J0","2","J0;J1","2"
"165","J0:[1,4);J1:[5,6)","J0;J1","2","J0;J1","2","J0;J1","2","J1;J0","2","J0;J1","2"
"166","J0:[1,5);J1:[1,6)","J0","1","J0","1","J0","1","J0","1","J1","1"
"167","J0:[1,5);J1:[2,3)","J0","1","J1","1","J0","1","J1","1","J1","1"
"168","J0:[1,5);J1:[2,4)","J0","1","J1","1","J0","1","J1","1","J1","1"
"169","J0:[1,5);J1:[2,5)","J0","1","J0","1","J0","1","J1","1","J1","1"
"170","J0:[1,5);J1:[2,6)","J0","1","J0","1","J0","1","J0","1","J1","1"
"171","J0:[1,5);J1:[3,4)","J0","1","J1","1","J0","1","J1","1","J1","1"
"172","J0:[1,5);J1:[3,5)","J0","1","J0","1","J0","1","J1","1","J1","1"
"173","J0:[1,5);J1:[3,6)","J0","1","J0","1","J0","1","J1","1","J1","1"
"174","J0:[1,5);J1:[4,5)","J0","1","J0","1","J0","1","J1","1","J1","1"
"175","J0:[1,5);J1:[4,6)","J0","1","J0","1","J0","1","J1","1","J1","1"
"176","J0:[1,5);J1:[5,6)","J0;J1","2","J0;J1","2","J0;J1","2","J1;J0","2","J0;J1","2"
"177","J0:[1,6);J1:[2,3)","J0","1","J1","1","J0","1","J1","1","J1","1"
"178","J0:[1,6);J1:[2,4)","J0","1","J1","1","J0","1","J1","1","J1","1"
"179","J0:[1,6);J1:[2,5)","J0","1","J1","1","J0","1","J1","1","J1","1"
"180","J0:[1,6);J1:[2,6)","J0","1","J0","1","J0","1","J1","1","J1","1"
"181","J0:[1,6);J1:[3,4)","J0","1","J1","1","J0","1","J1","1","J1","1"
"182","J0:[1,6);J1:[3,5)","J0","1","J1","1","J0","1","J1","1","J1","1"
"183","J0:[1,6);J1:[3,6)","J0","1","J0","1","J0","1","J1","1","J1","1"
"184","J0:[1,6);J1:[4,5)","J0","1","J1","1","J0","1","J1","1","J1","1"
"185","J0:[1,6);J1:[4,6)","J0","1","J0","1","J0","1","J1","1","J1","1"
"186","J0:[1,6);J1:[5,6)","J0","1","J0","1","J0","1","J1","1","J1","1"
"187","J0:[2,3);J1:[2,4)","J0","1","J0","1","J0","1","J0","1","J1","1"
"188","J0:[2,3);J1:[2,5)","J0","1","J0","1","J0","1","J0","1","J1","1"
"189","J0:[2,3);J1:[2,6)","J0","1","J0","1","J0","1","J0","1","J1","1"
"190","J0:[2,3);J1:[3,4)","J0;J1","2","J0;J1","2","J0;J1","2","J0;J1","2","J0;J1","2"
"191","J0:[2,3);J1:[3,5)","J0;J1","2","J0;J1","2","J0;J1","2","J0;J1","2","J0;J1","2"
"192","J0:[2,3);J1:[3,6)","J0;J1","2","J0;J1","2","J0;J1","2","J0;J1","2","J0;J1","2"
"193","J0:[2,3);J1:[4,5)","J0;J1","2","J0;J1","2","J0;J1","2","J0;J1","2","J0;J1","2"
"194","J0:[2,3);J1:[4,6)","J0;J1","2","J0;J1","2","J0;J1","2","J0;J1","2","J0;J1","2"
"195","J0:[2,3);J1:[5,6)","J0;J1","2","J0;J1","2","J0;J1","2","J0;J1","2","J0;J1","2"
"196","J0:[2,4);J1:[2,5)","J0","1","J0","1","J0","1","J0","1","J1","1"
"197","J0:[2,4);J1:[2,6)","J0","1","J0","1","J0","1","J0","1","J1","1"
"198","J0:[2,4);J1:[3,4)","J0","1","J0","1","J0","1","J1","1","J1","1"
"199","J0:[2,4);J1:[3,5)","J0","1","J0","1","J0","1","J0","1","J1","1"
"200","J0:[2,4);J1:[3,6)","J0","1","J0","1","J0","1","J0","1","J1","1"
"201","J0:[2,4);J1:[4,5)","J0;J1","2","J0;J1","2","J0;J1","2","J1;J0","2","J0;J1","2"
"202","J0:[2,4);J1:[4,6)","J0;J1","2","J0;J1","2","J0;J1","2","J0;J1","2","J0;J1","2"
"203","J0:[2,4);J1:[5,6)","J0;J1","2","J0;J1","2","J0;J1","2","J1;J0","2","J0;J1","2"
"204","J0:[2,5);J1:[2,6)","J0","1","J0","1","J0","1","J0","1","J1","1"
"205","J0:[2,5);J1:[3,4)","J0","1","J1","1","J0","1","J1","1","J1","1"
"206","J0:[2,5);J1:[3,5)","J0","1","J0","1","J0","1","J1","1","J1","1"
"207","J0:[2,5);J1:[3,6)","J0","1","J0","1","J0","1","J0","1","J1","1"
"208","J0:[2,5);J1:[4,5)","J0","1","J0","1","J0","1","J1","1","J1","1"
"209","J0:[2,5);J1:[4,6)","J0","1","J0","1","J0","1","J1","1","J1","1"
"210","J0:[2,5);J1:[5,6)","J0;J1","2","J0;J1","2","J0;J1","2","J1;J0","2","J0;J1","2"
"211","J0:[2,6);J1:[3,4)","J0","1","J1","1","J0","1","J1","1","J1","1"
"212","J0:[2,6);J1:[3,5)","J0","1","J1","1","J0","1","J1","1","J1","1"
"213","J0:[2,6);J1:[3,6)","J0","1","J0","1","J0","1","J1","1","J1","1"
"214","J0:[2,6);J1:[4,5)","J0","1","J1","1","J0","1","J1","1","J1","1"
"215","J0:[2,6);J1:[4,6)","J0","1","J0","1","J0","1","J1","1","J1","1"
"216","J0:[2,6);J1:[5,6)","J0","1","J0","1","J0","1","J1","1","J1","1"
"217","J0:[3,4);J1:[3,5)","J0","1","J0","1","J0","1","J0","1","J1","1"
"218","J0:[3,4);J1:[3,6)","J0","1","J0","1","J0","1","J0","1","J1","1"
"219","J0:[3,4);J1:[4,5)","J0;J1","2","J0;J1","2","J0;J1","2","J0;J1","2","J0;J1","2"
"220","J0:[3,4);J1:[4,6)","J0;J1","2","J0;J1","2","J0;J1","2","J0;J1","2","J0;J1","2"
"221","J0:[3,4);J1:[5,6)","J0;J1","2","J0;J1","2","J0;J1","2","J0;J1","2","J0;J1","2"
"222","J0:[3,5);J1:[3,6)","J0","1","J0","1","J0","1","J0","1","J1","1"
"223","J0:[3,5);J1:[4,5)","J0","1","J0","1","J0","1","J1","1","J1","1"
"224","J0:[3,5);J1:[4,6)","J0","1","J0","1","J0","1","J0","1","J1","1"
"225","J0:[3,5);J1:[5,6)","J0;J1","2","J0;J1","2","J0;J1","2","J1;J0","2","J0;J1","2"
"226","J0:[3,6);J1:[4,5)","J0","1","J1","1","J0","1","J1","1","J1","1"
"227","J0:[3,6);J1:[4,6)","J0","1","J0","1","J0","1","J1","1","J1","1"
"228","J0:[3,6);J1:[5,6)","J0","1","J0","1","J0","1","J1","1","J1","1"
"229","J0:[4,5);J1:[4,6)","J0","1","J0","1","J0","1","J0","1","J1","1"
"230","J0:[4,5);J1:[5,6)","J0;J1","2","J0;J1","2","J0;J1","2","J0;J1","2","J0;J1","2"
"231","J0:[4,6);J1:[5,6)","J0","1","J0","1","J0","1","J1","1","J1","1"
"232","J0:[0,1);J1:[0,2);J2:[0,3)","J0","1","J0","1","J0","1","J0","1","J2","1"
"233","J0:[0,1);J1:[0,2);J2:[0,4)","J0","1","J0","1","J0","1","J0","1","J2","1"
"234","J0:[0,1);J1:[0,2);J2:[0,5)","J0","1","J0","1","J0","1","J0","1","J2","1"
"235","J0:[0,1);J1:[0,2);J2:[0,6)","J0","1","J0","1","J0","1","J0","1","J2","1"
"236","J0:[0,1);J1:[0,2);J2:[1,2)","J0;J2","2","J0;J2","2","J0;J2","2","J0;J2","2","J0;J2","2"
"237","J0:[0,1);J1:[0,2);J2:[1,3)","J0;J2","2","J0;J2","2","J0;J2","2","J0;J2","2","J0;J2","2"
"238","J0:[0,1);J1:[0,2);J2:[1,4)","J0;J2","2","J0;J2","2","J0;J2","2","J0;J2","2","J0;J2","2"
"239","J0:[0,1);J1:[0,2);J2:[1,5)","J0;J2","2","J0;J2","2","J0;J2","2","J0;J2","2","J0;J2","2"
"240","J0:[0,1);J1:[0,2);J2:[1,6)","J0;J2","2","J0;J2","2","J0;J2","2","J0;J2","2","J0;J2","2"
"241","J0:[0,1);J1:[0,2);J2:[2,3)","J0;J2","2","J0;J2","2","J0;J2","2","J0;J2","2","J1;J2","2"
"242","J0:[0,1);J1:[0,2);J2:[2,4)","J0;J2","2","J0;J2","2","J0;J2","2","J0;J2","2","J1;J2","2"
"243","J0:[0,1);J1:[0,2);J2:[2,5)","J0;J2","2","J0;J2","2","J0;J2","2","J0;J2","2","J1;J2","2"
"244","J0:[0,1);J1:[0,2);J2:[2,6)","J0;J2","2","J0;J2","2","J0;J2","2","J0;J2","2","J1;J2","2"
"245","J0:[0,1);J1:[0,2);J2:[3,4)","J0;J2","2","J0;J2","2","J0;J2","2","J0;J2","2","J1;J2","2"
"246","J0:[0,1);J1:[0,2);J2:[3,5)","J0;J2","2","J0;J2","2","J0;J2","2","J0;J2","2","J1;J2","2"
"247","J0:[0,1);J1:[0,2);J2:[3,6)","J0;J2","2","J0;J2","2","J0;J2","2","J0;J2","2","J1;J2","2"
"248","J0:[0,1);J1:[0,2);J2:[4,5)","J0;J2","2","J0;J2","2","J0;J2","2","J0;J2","2","J1;J2","2"
"249","J0:[0,1);J1:[0,2);J2:[4,6)","J0;J2","2","J0;J2","2","J0;J2","2","J0;J2","2","J1;J2","2"
"250","J0:[0,1);J1:[0,2);J2:[5,6)","J0;J2","2","J0;J2","2","J0;J2","2","J0;J2","2","J1;J2","2"
"251","J0:[0,1);J1:[0,3);J2:[0,4)","J0","1","J0","1","J0","1","J0","1","J2","1"
"252","J0:[0,1);J1:[0,3);J2:[0,5)","J0","1","J0","1","J0","1","J0","1","J2","1"
"253","J0:[0,1);J1:[0,3);J2:[0,6)","J0","1","J0","1","J0","1","J0","1","J2","1"
"254","J0:[0,1);J1:[0,3);J2:[1,2)","J0;J2","2","J0;J2","2","J0;J2","2","J0;J2","2","J0;J2","2"
"255","J0:[0,1);J1:[0,3);J2:[1,3)","J0;J2","2","J0;J2","2","J0;J2","2","J0;J2","2","J0;J2","2"
"256","J0:[0,1);J1:[0,3);J2:[1,4)","J0;J2","2","J0;J2","2","J0;J2","2","J0;J2","2","J0;J2","2"
"257","J0:[0,1);J1:[0,3);J2:[1,5)","J0;J2","2","J0;J2","2","J0;J2","2","J0;J2","2","J0;J2","2"
"258","J0:[0,1);J1:[0,3);J2:[1,6)","J0;J2","2","J0;J2","2","J0;J2","2","J0;J2","2","J0;J2","2"
"259","J0:[0,1);J1:[0,3);J2:[2,3)","J0;J2","2","J0;J2","2","J0;J2","2","J0;J2","2","J0;J2","2"
"260","J0:[0,1);J1:[0,3);J2:[2,4)","J0;J2","2","J0;J2","2","J0;J2","2","J0;J2","2","J0;J2","2"
"261","J0:[0,1);J1:[0,3);J2:[2,5)","J0;J2","2","J0;J2","2","J0;J2","2","J0;J2","2","J0;J2","2"
"262","J0:[0,1);J1:[0,3);J2:[2,6)","J0;J2","2","J0;J2","2","J0;J2","2","J0;J2","2","J0;J2","2"
"263","J0:[0,1);J1:[0,3);J2:[3,4)","J0;J2","2","J0;J2","2","J0;J2","2","J0;J2","2","J1;J2","2"
"264","J0:[0,1);J1:[0,3);J2:[3,5)","J0;J2","2","J0;J2","2","J0;J2","2","J0;J2","2","J1;J2","2"
"265","J0:[0,1);J1:[0,3);J2:[3,6)","J0;J2","2","J0;J2","2","J0;J2","2","J0;J2","2","J1;J2","2"
"266","J0:[0,1);J1:[0,3);J2:[4,5)","J0;J2","2","J0;J2","2","J0;J2","2","J0;J2","2","J1;J2","2"
"267","J0:[0,1);J1:[0,3);J2:[4,6)","J0;J2","2","J0;J2","2","J0;J2","2","J0;J2","2","J1;J2","2"
"268","J0:[0,1);J1:[0,3);J2:[5,6)","J0;J2","2","J0;J2","2","J0;J2","2","J0;J2","2","J1;J2","2"
"269","J0:[0,1);J1:[0,4);J2:[0,5)","J0","1","J0","1","J0","1","J0","1","J2","1"
"270","J0:[0,1);J1:[0,4);J2:[0,6)","J0","1","J0","1","J0","1","J0","1","J2","1"
"271","J0:[0,1);J1:[0,4);J2:[1,2)","J0;J2","2","J0;J2","2","J0;J2","2","J0;J2","2","J0;J2","2"
"272","J0:[0,1);J1:[0,4);J2:[1,3)","J0;J2","2","J0;J2","2","J0;J2","2","J0;J2","2","J0;J2","2"
"273","J0:[0,1);J1:[0,4);J2:[1,4)","J0;J2","2","J0;J2","2","J0;J2","2","J0;J2","2","J0;J2","2"
"274","J0:[0,1);J1:[0,4);J2:[1,5)","J0;J2","2","J0;J2","2","J0;J2","2","J0;J2","2","J0;J2","2"
"275","J0:[0,1);J1:[0,4);J2:[1,6)","J0;J2","2","J0;J2","2","J0;J2","2","J0;J2","2","J0;J2","2"
"276","J0:[0,1);J1:[0,4);J2:[2,3)","J0;J2","2","J0;J2","2","J0;J2","2","J0;J2","2","J0;J2","2"
"277","J0:[0,1);J1:[0,4);J2:[2,4)","J0;J2","2","J0;J2","2","J0;J2","2","J0;J2","2","J0;J2","2"
"278","J0:[0,1);J1:[0,4);J2:[2,5)","J0;J2","2","J0;J2","2","J0;J2","2","J0;J2","2","J0;J2","2"
"279","J0:[0,1);J1:[0,4);J2:[2,6)","J0;J2","2","J0;J2","2","J0;J2","2","J0;J2","2","J0;J2","2"
"280","J0:[0,1);J1:[0,4);J2:[3,4)","J0;J2","2","J0;J2","2","J0;J2","2","J0;J2","2","J0;J2","2"
"281","J0:[0,1);J1:[0,4);J2:[3,5)","J0;J2","2","J0;J2","2","J0;J2","2","J0;J2","2","J0;J2","2"
"282","J0:[0,1);J1:[0,4);J2:[3,6)","J0;J2","2","J0;J2","2","J0;J2","2","J0;J2","2","J0;J2","2"
"283","J0:[0,1);J1:[0,4);J2:[4,5)","J0;J2","2","J0;J2","2","J0;J2","2","J0;J2","2","J1;J2","2"
"284","J0:[0,1);J1:[0,4);J2:[4,6)","J0;J2","2","J0;J2","2","J0;J2","2","J0;J2","2","J1;J2","2"
"285","J0:[0,1);J1:[0,4);J2:[5,6)","J0;J2","2","J0;J2","2","J0;J2","2","J0;J2","2","J1;J2","2"
"286","J0:[0,1);J1:[0,5);J2:[0,6)","J0","1","J0","1","J0","1","J0","1","J2","1"
"287","J0:[0,1);J1:[0,5);J2:[1,2)","J0;J2","2","J0;J2","2","J0;J2","2","J0;J2","2","J0;J2","2"
"288","J0:[0,1);J1:[0,5);J2:[1,3)","J0;J2","2","J0;J2","2","J0;J2","2","J0;J2","2","J0;J2","2"
"289","J0:[0,1);J1:[0,5);J2:[1,4)","J0;J2","2","J0;J2","2","J0;J2","2","J0;J2","2","J0;J2","2"
"290","J0:[0,1);J1:[0,5);J2:[1,5)","J0;J2","2","J0;J2","2","J0;J2","2","J0;J2","2","J0;J2","2"
"291","J0:[0,1);J1:[0,5);J2:[1,6)","J0;J2","2","J0;J2","2","J0;J2","2","J0;J2","2","J0;J2","2"
"292","J0:[0,1);J1:[0,5);J2:[2,3)","J0;J2","2","J0;J2","2","J0;J2","2","J0;J2","2","J0;J2","2"
"293","J0:[0,1);J1:[0,5);J2:[2,4)","J0;J2","2","J0;J2","2","J0;J2","2","J0;J2","2","J0;J2","2"
"294","J0:[0,1);J1:[0,5);J2:[2,5)","J0;J2","2","J0;J2","2","J0;J2","2","J0;J2","2","J0;J2","2"
"295","J0:[0,1);J1:[0,5);J2:[2,6)","J0;J2","2","J0;J2","2","J0;J2","2","J0;J2","2","J0;J2","2"
"296","J0:[0,1);J1:[0,5);J2:[3,4)","J0;J2","2","J0;J2","2","J0;J2","2","J0;J2","2","J0;J2","2"
"297","J0:[0,1);J1:[0,5);J2:[3,5)","J0;J2","2","J0;J2","2","J0;J2","2","J0;J2","2","J0;J2","2"
"298","J0:[0,1);J1:[0,5);J2:[3,6)","J0;J2","2","J0;J2","2","J0;J2","2","J0;J2","2","J0;J2","2"
"299","J0:[0,1);J1:[0,5);J2:[4,5)","J0;J2","2","J0;J2","2","J0;J2","2","J0;J2","2","J0;J2","2"
"300","J0:[0,1);J1:[0,5);J2:[4,6)","J0;J2","2","J0;J2","2","J0;J2","2","J0;J2","2","J0;J2","2"
"301","J0:[0,1);J1:[0,5);J2:[5,6)","J0;J2","2","J0;J2","2","J0;J2","2","J0;J2","2","J1;J2","2"
"302","J0:[0,1);J1:[0,6);J2:[1,2)","J0;J2","2","J0;J2","2","J0;J2","2","J0;J2","2","J0;J2","2"
"303","J0:[0,1);J1:[0,6);J2:[1,3)","J0;J2","2","J0;J2","2","J0;J2","2","J0;J2","2","J0;J2","2"
"304","J0:[0,1);J1:[0,6);J2:[1,4)","J0;J2","2","J0;J2","2","J0;J2","2","J0;J2","2","J0;J2","2"
"305","J0:[0,1);J1:[0,6);J2:[1,5)","J0;J2","2","J0;J2","2","J0;J2","2","J0;J2","2","J0;J2","2"
"306","J0:[0,1);J1:[0,6);J2:[1,6)","J0;J2","2","J0;J2","2","J0;J2","2","J0;J2","2","J0;J2","2"
"307","J0:[0,1);J1:[0,6);J2:[2,3)","J0;J2","2","J0;J2","2","J0;J2","2","J0;J2","2","J0;J2","2"
"308","J0:[0,1);J1:[0,6);J2:[2,4)","J0;J2","2","J0;J2","2","J0;J2","2","J0;J2","2","J0;J2","2"
"309","J0:[0,1);J1:[0,6);J2:[2,5)","J0;J2","2","J0;J2","2","J0;J2","2","J0;J2","2","J0;J2","2"
"310","J0:[0,1);J1:[0,6);J2:[2,6)","J0;J2","2","J0;J2","2","J0;J2","2","J0;J2","2","J0;J2","2"
"311","J0:[0,1);J1:[0,6);J2:[3,4)","J0;J2","2","J0;J2","2","J0;J2","2","J0;J2","2","J0;J2","2"
"312","J0:[0,1);J1:[0,6);J2:[3,5)","J0;J2","2","J0;J2","2","J0;J2","2","J0;J2","2","J0;J2","2"
"313","J0:[0,1);J1:[0,6);J2:[3,6)","J0;J2","2","J0;J2","2","J0;J2","2","J0;J2","2","J0;J2","2"
"314","J0:[0,1);J1:[0,6);J2:[4,5)","J0;J2","2","J0;J2","2","J0;J2","2","J0;J2","2","J0;J2","2"
"315","J0:[0,1);J1:[0,6);J2:[4,6)","J0;J2","2","J0;J2","2","J0;J2","2","J0;J2","2","J0;J2","2"
"316","J0:[0,1);J1:[0,6);J2:[5,6)","J0;J2","2","J0;J2","2","J0;J2","2","J0;J2","2","J0;J2","2"
"317","J0:[0,1);J1:[1,2);J2:[1,3)","J0;J1","2","J0;J1","2","J0;J1","2","J0;J1","2","J0;J2","2"
"318","J0:[0,1);J1:[1,2);J2:[1,4)","J0;J1","2","J0;J1","2","J0;J1","2","J0;J1","2","J0;J2","2"
"319","J0:[0,1);J1:[1,2);J2:[1,5)","J0;J1","2","J0;J1","2","J0;J1","2","J0;J1","2","J0;J2","2"
"320","J0:[0,1);J1:[1,2);J2:[1,6)","J0;J1","2","J0;J1","2","J0;J1","2","J0;J1","2","J0;J2","2"
"321","J0:[0,1);J1:[1,2);J2:[2,3)","J0;J1;J2","3","J0;J1;J2","3","J0;J1;J2","3","J0;J1;J2","3","J0;J1;J2","3"
"322","J0:[0,1);J1:[1,2);J2:[2,4)","J0;J1;J2","3","J0;J1;J2","3","J0;J1;J2","3","J0;J1;J2","3","J0;J1;J2","3"
"323","J0:[0,1);J1:[1,2);J2:[2,5)","J0;J1;J2","3","J0;J1;J2","3","J0;J1;J2","3","J0;J1;J2","3","J0;J1;J2","3"
"324","J0:[0,1);J1:[1,2);J2:[2,6)","J0;J1;J2","3","J0;J1;J2","3","J0;J1;J2","3","J0;J1;J2","3","J0;J1;J2","3"
"325","J0:[0,1);J1:[1,2);J2:[3,4)","J0;J1;J2","3","J0;J1;J2","3","J0;J1;J2","3","J0;J1;J2","3","J0;J1;J2","3"
"326","J0:[0,1);J1:[1,2);J2:[3,5)","J0;J1;J2","3","J0;J1;J2","3","J0;J1;J2","3","J0;J1;J2","3","J0;J1;J2","3"
"327","J0:[0,1);J1:[1,2);J2:[3,6)","J0;J1;J2","3","J0;J1;J2","3","J0;J1;J2","3","J0;J1;J2","3","J0;J1;J2","3"
"328","J0:[0,1);J1:[1,2);J2:[4,5)","J0;J1;J2","3","J0;J1;J2","3","J0;J1;J2","3","J0;J1;J2","3","J0;J1;J2","3"
"329","J0:[0,1);J1:[1,2);J2:[4,6)","J0;J1;J2","3","J0;J1;J2","3","J0;J1;J2","3","J0;J1;J2","3","J0;J1;J2","3"
"330","J0:[0,1);J1:[1,2);J2:[5,6)","J0;J1;J2","3","J0;J1;J2","3","J0;J1;J2","3","J0;J1;J2","3","J0;J1;J2","3"
"331","J0:[0,1);J1:[1,3);J2:[1,4)","J0;J1","2","J0;J1","2","J0;J1","2","J0;J1","2","J0;J2","2"
"332","J0:[0,1);J1:[1,3);J2:[1,5)","J0;J1","2","J0;J1","2","J0;J1","2","J0;J1","2","J0;J2","2"
"333","J0:[0,1);J1:[1,3);J2:[1,6)","J0;J1","2","J0;J1","2","J0;J1","2","J0;J1","2","J0;J2","2"
"334","J0:[0,1);J1:[1,3);J2:[2,3)","J0;J1","2","J0;J1","2","J0;J1","2","J0;J2","2","J0;J2","2"
"335","J0:[0,1);J1:[1,3);J2:[2,4)","J0;J1","2","J0;J1","2","J0;J1","2","J0;J1","2","J0;J2","2"
"336","J0:[0,1);J1:[1,3);J2:[2,5)","J0;J1","2","J0;J1","2","J0;J1","2","J0;J1","2","J0;J2","2"
"337","J0:[0,1);J1:[1,3);J2:[2,6)","J0;J1","2","J0;J1","2","J0;J1","2","J0;J1","2","J0;J2","2"
"338","J0:[0,1);J1:[1,3);J2:[3,4)","J0;J1;J2","3","J0;J1;J2","3","J0;J1;J2","3","J0;J2;J1","3","J0;J1;J2","3"
"339","J0:[0,1);J1:[1,3);J2:[3,5)","J0;J1;J2","3","J0;J1;J2","3","J0;J1;J2","3","J0;J1;J2","3","J0;J1;J2","3"
"340","J0:[0,1);J1:[1,3);J2:[3,6)","J0;J1;J2","3","J0;J1;J2","3","J0;J1;J2","3","J0;J1;J2","3","J0;J1;J2","3"
"341","J0:[0,1);J1:[1,3);J2:[4,5)","J0;J1;J2","3","J0;J1;J2","3","J0;J1;J2","3","J0;J2;J1","3","J0;J1;J2","3"
"342","J0:[0,1);J1:[1,3);J2:[4,6)","J0;J1;J2","3","J0;J1;J2","3","J0;J1;J2","3","J0;J1;J2","3","J0;J1;J2","3"
"343","J0:[0,1);J1:[1,3);J2:[5,6)","J0;J1;J2","3","J0;J1;J2","3","J0;J1;J2","3","J0;J2;J1","3","J0;J1;J2","3"
"344","J0:[0,1);J1:[1,4);J2:[1,5)","J0;J1","2","J0;J1","2","J0;J1","2","J0;J1","2","J0;J2","2"
"345","J0:[0,1);J1:[1,4);J2:[1,6)","J0;J1","2","J0;J1","2","J0;J1","2","J0;J1","2","J0;J2","2"
"346","J0:[0,1);J1:[1,4);J2:[2,3)","J0;J1","2","J0;J2","2","J0;J1","2","J0;J2","2","J0;J2","2"
"347","J0:[0,1);J1:[1,4);J2:[2,4)","J0;J1","2","J0;J1","2","J0;J1","2","J0;J2","2","J0;J2","2"
"348","J0:[0,1);J1:[1,4);J2:[2,5)","J0;J1","2","J0;J1","2","J0;J1","2","J0;J1","2","J0;J2","2"
"349","J0:[0,1);J1:[1,4);J2:[2,6)","J0;J1","2","J0;J1","2","J0;J1","2","J0;J1","2","J0;J2","2"
"350","J0:[0,1);J1:[1,4);J2:[3,4)","J0;J1","2","J0;J1","2","J0;J1","2","J0;J2","2","J0;J2","2"
"351","J0:[0,1);J1:[1,4);J2:[3,5)","J0;J1","2","J0;J1","2","J0;J1","2","J0;J2","2","J0;J2","2"
"352","J0:[0,1);J1:[1,4);J2:[3,6)","J0;J1","2","J0;J1","2","J0;J1","2","J0;J1","2","J0;J2","2"
"353","J0:[0,1);J1:[1,4);J2:[4,5)","J0;J1;J2","3","J0;J1;J2","3","J0;J1;J2","3","J0;J2;J1","3","J0;J1;J2","3"
"354","J0:[0,1);J1:[1,4);J2:[4,6)","J0;J1;J2","3","J0;J1;J2","3","J0;J1;J2","3","J0;J2;J1","3","J0;J1;J2","3"
"355","J0:[0,1);J1:[1,4);J2:[5,6)","J0;J1;J2","3","J0;J1;J2","3","J0;J1;J2","3","J0;J2;J1","3","J0;J1;J2","3"
"356","J0:[0,1);J1:[1,5);J2:[1,6)","J0;J1","2","J0;J1","2","J0;J1","2","J0;J1","2","J0;J2","2"
"357","J0:[0,1);J1:[1,5);J2:[2,3)","J0;J1","2","J0;J2","2","J0;J1","2","J0;J2","2","J0;J2","2"
"358","J0:[0,1);J1:[1,5);J2:[2,4)","J0;J1","2","J0;J2","2","J0;J1","2","J0;J2","2","J0;J2","2"
"359","J0:[0,1);J1:[1,5);J2:[2,5)","J0;J1","2","J0;J1","2","J0;J1","2","J0;J2","2","J0;J2","2"
"360","J0:[0,1);J1:[1,5);J2:[2,6)","J0;J1","2","J0;J1","2","J0;J1","2","J0;J1","2","J0;J2","2"
"361","J0:[0,1);J1:[1,5);J2:[3,4)","J0;J1","2","J0;J2","2","J0;J1","2","J0;J2","2","J0;J2","2"
"362","J0:[0,1);J1:[1,5);J2:[3,5)","J0;J1","2","J0;J1","2","J0;J1","2","J0;J2","2","J0;J2","2"
"363","J0:[0,1);J1:[1,5);J2:[3,6)","J0;J1","2","J0;J1","2","J0;J1","2","J0;J2","2","J0;J2","2"
"364","J0:[0,1);J1:[1,5);J2:[4,5)","J0;J1","2","J0;J1","2","J0;J1","2","J0;J2","2","J0;J2","2"
"365","J0:[0,1);J1:[1,5);J2:[4,6)","J0;J1","2","J0;J1","2","J0;J1","2","J0;J2","2","J0;J2","2"
"366","J0:[0,1);J1:[1,5);J2:[5,6)","J0;J1;J2","3","J0;J1;J2","3","J0;J1;J2","3","J0;J2;J1","3","J0;J1;J2","3"
"367","J0:[0,1);J1:[1,6);J2:[2,3)","J0;J1","2","J0;J2","2","J0;J1","2","J0;J2","2","J0;J2","2"
"368","J0:[0,1);J1:[1,6);J2:[2,4)","J0;J1","2","J0;J2","2","J0;J1","2","J0;J2","2","J0;J2","2"
"369","J0:[0,1);J1:[1,6);J2:[2,5)","J0;J1","2","J0;J2","2","J0;J1","2","J0;J2","2","J0;J2","2"
"370","J0:[0,1);J1:[1,6);J2:[2,6)","J0;J1","2","J0;J1","2","J0;J1","2","J0;J2","2","J0;J2","2"
"371","J0:[0,1);J1:[1,6);J2:[3,4)","J0;J1","2","J0;J2","2","J0;J1","2","J0;J2","2","J0;J2","2"
"372","J0:[0,1);J1:[1,6);J2:[3,5)","J0;J1","2","J0;J2","2","J0;J1","2","J0;J2","2","J0;J2","2"
"373","J0:[0,1);J1:[1,6);J2:[3,6)","J0;J1","2","J0;J1","2","J0;J1","2","J0;J2","2","J0;J2","2"
"374","J0:[0,1);J1:[1,6);J2:[4,5)","J0;J1","2","J0;J2","2","J0;J1","2","J0;J2","2","J0;J2","2"
"375","J0:[0,1);J1:[1,6);J2:[4,6)","J0;J1","2","J0;J1","2","J0;J1","2","J0;J2","2","J0;J2","2"
"376","J0:[0,1);J1:[1,6);J2:[5,6)","J0;J1","2","J0;J1","2","J0;J1","2","J0;J2","2","J0;J2","2"
"377","J0:[0,1);J1:[2,3);J2:[2,4)","J0;J1","2","J0;J1","2","J0;J1","2","J0;J1","2","J0;J2","2"
"378","J0:[0,1);J1:[2,3);J2:[2,5)","J0;J1","2","J0;J1","2","J0;J1","2","J0;J1","2","J0;J2","2"
"379","J0:[0,1);J1:[2,3);J2:[2,6)","J0;J1","2","J0;J1","2","J0;J1","2","J0;J1","2","J0;J2","2"
"380","J0:[0,1);J1:[2,3);J2:[3,4)","J0;J1;J2","3","J0;J1;J2","3","J0;J1;J2","3","J0;J1;J2","3","J0;J1;J2","3"
"381","J0:[0,1);J1:[2,3);J2:[3,5)","J0;J1;J2","3","J0;J1;J2","3","J0;J1;J2","3","J0;J1;J2","3","J0;J1;J2","3"
"382","J0:[0,1);J1:[2,3);J2:[3,6)","J0;J1;J2","3","J0;J1;J2","3","J0;J1;J2","3","J0;J1;J2","3","J0;J1;J2","3"
"383","J0:[0,1);J1:[2,3);J2:[4,5)","J0;J1;J2","3","J0;J1;J2","3","J0;J1;J2","3","J0;J1;J2","3","J0;J1;J2","3"
"384","J0:[0,1);J1:[2,3);J2:[4,6)","J0;J1;J2","3","J0;J1;J2","3","J0;J1;J2","3","J0;J1;J2","3","J0;J1;J2","3"
"385","J0:[0,1);J1:[2,3);J2:[5,6)","J0;J1;J2","3","J0;J1;J2","3","J0;J1;J2","3","J0;J1;J2","3","J0;J1;J2","3"
"386","J0:[0,1);J1:[2,4);J2:[2,5)","J0;J1","2","J0;J1","2","J0;J1","2","J0;J1","2","J0;J2","2"
"387","J0:[0,1);J1:[2,4);J2:[2,6)","J0;J1","2","J0;J1","2","J0;J1","2","J0;J1","2","J0;J2","2"
"388","J0:[0,1);J1:[2,4);J2:[3,4)","J0;J1","2","J0;J1","2","J0;J1","2","J0;J2","2","J0;J2","2"
"389","J0:[0,1);J1:[2,4);J2:[3,5)","J0;J1","2","J0;J1","2","J0;J1","2","J0;J1","2","J0;J2","2"
"390","J0:[0,1);J1:[2,4);J2:[3,6)","J0;J1","2","J0;J1","2","J0;J1","2","J0;J1","2","J0;J2","2"
"391","J0:[0,1);J1:[2,4);J2:[4,5)","J0;J1;J2","3","J0;J1;J2","3","J0;J1;J2","3","J0;J2;J1","3","J0;J1;J2","3"
"392","J0:[0,1);J1:[2,4);J2:[4,6)","J0;J1;J2","3","J0;J1;J2","3","J0;J1;J2","3","J0;J1;J2","3","J0;J1;J2","3"
"393","J0:[0,1);J1:[2,4);J2:[5,6)","J0;J1;J2","3","J0;J1;J2","3","J0;J1;J2","3","J0;J2;J1","3","J0;J1;J2","3"
"394","J0:[0,1);J1:[2,5);J2:[2,6)","J0;J1","2","J0;J1","2","J0;J1","2","J0;J1","2","J0;J2","2"
"395","J0:[0,1);J1:[2,5);J2:[3,4)","J0;J1","2","J0;J2","2","J0;J1","2","J0;J2","2","J0;J2","2"
"396","J0:[0,1);J1:[2,5);J2:[3,5)","J0;J1","2","J0;J1","2","J0;J1","2","J0;J2","2","J0;J2","2"
"397","J0:[0,1);J1:[2,5);J2:[3,6)","J0;J1","2","J0;J1","2","J0;J1","2","J0;J1","2","J0;J2","2"
"398","J0:[0,1);J1:[2,5);J2:[4,5)","J0;J1","2","J0;J1","2","J0;J1","2","J0;J2","2","J0;J2","2"
"399","J0:[0,1);J1:[2,5);J2:[4,6)","J0;J1","2","J0;J1","2","J0;J1","2","J0;J2","2","J0;J2","2"
"400","J0:[0,1);J1:[2,5);J2:[5,6)","J0;J1;J2","3","J0;J1;J2","3","J0;J1;J2","3","J0;J2;J1","3","J0;J1;J2","3"
"401","J0:[0,1);J1:[2,6);J2:[3,4)","J0;J1","2","J0;J2","2","J0;J1","2","J0;J2","2","J0;J2","2"
"402","J0:[0,1);J1:[2,6);J2:[3,5)","J0;J1","2","J0;J2","2","J0;J1","2","J0;J2","2","J0;J2","2"
"403","J0:[0,1);J1:[2,6);J2:[3,6)","J0;J1","2","J0;J1","2","J0;J1","2","J0;J2","2","J0;J2","2"
"404","J0:[0,1);J1:[2,6);J2:[4,5)","J0;J1","2","J0;J2","2","J0;J1","2","J0;J2","2","J0;J2","2"
"405","J0:[0,1);J1:[2,6);J2:[4,6)","J0;J1","2","J0;J1","2","J0;J1","2","J0;J2","2","J0;J2","2"
"406","J0:[0,1);J1:[2,6);J2:[5,6)","J0;J1","2","J0;J1","2","J0;J1","2","J0;J2","2","J0;J2","2"
"407","J0:[0,1);J1:[3,4);J2:[3,5)","J0;J1","2","J0;J1","2","J0;J1","2","J0;J1","2","J0;J2","2"
"408","J0:[0,1);J1:[3,4);J2:[3,6)","J0;J1","2","J0;J1","2","J0;J1","2","J0;J1","2","J0;J2","2"
"409","J0:[0,1);J1:[3,4);J2:[4,5)","J0;J1;J2","3","J0;J1;J2","3","J0;J1;J2","3","J0;J1;J2","3","J0;J1;J2","3"
"410","J0:[0,1);J1:[3,4);J2:[4,6)","J0;J1;J2","3","J0;J1;J2","3","J0;J1;J2","3","J0;J1;J2","3","J0;J1;J2","3"
"411","J0:[0,1);J1:[3,4);J2:[5,6)","J0;J1;J2","3","J0;J1;J2","3","J0;J1;J2","3","J0;J1;J2","3","J0;J1;J2","3"
"412","J0:[0,1);J1:[3,5);J2:[3,6)","J0;J1","2","J0;J1","2","J0;J1","2","J0;J1","2","J0;J2","2"
"413","J0:[0,1);J1:[3,5);J2:[4,5)","J0;J1","2","J0;J1","2","J0;J1","2","J0;J2","2","J0;J2","2"
"414","J0:[0,1);J1:[3,5);J2:[4,6)","J0;J1","2","J0;J1","2","J0;J1","2","J0;J1","2","J0;J2","2"
"415","J0:[0,1);J1:[3,5);J2:[5,6)","J0;J1;J2","3","J0;J1;J2","3","J0;J1;J2","3","J0;J2;J1","3","J0;J1;J2","3"
"416","J0:[0,1);J1:[3,6);J2:[4,5)","J0;J1","2","J0;J2","2","J0;J1","2","J0;J2","2","J0;J2","2"
"417","J0:[0,1);J1:[3,6);J2:[4,6)","J0;J1","2","J0;J1","2","J0;J1","2","J0;J2","2","J0;J2","2"
"418","J0:[0,1);J1:[3,6);J2:[5,6)","J0;J1","2","J0;J1","2","J0;J1","2","J0;J2","2","J0;J2","2"
"419","J0:[0,1);J1:[4,5);J2:[4,6)","J0;J1","2","J0;J1","2","J0;J1","2","J0;J1","2","J0;J2","2"
"420","J0:[0,1);J1:[4,5);J2:[5,6)","J0;J1;J2","3","J0;J1;J2","3","J0;J1;J2","3","J0;J1;J2","3","J0;J1;J2","3"
"421","J0:[0,1);J1:[4,6);J2:[5,6)","J0;J1","2","J0;J1","2","J0;J1","2","J0;J2","2","J0;J2","2"
"422","J0:[0,2);J1:[0,3);J2:[0,4)","J0","1","J0","1","J0","1","J0","1","J2","1"
"423","J0:[0,2);J1:[0,3);J2:[0,5)","J0","1","J0","1","J0","1","J0","1","J2","1"
"424","J0:[0,2);J1:[0,3);J2:[0,6)","J0","1","J0","1","J0","1","J0","1","J2","1"
"425","J0:[0,2);J1:[0,3);J2:[1,2)","J0","1","J0","1","J0","1","J2","1","J2","1"
"426","J0:[0,2);J1:[0,3);J2:[1,3)","J0","1","J0","1","J0","1","J0","1","J2","1"
"427","J0:[0,2);J1:[0,3);J2:[1,4)","J0","1","J0","1","J0","1","J0","1","J2","1"
"428","J0:[0,2);J1:[0,3);J2:[1,5)","J0","1","J0","1","J0","1","J0","1","J2","1"
"429","J0:[0,2);J1:[0,3);J2:[1,6)","J0","1","J0","1","J0","1","J0","1","J2","1"
"430","J0:[0,2);J1:[0,3);J2:[2,3)","J0;J2","2","J0;J2","2","J0;J2","2","J2;J0","2","J0;J2","2"
"431","J0:[0,2);J1:[0,3);J2:[2,4)","J0;J2","2","J0;J2","2","J0;J2","2","J0;J2","2","J0;J2","2"
"432","J0:[0,2);J1:[0,3);J2:[2,5)","J0;J2","2","J0;J2","2","J0;J2","2","J0;J2","2","J0;J2","2"
"433","J0:[0,2);J1:[0,3);J2:[2,6)","J0;J2","2","J0;J2","2","J0;J2","2","J0;J2","2","J0;J2","2"
"434","J0:[0,2);J1:[0,3);J2:[3,4)","J0;J2","2","J0;J2","2","J0;J2","2","J2;J0","2","J1;J2","2"
"435","J0:[0,2);J1:[0,3);J2:[3,5)","J0;J2","2","J0;J2","2","J0;J2","2","J0;J2","2","J1;J2","2"
"436","J0:[0,2);J1:[0,3);J2:[3,6)","J0;J2","2","J0;J2","2","J0;J2","2","J0;J2","2","J1;J2","2"
"437","J0:[0,2);J1:[0,3);J2:[4,5)","J0;J2","2","J0;J2","2","J0;J2","2","J2;J0","2","J1;J2","2"
"438","J0:[0,2);J1:[0,3);J2:[4,6)","J0;J2","2","J0;J2","2","J0;J2","2","J0;J2","2","J1;J2","2"
"439","J0:[0,2);J1:[0,3);J2:[5,6)","J0;J2","2","J0;J2","2","J0;J2","2","J2;J0","2","J1;J2","2"
"440","J0:[0,2);J1:[0,4);J2:[0,5)","J0","1","J0","1","J0","1","J0","1","J2","1"
"441","J0:[0,2);J1:[0,4);J2:[0,6)","J0","1","J0","1","J0","1","J0","1","J2","1"
"442","J0:[0,2);J1:[0,4);J2:[1,2)","J0","1","J0","1","J0","1","J2","1","J2","1"
"443","J0:[0,2);J1:[0,4);J2:[1,3)","J0","1","J0","1","J0","1","J0","1","J2","1"
"444","J0:[0,2);J1:[0,4);J2:[1,4)","J0","1","J0","1","J0","1","J0","1","J2","1"
"445","J0:[0,2);J1:[0,4);J2:[1,5)","J0","1","J0","1","J0","1","J0","1","J2","1"
"446","J0:[0,2);J1:[0,4);J2:[1,6)","J0","1","J0","1","J0","1","J0","1","J2","1"
"447","J0:[0,2);J1:[0,4);J2:[2,3)","J0;J2","2","J0;J2","2","J0;J2","2","J2;J0","2","J0;J2","2"
"448","J0:[0,2);J1:[0,4);J2:[2,4)","J0;J2","2","J0;J2","2","J0;J2","2","J0;J2","2","J0;J2","2"
"449","J0:[0,2);J1:[0,4);J2:[2,5)","J0;J2","2","J0;J2","2","J0;J2","2","J0;J2","2","J0;J2","2"
"450","J0:[0,2);J1:[0,4);J2:[2,6)","J0;J2","2","J0;J2","2","J0;J2","2","J0;J2","2","J0;J2","2"
"451","J0:[0,2);J1:[0,4);J2:[3,4)","J0;J2","2","J0;J2","2","J0;J2","2","J2;J0","2","J0;J2","2"
"452","J0:[0,2);J1:[0,4);J2:[3,5)","J0;J2","2","J0;J2","2","J0;J2","2","J0;J2","2","J0;J2","2"
"453","J0:[0,2);J1:[0,4);J2:[3,6)","J0;J2","2","J0;J2","2","J0;J2","2","J0;J2","2","J0;J2","2"
"454","J0:[0,2);J1:[0,4);J2:[4,5)","J0;J2","2","J0;J2","2","J0;J2","2","J2;J0","2","J1;J2","2"
"455","J0:[0,2);J1:[0,4);J2:[4,6)","J0;J2","2","J0;J2","2","J0;J2","2","J0;J2","2","J1;J2","2"
"456","J0:[0,2);J1:[0,4);J2:[5,6)","J0;J2","2","J0;J2","2","J0;J2","2","J2;J0","2","J1;J2","2"
"457","J0:[0,2);J1:[0,5);J2:[0,6)","J0","1","J0","1","J0","1","J0","1","J2","1"
"458","J0:[0,2);J1:[0,5);J2:[1,2)","J0","1","J0","1","J0","1","J2","1","J2","1"
"459","J0:[0,2);J1:[0,5);J2:[1,3)","J0","1","J0","1","J0","1","J0","1","J2","1"
"460","J0:[0,2);J1:[0,5);J2:[1,4)","J0","1","J0","1","J0","1","J0","1","J2","1"
"461","J0:[0,2);J1:[0,5);J2:[1,5)","J0","1","J0","1","J0","1","J0","1","J2","1"
"462","J0:[0,2);J1:[0,5);J2:[1,6)","J0","1","J0","1","J0","1","J0","1","J2","1"
"463","J0:[0,2);J1:[0,5);J2:[2,3)","J0;J2","2","J0;J2","2","J0;J2","2","J2;J0","2","J0;J2","2"
"464","J0:[0,2);J1:[0,5);J2:[2,4)","J0;J2","2","J0;J2","2","J0;J2","2","J0;J2","2","J0;J2","2"
"465","J0:[0,2);J1:[0,5);J2:[2,5)","J0;J2","2","J0;J2","2","J0;J2","2","J0;J2","2","J0;J2","2"
"466","J0:[0,2);J1:[0,5);J2:[2,6)","J0;J2","2","J0;J2","2","J0;J2","2","J0;J2","2","J0;J2","2"
"467","J0:[0,2);J1:[0,5);J2:[3,4)","J0;J2","2","J0;J2","2","J0;J2","2","J2;J0","2","J0;J2","2"
"468","J0:[0,2);J1:[0,5);J2:[3,5)","J0;J2","2","J0;J2","2","J0;J2","2","J0;J2","2","J0;J2","2"
"469","J0:[0,2);J1:[0,5);J2:[3,6)","J0;J2","2","J0;J2","2","J0;J2","2","J0;J2","2","J0;J2","2"
"470","J0:[0,2);J1:[0,5);J2:[4,5)","J0;J2","2","J0;J2","2","J0;J2","2","J2;J0","2","J0;J2","2"
"471","J0:[0,2);J1:[0,5);J2:[4,6)","J0;J2","2","J0;J2","2","J0;J2","2","J0;J2","2","J0;J2","2"
"472","J0:[0,2);J1:[0,5);J2:[5,6)","J0;J2","2","J0;J2","2","J0;J2","2","J2;J0","2","J1;J2","2"
"473","J0:[0,2);J1:[0,6);J2:[1,2)","J0","1","J0","1","J0","1","J2","1","J2","1"
"474","J0:[0,2);J1:[0,6);J2:[1,3)","J0","1","J0","1","J0","1","J0","1","J2","1"
"475","J0:[0,2);J1:[0,6);J2:[1,4)","J0","1","J0","1","J0","1","J0","1","J2","1"
"476","J0:[0,2);J1:[0,6);J2:[1,5)","J0","1","J0","1","J0","1","J0","1","J2","1"
"477","J0:[0,2);J1:[0,6);J2:[1,6)","J0","1","J0","1","J0","1","J0","1","J2","1"
"478","J0:[0,2);J1:[0,6);J2:[2,3)","J0;J2","2","J0;J2","2","J0;J2","2","J2;J0","2","J0;J2","2"
"479","J0:[0,2);J1:[0,6);J2:[2,4)","J0;J2","2","J0;J2","2","J0;J2","2","J0;J2","2","J0;J2","2"
"480","J0:[0,2);J1:[0,6);J2:[2,5)","J0;J2","2","J0;J2","2","J0;J2","2","J0;J2","2","J0;J2","2"
"481","J0:[0,2);J1:[0,6);J2:[2,6)","J0;J2","2","J0;J2","2","J0;J2","2","J0;J2","2","J0;J2","2"
"482","J0:[0,2);J1:[0,6);J2:[3,4)","J0;J2","2","J0;J2","2","J0;J2","2","J2;J0","2","J0;J2","2"
"483","J0:[0,2);J1:[0,6);J2:[3,5)","J0;J2","2","J0;J2","2","J0;J2","2","J0;J2","2","J0;J2","2"
"484","J0:[0,2);J1:[0,6);J2:[3,6)","J0;J2","2","J0;J2","2","J0;J2","2","J0;J2","2","J0;J2","2"
"485","J0:[0,2);J1:[0,6);J2:[4,5)","J0;J2","2","J0;J2","2","J0;J2","2","J2;J0","2","J0;J2","2"
"486","J0:[0,2);J1:[0,6);J2:[4,6)","J0;J2","2","J0;J2","2","J0;J2","2","J0;J2","2","J0;J2","2"
"487","J0:[0,2);J1:[0,6);J2:[5,6)","J0;J2","2","J0;J2","2","J0;J2","2","J2;J0","2","J0;J2","2"
"488","J0:[0,2);J1:[1,2);J2:[1,3)","J0","1","J0","1","J0","1","J1","1","J2","1"
"489","J0:[0,2);J1:[1,2);J2:[1,4)","J0","1","J0","1","J0","1","J1","1","J2","1"
"490","J0:[0,2);J1:[1,2);J2:[1,5)","J0","1","J0","1","J0","1","J1","1","J2","1"
"491","J0:[0,2);J1:[1,2);J2:[1,6)","J0","1","J0","1","J0","1","J1","1","J2","1"
"492","J0:[0,2);J1:[1,2);J2:[2,3)","J0;J2","2","J0;J2","2","J0;J2","2","J1;J2","2","J1;J2","2"
"493","J0:[0,2);J1:[1,2);J2:[2,4)","J0;J2","2","J0;J2","2","J0;J2","2","J1;J2","2","J1;J2","2"
"494","J0:[0,2);J1:[1,2);J2:[2,5)","J0;J2","2","J0;J2","2","J0;J2","2","J1;J2","2","J1;J2","2"
"495","J0:[0,2);J1:[1,2);J2:[2,6)","J0;J2","2","J0;J2","2","J0;J2","2","J1;J2","2","J1;J2","2"
"496","J0:[0,2);J1:[1,2);J2:[3,4)","J0;J2","2","J0;J2","2","J0;J2","2","J1;J2","2","J1;J2","2"
"497","J0:[0,2);J1:[1,2);J2:[3,5)","J0;J2","2","J0;J2","2","J0;J2","2","J1;J2","2","J1;J2","2"
"498","J0:[0,2);J1:[1,2);J2:[3,6)","J0;J2","2","J0;J2","2","J0;J2","2","J1;J2","2","J1;J2","2"
"499","J0:[0,2);J1:[1,2);J2:[4,5)","J0;J2","2","J0;J2","2","J0;J2","2","J1;J2","2","J1;J2","2"
"500","J0:[0,2);J1:[1,2);J2:[4,6)","J0;J2","2","J0;J2","2","J0;J2","2","J1;J2","2","J1;J2","2"
"501","J0:[0,2);J1:[1,2);J2:[5,6)","J0;J2","2","J0;J2","2","J0;J2","2","J1;J2","2","J1;J2","2"
"502","J0:[0,2);J1:[1,3);J2:[1,4)","J0","1","J0","1","J0","1","J0","1","J2","1"
"503","J0:[0,2);J1:[1,3);J2:[1,5)","J0","1","J0","1","J0","1","J0","1","J2","1"
"504","J0:[0,2);J1:[1,3);J2:[1,6)","J0","1","J0","1","J0","1","J0","1","J2","1"
"505","J0:[0,2);J1:[1,3);J2:[2,3)","J0;J2","2","J0;J2","2","J0;J2","2","J2;J0","2","J0;J2","2"
"506","J0:[0,2);J1:[1,3);J2:[2,4)","J0;J2","2","J0;J2","2","J0;J2","2","J0;J2","2","J0;J2","2"
"507","J0:[0,2);J1:[1,3);J2:[2,5)","J0;J2","2","J0;J2","2","J0;J2","2","J0;J2","2","J0;J2","2"
"508","J0:[0,2);J1:[1,3);J2:[2,6)","J0;J2","2","J0;J2","2","J0;J2","2","J0;J2","2","J0;J2","2"
"509","J0:[0,2);J1:[1,3);J2:[3,4)","J0;J2","2","J0;J2","2","J0;J2","2","J2;J0","2","J1;J2","2"
"510","J0:[0,2);J1:[1,3);J2:[3,5)","J0;J2","2","J0;J2","2","J0;J2","2","J0;J2","2","J1;J2","2"
"511","J0:[0,2);J1:[1,3);J2:[3,6)","J0;J2","2","J0;J2","2","J0;J2","2","J0;J2","2","J1;J2","2"
"512","J0:[0,2);J1:[1,3);J2:[4,5)","J0;J2","2","J0;J2","2","J0;J2","2","J2;J0","2","J1;J2","2"
"513","J0:[0,2);J1:[1,3);J2:[4,6)","J0;J2","2","J0;J2","2","J0;J2","2","J0;J2","2","J1;J2","2"
"514","J0:[0,2);J1:[1,3);J2:[5,6)","J0;J2","2","J0;J2","2","J0;J2","2","J2;J0","2","J1;J2","2"
"515","J0:[0,2);J1:[1,4);J2:[1,5)","J0","1","J0","1","J0","1","J0","1","J2","1"
"516","J0:[0,2);J1:[1,4);J2:[1,6)","J0","1","J0","1","J0","1","J0","1","J2","1"
"517","J0:[0,2);J1:[1,4);J2:[2,3)","J0;J2","2","J0;J2","2","J0;J2","2","J2;J0","2","J0;J2","2"
"518","J0:[0,2);J1:[1,4);J2:[2,4)","J0;J2","2","J0;J2","2","J0;J2","2","J0;J2","2","J0;J2","2"
"519","J0:[0,2);J1:[1,4);J2:[2,5)","J0;J2","2","J0;J2","2","J0;J2","2","J0;J2","2","J0;J2","2"
"520","J0:[0,2);J1:[1,4);J2:[2,6)","J0;J2","2","J0;J2","2","J0;J2","2","J0;J2","2","J0;J2","2"
"521","J0:[0,2);J1:[1,4);J2:[3,4)","J0;J2","2","J0;J2","2","J0;J2","2","J2;J0","2","J0;J2","2"
"522","J0:[0,2);J1:[1,4);J2:[3,5)","J0;J2","2","J0;J2","2","J0;J2","2","J0;J2","2","J0;J2","2"
"523","J0:[0,2);J1:[1,4);J2:[3,6)","J0;J2","2","J0;J2","2","J0;J2","2","J0;J2","2","J0;J2","2"
"524","J0:[0,2);J1:[1,4);J2:[4,5)","J0;J2","2","J0;J2","2","J0;J2","2","J2;J0","2","J1;J2","2"
"525","J0:[0,2);J1:[1,4);J2:[4,6)","J0;J2","2","J0;J2","2","J0;J2","2","J0;J2","2","J1;J2","2"
"526","J0:[0,2);J1:[1,4);J2:[5,6)","J0;J2","2","J0;J2","2","J0;J2","2","J2;J0","2","J1;J2","2"
"527","J0:[0,2);J1:[1,5);J2:[1,6)","J0","1","J0","1","J0","1","J0","1","J2","1"
"528","J0:[0,2);J1:[1,5);J2:[2,3)","J0;J2","2","J0;J2","2","J0;J2","2","J2;J0","2","J0;J2","2"
"529","J0:[0,2);J1:[1,5);J2:[2,4)","J0;J2","2","J0;J2","2","J0;J2","2","J0;J2","2","J0;J2","2"
"530","J0:[0,2);J1:[1,5);J2:[2,5)","J0;J2","2","J0;J2","2","J0;J2","2","J0;J2","2","J0;J2","2"
"531","J0:[0,2);J1:[1,5);J2:[2,6)","J0;J2","2","J0;J2","2","J0;J2","2","J0;J2","2","J0;J2","2"
"532","J0:[0,2);J1:[1,5);J2:[3,4)","J0;J2","2","J0;J2","2","J0;J2","2","J2;J0","2","J0;J2","2"
"533","J0:[0,2);J1:[1,5);J2:[3,5)","J0;J2","2","J0;J2","2","J0;J2","2","J0;J2","2","J0;J2","2"
"534","J0:[0,2);J1:[1,5);J2:[3,6)","J0;J2","2","J0;J2","2","J0;J2","2","J0;J2","2","J0;J2","2"
"535","J0:[0,2);J1:[1,5);J2:[4,5)","J0;J2","2","J0;J2","2","J0;J2","2","J2;J0","2","J0;J2","2"
"536","J0:[0,2);J1:[1,5);J2:[4,6)","J0;J2","2","J0;J2","2","J0;J2","2","J0;J2","2","J0;J2","2"
"537","J0:[0,2);J1:[1,5);J2:[5,6)","J0;J2","2","J0;J2","2","J0;J2","2","J2;J0","2","J1;J2","2"
"538","J0:[0,2);J1:[1,6);J2:[2,3)","J0;J2","2","J0;J2","2","J0;J2","2","J2;J0","2","J0;J2","2"
"539","J0:[0,2);J1:[1,6);J2:[2,4)","J0;J2","2","J0;J2","2","J0;J2","2","J0;J2","2","J0;J2","2"
"540","J0:[0,2);J1:[1,6);J2:[2,5)","J0;J2","2","J0;J2","2","J0;J2","2","J0;J2","2","J0;J2","2"
"541","J0:[0,2);J1:[1,6);J2:[2,6)","J0;J2","2","J0;J2","2","J0;J2","2","J0;J2","2","J0;J2","2"
"542","J0:[0,2);J1:[1,6);J2:[3,4)","J0;J2","2","J0;J2","2","J0;J2","2","J2;J0","2","J0;J2","2"
"543","J0:[0,2);J1:[1,6);J2:[3,5)","J0;J2","2","J0;J2","2","J0;J2","2","J0;J2","2","J0;J2","2"
"544","J0:[0,2);J1:[1,6);J2:[3,6)","J0;J2","2","J0;J2","2","J0;J2","2","J0;J2","2","J0;J2","2"
"545","J0:[0,2);J1:[1,6);J2:[4,5)","J0;J2","2","J0;J2","2","J0;J2","2","J2;J0","2","J0;J2","2"
"546","J0:[0,2);J1:[1,6);J2:[4,6)","J0;J2","2","J0;J2","2","J0;J2","2","J0;J2","2","J0;J2","2"
"547","J0:[0,2);J1:[1,6);J2:[5,6)","J0;J2","2","J0;J2","2","J0;J2","2","J2;J0","2","J0;J2","2"
"548","J0:[0,2);J1:[2,3);J2:[2,4)","J0;J1","2","J0;J1","2","J0;J1","2","J1;J0","2","J0;J2","2"
"549","J0:[0,2);J1:[2,3);J2:[2,5)","J0;J1","2","J0;J1","2","J0;J1","2","J1;J0","2","J0;J2","2"
"550","J0:[0,2);J1:[2,3);J2:[2,6)","J0;J1","2","J0;J1","2","J0;J1","2","J1;J0","2","J0;J2","2"
"551","J0:[0,2);J1:[2,3);J2:[3,4)","J0;J1;J2","3","J0;J1;J2","3","J0;J1;J2","3","J1;J2;J0","3","J0;J1;J2","3"
"552","J0:[0,2);J1:[2,3);J2:[3,5)","J0;J1;J2","3","J0;J1;J2","3","J0;J1;J2","3","J1;J0;J2","3","J0;J1;J2","3"
"553","J0:[0,2);J1:[2,3);J2:[3,6)","J0;J1;J2","3","J0;J1;J2","3","J0;J1;J2","3","J1;J0;J2","3","J0;J1;J2","3"
"554","J0:[0,2);J1:[2,3);J2:[4,5)","J0;J1;J2","3","J0;J1;J2","3","J0;J1;J2","3","J1;J2;J0","3","J0;J1;J2","3"
"555","J0:[0,2);J1:[2,3);J2:[4,6)","J0;J1;J2","3","J0;J1;J2","3","J0;J1;J2","3","J1;J0;J2","3","J0;J1;J2","3"
"556","J0:[0,2);J1:[2,3);J2:[5,6)","J0;J1;J2","3","J0;J1;J2","3","J0;J1;J2","3","J1;J2;J0","3","J0;J1;J2","3"
"557","J0:[0,2);J1:[2,4);J2:[2,5)","J0;J1","2","J0;J1","2","J0;J1","2","J0;J1","2","J0;J2","2"
"558","J0:[0,2);J1:[2,4);J2:[2,6)","J0;J1","2","J0;J1","2","J0;J1","2","J0;J1","2","J0;J2","2"
"559","J0:[0,2);J1:[2,4);J2:[3,4)","J0;J1","2","J0;J1","2","J0;J1","2","J2;J0","2","J0;J2","2"
"560","J0:[0,2);J1:[2,4);J2:[3,5)","J0;J1","2","J0;J1","2","J0;J1","2","J0;J1","2","J0;J2","2"
"561","J0:[0,2);J1:[2,4);J2:[3,6)","J0;J1","2","J0;J1","2","J0;J1","2","J0;J1","2","J0;J2","2"
"562","J0:[0,2);J1:[2,4);J2:[4,5)","J0;J1;J2","3","J0;J1;J2","3","J0;J1;J2","3","J2;J0;J1","3","J0;J1;J2","3"
"563","J0:[0,2);J1:[2,4);J2:[4,6)","J0;J1;J2","3","J0;J1;J2","3","J0;J1;J2","3","J0;J1;J2","3","J0;J1;J2","3"
"564","J0:[0,2);J1:[2,4);J2:[5,6)","J0;J1;J2","3","J0;J1;J2","3","J0;J1;J2","3","J2;J0;J1","3","J0;J1;J2","3"
"565","J0:[0,2);J1:[2,5);J2:[2,6)","J0;J1","2","J0;J1","2","J0;J1","2","J0;J1","2","J0;J2","2"
"566","J0:[0,2);J1:[2,5);J2:[3,4)","J0;J1","2","J0;J2","2","J0;J1","2","J2;J0","2","J0;J2","2"
"567","J0:[0,2);J1:[2,5);J2:[3,5)","J0;J1","2","J0;J1","2","J0;J1","2","J0;J2","2","J0;J2","2"
"568","J0:[0,2);J1:[2,5);J2:[3,6)","J0;J1","2","J0;J1","2","J0;J1","2","J0;J1","2","J0;J2","2"
"569","J0:[0,2);J1:[2,5);J2:[4,5)","J0;J1","2","J0;J1","2","J0;J1","2","J2;J0","2","J0;J2","2"
"570","J0:[0,2);J1:[2,5);J2:[4,6)","J0;J1","2","J0;J1","2","J0;J1","2","J0;J2","2","J0;J2","2"
"571","J0:[0,2);J1:[2,5);J2:[5,6)","J0;J1;J2","3","J0;J1;J2","3","J0;J1;J2","3","J2;J0;J1","3","J0;J1;J2","3"
"572","J0:[0,2);J1:[2,6);J2:[3,4)","J0;J1","2","J0;J2","2","J0;J1","2","J2;J0","2","J0;J2","2"
"573","J0:[0,2);J1:[2,6);J2:[3,5)","J0;J1","2","J0;J2","2","J0;J1","2","J0;J2","2","J0;J2","2"
"574","J0:[0,2);J1:[2,6);J2:[3,6)","J0;J1","2","J0;J1","2","J0;J1","2","J0;J2","2","J0;J2","2"
"575","J0:[0,2);J1:[2,6);J2:[4,5)","J0;J1","2","J0;J2","2","J0;J1","2","J2;J0","2","J0;J2","2"
"576","J0:[0,2);J1:[2,6);J2:[4,6)","J0;J1","2","J0;J1","2","J0;J1","2","J0;J2","2","J0;J2","2"
"577","J0:[0,2);J1:[2,6);J2:[5,6)","J0;J1","2","J0;J1","2","J0;J1","2","J2;J0","2","J0;J2","2"
"578","J0:[0,2);J1:[3,4);J2:[3,5)","J0;J1","2","J0;J1","2","J0;J1","2","J1;J0","2","J0;J2","2"
"579","J0:[0,2);J1:[3,4);J2:[3,6)","J0;J1","2","J0;J1","2","J0;J1","2","J1;J0","2","J0;J2","2"
"580","J0:[0,2);J1:[3,4);J2:[4,5)","J0;J1;J2","3","J0;J1;J2","3","J0;J1;J2","3","J1;J2;J0","3","J0;J1;J2","3"
"581","J0:[0,2);J1:[3,4);J2:[4,6)","J0;J1;J2","3","J0;J1;J2","3","J0;J1;J2","3","J1;J0;J2","3","J0;J1;J2","3"
"582","J0:[0,2);J1:[3,4);J2:[5,6)","J0;J1;J2","3","J0;J1;J2","3","J0;J1;J2","3","J1;J2;J0","3","J0;J1;J2","3"
"583","J0:[0,2);J1:[3,5);J2:[3,6)","J0;J1","2","J0;J1","2","J0;J1","2","J0;J1","2","J0;J2","2"
"584","J0:[0,2);J1:[3,5);J2:[4,5)","J0;J1","2","J0;J1","2","J0;J1","2","J2;J0","2","J0;J2","2"
"585","J0:[0,2);J1:[3,5);J2:[4,6)","J0;J1","2","J0;J1","2","J0;J1","2","J0;J1","2","J0;J2","2"
"586","J0:[0,2);J1:[3,5);J2:[5,6)","J0;J1;J2","3","J0;J1;J2","3","J0;J1;J2","3","J2;J0;J1","3","J0;J1;J2","3"
"587","J0:[0,2);J1:[3,6);J2:[4,5)","J0;J1","2","J0;J2","2","J0;J1","2","J2;J0","2","J0;J2","2"
"588","J0:[0,2);J1:[3,6);J2:[4,6)","J0;J1","2","J0;J1","2","J0;J1","2","J0;J2","2","J0;J2","2"
"589","J0:[0,2);J1:[3,6);J2:[5,6)","J0;J1","2","J0;J1","2","J0;J1","2","J2;J0","2","J0;J2","2"
"590","J0:[0,2);J1:[4,5);J2:[4,6)","J0;J1","2","J0;J1","2","J0;J1","2","J1;J0","2","J0;J2","2"
"591","J0:[0,2);J1:[4,5);J2:[5,6)","J0;J1;J2","3","J0;J1;J2","3","J0;J1;J2","3","J1;J2;J0","3","J0;J1;J2","3"
"592","J0:[0,2);J1:[4,6);J2:[5,6)","J0;J1","2","J0;J1","2","J0;J1","2","J2;J0","2","J0;J2","2"
"593","J0:[0,3);J1:[0,4);J2:[0,5)","J0","1","J0","1","J0","1","J0","1","J2","1"
"594","J0:[0,3);J1:[0,4);J2:[0,6)","J0","1","J0","1","J0","1","J0","1","J2","1"
"595","J0:[0,3);J1:[0,4);J2:[1,2)","J0","1","J2","1","J0","1","J2","1","J2","1"
"596","J0:[0,3);J1:[0,4);J2:[1,3)","J0","1","J0","1","J0","1","J2","1","J2","1"
"597","J0:[0,3);J1:[0,4);J2:[1,4)","J0","1","J0","1","J0","1","J0","1","J2","1"
"598","J0:[0,3);J1:[0,4);J2:[1,5)","J0","1","J0","1","J0","1","J0","1","J2","1"
"599","J0:[0,3);J1:[0,4);J2:[1,6)","J0","1","J0","1","J0","1","J0","1","J2","1"
"600","J0:[0,3);J1:[0,4);J2:[2,3)","J0","1","J0","1","J0","1","J2","1","J2","1"
"601","J0:[0,3);J1:[0,4);J2:[2,4)","J0","1","J0","1","J0","1","J2","1","J2","1"
"602","J0:[0,3);J1:[0,4);J2:[2,5)","J0","1","J0","1","J0","1","J0","1","J2","1"
"603","J0:[0,3);J1:[0,4);J2:[2,6)","J0","1","J0","1","J0","1","J0","1","J2","1"
"604","J0:[0,3);J1:[0,4);J2:[3,4)","J0;J2","2","J0;J2","2","J0;J2","2","J2;J0","2","J0;J2","2"
"605","J0:[0,3);J1:[0,4);J2:[3,5)","J0;J2","2","J0;J2","2","J0;J2","2","J2;J0","2","J0;J2","2"
"606","J0:[0,3);J1:[0,4);J2:[3,6)","J0;J2","2","J0;J2","2","J0;J2","2","J0;J2","2","J0;J2","2"
"607","J0:[0,3);J1:[0,4);J2:[4,5)","J0;J2","2","J0;J2","2","J0;J2","2","J2;J0","2","J1;J2","2"
"608","J0:[0,3);J1:[0,4);J2:[4,6)","J0;J2","2","J0;J2","2","J0;J2","2","J2;J0","2","J1;J2","2"
"609","J0:[0,3);J1:[0,4);J2:[5,6)","J0;J2","2","J0;J2","2","J0;J2","2","J2;J0","2","J1;J2","2"
"610","J0:[0,3);J1:[0,5);J2:[0,6)","J0","1","J0","1","J0","1","J0","1","J2","1"
"611","J0:[0,3);J1:[0,5);J2:[1,2)","J0","1","J2","1","J0","1","J2","1","J2","1"
"612","J0:[0,3);J1:[0,5);J2:[1,3)","J0","1","J0","1","J0","1","J2","1","J2","1"
"613","J0:[0,3);J1:[0,5);J2:[1,4)","J0","1","J0","1","J0","1","J0","1","J2","1"
"614","J0:[0,3);J1:[0,5);J2:[1,5)","J0","1","J0","1","J0","1","J0","1","J2","1"
"615","J0:[0,3);J1:[0,5);J2:[1,6)","J0","1","J0","1","J0","1","J0","1","J2","1"
"616","J0:[0,3);J1:[0,5);J2:[2,3)","J0","1","J0","1","J0","1","J2","1","J2","1"
"617","J0:[0,3);J1:[0,5);J2:[2,4)","J0","1","J0","1","J0","1","J2","1","J2","1"
"618","J0:[0,3);J1:[0,5);J2:[2,5)","J0","1","J0","1","J0","1","J0","1","J2","1"
"619","J0:[0,3);J1:[0,5);J2:[2,6)","J0","1","J0","1","J0","1","J0","1","J2","1"
"620","J0:[0,3);J1:[0,5);J2:[3,4)","J0;J2","2","J0;J2","2","J0;J2","2","J2;J0","2","J0;J2","2"
"621","J0:[0,3);J1:[0,5);J2:[3,5)","J0;J2","2","J0;J2","2","J0;J2","2","J2;J0","2","J0;J2","2"
"622","J0:[0,3);J1:[0,5);J2:[3,6)","J0;J2","2","J0;J2","2","J0;J2","2","J0;J2","2","J0;J2","2"
"623","J0:[0,3);J1:[0,5);J2:[4,5)","J0;J2","2","J0;J2","2","J0;J2","2","J2;J0","2","J0;J2","2"
"624","J0:[0,3);J1:[0,5);J2:[4,6)","J0;J2","2","J0;J2","2","J0;J2","2","J2;J0","2","J0;J2","2"
"625","J0:[0,3);J1:[0,5);J2:[5,6)","J0;J2","2","J0;J2","2","J0;J2","2","J2;J0","2","J1;J2","2"
"626","J0:[0,3);J1:[0,6);J2:[1,2)","J0","1","J2","1","J0","1","J2","1","J2","1"
"627","J0:[0,3);J1:[0,6);J2:[1,3)","J0","1","J0","1","J0","1","J2","1","J2","1"
"628","J0:[0,3);J1:[0,6);J2:[1,4)","J0","1","J0","1","J0","1","J0","1","J2","1"
"629","J0:[0,3);J1:[0,6);J2:[1,5)","J0","1","J0","1","J0","1","J0","1","J2","1"
"630","J0:[0,3);J1:[0,6);J2:[1,6)","J0","1","J0","1","J0","1","J0","1","J2","1"
"631","J0:[0,3);J1:[0,6);J2:[2,3)","J0","1","J0","1","J0","1","J2","1","J2","1"
"632","J0:[0,3);J1:[0,6);J2:[2,4)","J0","1","J0","1","J0","1","J2","1","J2","1"
"633","J0:[0,3);J1:[0,6);J2:[2,5)","J0","1","J0","1","J0","1","J0","1","J2","1"
"634","J0:[0,3);J1:[0,6);J2:[2,6)","J0","1","J0","1","J0","1","J0","1","J2","1"
"635","J0:[0,3);J1:[0,6);J2:[3,4)","J0;J2","2","J0;J2","2","J0;J2","2","J2;J0","2","J0;J2","2"
"636","J0:[0,3);J1:[0,6);J2:[3,5)","J0;J2","2","J0;J2","2","J0;J2","2","J2;J0","2","J0;J2","2"
"637","J0:[0,3);J1:[0,6);J2:[3,6)","J0;J2","2","J0;J2","2","J0;J2","2","J0;J2","2","J0;J2","2"
"638","J0:[0,3);J1:[0,6);J2:[4,5)","J0;J2","2","J0;J2","2","J0;J2","2","J2;J0","2","J0;J2","2"
"639","J0:[0,3);J1:[0,6);J2:[4,6)","J0;J2","2","J0;J2","2","J0;J2","2","J2;J0","2","J0;J2","2"
"640","J0:[0,3);J1:[0,6);J2:[5,6)","J0;J2","2","J0;J2","2","J0;J2","2","J2;J0","2","J0;J2","2"
"641","J0:[0,3);J1:[1,2);J2:[1,3)","J0","1","J1","1","J0","1","J1","1","J2","1"
"642","J0:[0,3);J1:[1,2);J2:[1,4)","J0","1","J1","1","J0","1","J1","1","J2","1"
"643","J0:[0,3);J1:[1,2);J2:[1,5)","J0","1","J1","1","J0","1","J1","1","J2","1"
"644","J0:[0,3);J1:[1,2);J2:[1,6)","J0","1","J1","1","J0","1","J1","1","J2","1"
"645","J0:[0,3);J1:[1,2);J2:[2,3)","J1;J2","2","J1;J2","2","J0","1","J1;J2","2","J1;J2","2"
"646","J0:[0,3);J1:[1,2);J2:[2,4)","J1;J2","2","J1;J2","2","J0","1","J1;J2","2","J1;J2","2"
"647","J0:[0,3);J1:[1,2);J2:[2,5)","J1;J2","2","J1;J2","2","J0","1","J1;J2","2","J1;J2","2"
"648","J0:[0,3);J1:[1,2);J2:[2,6)","J1;J2","2","J1;J2","2","J0","1","J1;J2","2","J1;J2","2"
"649","J0:[0,3);J1:[1,2);J2:[3,4)","J0;J2","2","J1;J2","2","J0;J2","2","J1;J2","2","J1;J2","2"
"650","J0:[0,3);J1:[1,2);J2:[3,5)","J0;J2","2","J1;J2","2","J0;J2","2","J1;J2","2","J1;J2","2"
"651","J0:[0,3);J1:[1,2);J2:[3,6)","J0;J2","2","J1;J2","2","J0;J2","2","J1;J2","2","J1;J2","2"
"652","J0:[0,3);J1:[1,2);J2:[4,5)","J0;J2","2","J1;J2","2","J0;J2","2","J1;J2","2","J1;J2","2"
"653","J0:[0,3);J1:[1,2);J2:[4,6)","J0;J2","2","J1;J2","2","J0;J2","2","J1;J2","2","J1;J2","2"
"654","J0:[0,3);J1:[1,2);J2:[5,6)","J0;J2","2","J1;J2","2","J0;J2","2","J1;J2","2","J1;J2","2"
"655","J0:[0,3);J1:[1,3);J2:[1,4)","J0","1","J0","1","J0","1","J1","1","J2","1"
"656","J0:[0,3);J1:[1,3);J2:[1,5)","J0","1","J0","1","J0","1","J1","1","J2","1"
"657","J0:[0,3);J1:[1,3);J2:[1,6)","J0","1","J0","1","J0","1","J1","1","J2","1"
"658","J0:[0,3);J1:[1,3);J2:[2,3)","J0","1","J0","1","J0","1","J2","1","J2","1"
"659","J0:[0,3);J1:[1,3);J2:[2,4)","J0","1","J0","1","J0","1","J1","1","J2","1"
"660","J0:[0,3);J1:[1,3);J2:[2,5)","J0","1","J0","1","J0","1","J1","1","J2","1"
"661","J0:[0,3);J1:[1,3);J2:[2,6)","J0","1","J0","1","J0","1","J1","1","J2","1"
"662","J0:[0,3);J1:[1,3);J2:[3,4)","J0;J2","2","J0;J2","2","J0;J2","2","J2;J1","2","J1;J2","2"
"663","J0:[0,3);J1:[1,3);J2:[3,5)","J0;J2","2","J0;J2","2","J0;J2","2","J1;J2","2","J1;J2","2"
"664","J0:[0,3);J1:[1,3);J2:[3,6)","J0;J2","2","J0;J2","2","J0;J2","2","J1;J2","2","J1;J2","2"
"665","J0:[0,3);J1:[1,3);J2:[4,5)","J0;J2","2","J0;J2","2","J0;J2","2","J2;J1","2","J1;J2","2"
"666","J0:[0,3);J1:[1,3);J2:[4,6)","J0;J2","2","J0;J2","2","J0;J2","2","J1;J2","2","J1;J2","2"
"667","J0:[0,3);J1:[1,3);J2:[5,6)","J0;J2","2","J0;J2","2","J0;J2","2","J2;J1","2","J1;J2","2"
"668","J0:[0,3);J1:[1,4);J2:[1,5)","J0","1","J0","1","J0","1","J0","1","J2","1"
"669","J0:[0,3);J1:[1,4);J2:[1,6)","J0","1","J0","1","J0","1","J0","1","J2","1"
"670","J0:[0,3);J1:[1,4);J2:[2,3)","J0","1","J0","1","J0","1","J2","1","J2","1"
"671","J0:[0,3);J1:[1,4);J2:[2,4)","J0","1","J0","1","J0","1","J2","1","J2","1"
"672","J0:[0,3);J1:[1,4);J2:[2,5)","J0","1","J0","1","J0","1","J0","1","J2","1"
"673","J0:[0,3);J1:[1,4);J2:[2,6)","J0","1","J0","1","J0","1","J0","1","J2","1"
"674","J0:[0,3);J1:[1,4);J2:[3,4)","J0;J2","2","J0;J2","2","J0;J2","2","J2;J0","2","J0;J2","2"
"675","J0:[0,3);J1:[1,4);J2:[3,5)","J0;J2","2","J0;J2","2","J0;J2","2","J2;J0","2","J0;J2","2"
"676","J0:[0,3);J1:[1,4);J2:[3,6)","J0;J2","2","J0;J2","2","J0;J2","2","J0;J2","2","J0;J2","2"
"677","J0:[0,3);J1:[1,4);J2:[4,5)","J0;J2","2","J0;J2","2","J0;J2","2","J2;J0","2","J1;J2","2"
"678","J0:[0,3);J1:[1,4);J2:[4,6)","J0;J2","2","J0;J2","2","J0;J2","2","J2;J0","2","J1;J2","2"
"679","J0:[0,3);J1:[1,4);J2:[5,6)","J0;J2","2","J0;J2","2","J0;J2","2","J2;J0","2","J1;J2","2"
"680","J0:[0,3);J1:[1,5);J2:[1,6)","J0","1","J0","1","J0","1","J0","1","J2","1"
"681","J0:[0,3);J1:[1,5);J2:[2,3)","J0","1","J0","1","J0","1","J2","1","J2","1"
"682","J0:[0,3);J1:[1,5);J2:[2,4)","J0","1","J0","1","J0","1","J2","1","J2","1"
"683","J0:[0,3);J1:[1,5);J2:[2,5)","J0","1","J0","1","J0","1","J0","1","J2","1"
"684","J0:[0,3);J1:[1,5);J2:[2,6)","J0","1","J0","1","J0","1","J0","1","J2","1"
"685","J0:[0,3);J1:[1,5);J2:[3,4)","J0;J2","2","J0;J2","2","J0;J2","2","J2;J0","2","J0;J2","2"
"686","J0:[0,3);J1:[1,5);J2:[3,5)","J0;J2","2","J0;J2","2","J0;J2","2","J2;J0","2","J0;J2","2"
"687","J0:[0,3);J1:[1,5);J2:[3,6)","J0;J2","2","J0;J2","2","J0;J2","2","J0;J2","2","J0;J2","2"
"688","J0:[0,3);J1:[1,5);J2:[4,5)","J0;J2","2","J0;J2","2","J0;J2","2","J2;J0","2","J0;J2","2"
"689","J0:[0,3);J1:[1,5);J2:[4,6)","J0;J2","2","J0;J2","2","J0;J2","2","J2;J0","2","J0;J2","2"
"690","J0:[0,3);J1:[1,5);J2:[5,6)","J0;J2","2","J0;J2","2","J0;J2","2","J2;J0","2","J1;J2","2"
"691","J0:[0,3);J1:[1,6);J2:[2,3)","J0","1","J0","1","J0","1","J2","1","J2","1"
"692","J0:[0,3);J1:[1,6);J2:[2,4)","J0","1","J0","1","J0","1","J2","1","J2","1"
"693","J0:[0,3);J1:[1,6);J2:[2,5)","J0","1","J0","1","J0","1","J0","1","J2","1"
"694","J0:[0,3);J1:[1,6);J2:[2,6)","J0","1","J0","1","J0","1","J0","1","J2","1"
"695","J0:[0,3);J1:[1,6);J2:[3,4)","J0;J2","2","J0;J2","2","J0;J2","2","J2;J0","2","J0;J2","2"
"696","J0:[0,3);J1:[1,6);J2:[3,5)","J0;J2","2","J0;J2","2","J0;J2","2","J2;J0","2","J0;J2","2"
"697","J0:[0,3);J1:[1,6);J2:[3,6)","J0;J2","2","J0;J2","2","J0;J2","2","J0;J2","2","J0;J2","2"
"698","J0:[0,3);J1:[1,6);J2:[4,5)","J0;J2","2","J0;J2","2","J0;J2","2","J2;J0","2","J0;J2","2"
"699","J0:[0,3);J1:[1,6);J2:[4,6)","J0;J2","2","J0;J2","2","J0;J2","2","J2;J0","2","J0;J2","2"
"700","J0:[0,3);J1:[1,6);J2:[5,6)","J0;J2","2","J0;J2","2","J0;J2","2","J2;J0","2","J0;J2","2"
"701","J0:[0,3);J1:[2,3);J2:[2,4)","J0","1","J0","1","J0","1","J1","1","J2","1"
"702","J0:[0,3);J1:[2,3);J2:[2,5)","J0","1","J0","1","J0","1","J1","1","J2","1"
"703","J0:[0,3);J1:[2,3);J2:[2,6)","J0","1","J0","1","J0","1","J1","1","J2","1"
"704","J0:[0,3);J1:[2,3);J2:[3,4)","J0;J2","2","J0;J2","2","J0;J2","2","J1;J2","2","J1;J2","2"
"705","J0:[0,3);J1:[2,3);J2:[3,5)","J0;J2","2","J0;J2","2","J0;J2","2","J1;J2","2","J1;J2","2"
"706","J0:[0,3);J1:[2,3);J2:[3,6)","J0;J2","2","J0;J2","2","J0;J2","2","J1;J2","2","J1;J2","2"
"707","J0:[0,3);J1:[2,3);J2:[4,5)","J0;J2","2","J0;J2","2","J0;J2","2","J1;J2","2","J1;J2","2"
"708","J0:[0,3);J1:[2,3);J2:[4,6)","J0;J2","2","J0;J2","2","J0;J2","2","J1;J2","2","J1;J2","2"
"709","J0:[0,3);J1:[2,3);J2:[5,6)","J0;J2","2","J0;J2","2","J0;J2","2","J1;J2","2","J1;J2","2"
"710","J0:[0,3);J1:[2,4);J2:[2,5)","J0","1","J0","1","J0","1","J1","1","J2","1"
"711","J0:[0,3);J1:[2,4);J2:[2,6)","J0","1","J0","1","J0","1","J1","1","J2","1"
"712","J0:[0,3);J1:[2,4);J2:[3,4)","J0;J2","2","J0;J2","2","J0;J2","2","J2;J0","2","J0;J2","2"
"713","J0:[0,3);J1:[2,4);J2:[3,5)","J0;J2","2","J0;J2","2","J0;J2","2","J1","1","J0;J2","2"
"714","J0:[0,3);J1:[2,4);J2:[3,6)","J0;J2","2","J0;J2","2","J0;J2","2","J1","1","J0;J2","2"
"715","J0:[0,3);J1:[2,4);J2:[4,5)","J0;J2","2","J0;J2","2","J0;J2","2","J2;J1","2","J1;J2","2"
"716","J0:[0,3);J1:[2,4);J2:[4,6)","J0;J2","2","J0;J2","2","J0;J2","2","J1;J2","2","J1;J2","2"
"717","J0:[0,3);J1:[2,4);J2:[5,6)","J0;J2","2","J0;J2","2","J0;J2","2","J2;J1","2","J1;J2","2"
"718","J0:[0,3);J1:[2,5);J2:[2,6)","J0","1","J0","1","J0","1","J0","1","J2","1"
"719","J0:[0,3);J1:[2,5);J2:[3,4)","J0;J2","2","J0;J2","2","J0;J2","2","J2;J0","2","J0;J2","2"
"720","J0:[0,3);J1:[2,5);J2:[3,5)","J0;J2","2","J0;J2","2","J0;J2","2","J2;J0","2","J0;J2","2"
"721","J0:[0,3);J1:[2,5);J2:[3,6)","J0;J2","2","J0;J2","2","J0;J2","2","J0;J2","2","J0;J2","2"
"722","J0:[0,3);J1:[2,5);J2:[4,5)","J0;J2","2","J0;J2","2","J0;J2","2","J2;J0","2","J0;J2","2"
"723","J0:[0,3);J1:[2,5);J2:[4,6)","J0;J2","2","J0;J2","2","J0;J2","2","J2;J0","2","J0;J2","2"
"724","J0:[0,3);J1:[2,5);J2:[5,6)","J0;J2","2","J0;J2","2","J0;J2","2","J2;J0","2","J1;J2","2"
"725","J0:[0,3);J1:[2,6);J2:[3,4)","J0;J2","2","J0;J2","2","J0;J2","2","J2;J0","2","J0;J2","2"
"726","J0:[0,3);J1:[2,6);J2:[3,5)","J0;J2","2","J0;J2","2","J0;J2","2","J2;J0","2","J0;J2","2"
"727","J0:[0,3);J1:[2,6);J2:[3,6)","J0;J2","2","J0;J2","2","J0;J2","2","J0;J2","2","J0;J2","2"
"728","J0:[0,3);J1:[2,6);J2:[4,5)","J0;J2","2","J0;J2","2","J0;J2","2","J2;J0","2","J0;J2","2"
"729","J0:[0,3);J1:[2,6);J2:[4,6)","J0;J2","2","J0;J2","2","J0;J2","2","J2;J0","2","J0;J2","2"
"730","J0:[0,3);J1:[2,6);J2:[5,6)","J0;J2","2","J0;J2","2","J0;J2","2","J2;J0","2","J0;J2","2"
"731","J0:[0,3);J1:[3,4);J2:[3,5)","J0;J1","2","J0;J1","2","J0;J1","2","J1;J0","2","J0;J2","2"
"732","J0:[0,3);J1:[3,4);J2:[3,6)","J0;J1","2","J0;J1","2","J0;J1","2","J1;J0","2","J0;J2","2"
"733","J0:[0,3);J1:[3,4);J2:[4,5)","J0;J1;J2","3","J0;J1;J2","3","J0;J1;J2","3","J1;J2;J0","3","J0;J1;J2","3"
"734","J0:[0,3);J1:[3,4);J2:[4,6)","J0;J1;J2","3","J0;J1;J2","3","J0;J1;J2","3","J1;J2;J0","3","J0;J1;J2","3"
"735","J0:[0,3);J1:[3,4);J2:[5,6)","J0;J1;J2","3","J0;J1;J2","3","J0;J1;J2","3","J1;J2;J0","3","J0;J1;J2","3"
"736","J0:[0,3);J1:[3,5);J2:[3,6)","J0;J1","2","J0;J1","2","J0;J1","2","J1;J0","2","J0;J2","2"
"737","J0:[0,3);J1:[3,5);J2:[4,5)","J0;J1","2","J0;J1","2","J0;J1","2","J2;J0","2","J0;J2","2"
"738","J0:[0,3);J1:[3,5);J2:[4,6)","J0;J1","2","J0;J1","2","J0;J1","2","J1;J0","2","J0;J2","2"
"739","J0:[0,3);J1:[3,5);J2:[5,6)","J0;J1;J2","3","J0;J1;J2","3","J0;J1;J2","3","J2;J1;J0","3","J0;J1;J2","3"
"740","J0:[0,3);J1:[3,6);J2:[4,5)","J0;J1","2","J0;J2","2","J0;J1","2","J2;J0","2","J0;J2","2"
"741","J0:[0,3);J1:[3,6);J2:[4,6)","J0;J1","2","J0;J1","2","J0;J1","2","J2;J0","2","J0;J2","2"
"742","J0:[0,3);J1:[3,6);J2:[5,6)","J0;J1","2","J0;J1","2","J0;J1","2","J2;J0","2","J0;J2","2"
"743","J0:[0,3);J1:[4,5);J2:[4,6)","J0;J1","2","J0;J1","2","J0;J1","2","J1;J0","2","J0;J2","2"
"744","J0:[0,3);J1:[4,5);J2:[5,6)","J0;J1;J2","3","J0;J1;J2","3","J0;J1;J2","3","J1;J2;J0","3","J0;J1;J2","3"
"745","J0:[0,3);J1:[4,6);J2:[5,6)","J0;J1","2","J0;J1","2","J0;J1","2","J2;J0","2","J0;J2","2"
"746","J0:[0,4);J1:[0,5);J2:[0,6)","J0","1","J0","1","J0","1","J0","1","J2","1"
"747","J0:[0,4);J1:[0,5);J2:[1,2)","J0","1","J2","1","J0","1","J2","1","J2","1"
"748","J0:[0,4);J1:[0,5);J2:[1,3)","J0","1","J2","1","J0","1","J2","1","J2","1"
"749","J0:[0,4);J1:[0,5);J2:[1,4)","J0","1","J0","1","J0","1","J2","1","J2","1"
"750","J0:[0,4);J1:[0,5);J2:[1,5)","J0","1","J0","1","J0","1","J0","1","J2","1"
"751","J0:[0,4);J1:[0,5);J2:[1,6)","J0","1","J0","1","J0","1","J0","1","J2","1"
"752","J0:[0,4);J1:[0,5);J2:[2,3)","J0","1","J2","1","J0","1","J2","1","J2","1"
"753","J0:[0,4);J1:[0,5);J2:[2,4)","J0","1","J0","1","J0","1","J2","1","J2","1"
"754","J0:[0,4);J1:[0,5);J2:[2,5)","J0","1","J0","1","J0","1","J2","1","J2","1"
"755","J0:[0,4);J1:[0,5);J2:[2,6)","J0","1","J0","1","J0","1","J0","1","J2","1"
"756","J0:[0,4);J1:[0,5);J2:[3,4)","J0","1","J0","1","J0","1","J2","1","J2","1"
"757","J0:[0,4);J1:[0,5);J2:[3,5)","J0","1","J0","1","J0","1","J2","1","J2","1"
"758","J0:[0,4);J1:[0,5);J2:[3,6)","J0","1","J0","1","J0","1","J2","1","J2","1"
"759","J0:[0,4);J1:[0,5);J2:[4,5)","J0;J2","2","J0;J2","2","J0;J2","2","J2;J0","2","J0;J2","2"
"760","J0:[0,4);J1:[0,5);J2:[4,6)","J0;J2","2","J0;J2","2","J0;J2","2","J2;J0","2","J0;J2","2"
"761","J0:[0,4);J1:[0,5);J2:[5,6)","J0;J2","2","J0;J2","2","J0;J2","2","J2;J0","2","J1;J2","2"
"762","J0:[0,4);J1:[0,6);J2:[1,2)","J0","1","J2","1","J0","1","J2","1","J2","1"
"763","J0:[0,4);J1:[0,6);J2:[1,3)","J0","1","J2","1","J0","1","J2","1","J2","1"
"764","J0:[0,4);J1:[0,6);J2:[1,4)","J0","1","J0","1","J0","1","J2","1","J2","1"
"765","J0:[0,4);J1:[0,6);J2:[1,5)","J0","1","J0","1","J0","1","J0","1","J2","1"
"766","J0:[0,4);J1:[0,6);J2:[1,6)","J0","1","J0","1","J0","1","J0","1","J2","1"
"767","J0:[0,4);J1:[0,6);J2:[2,3)","J0","1","J2","1","J0","1","J2","1","J2","1"
"768","J0:[0,4);J1:[0,6);J2:[2,4)","J0","1","J0","1","J0","1","J2","1","J2","1"
"769","J0:[0,4);J1:[0,6);J2:[2,5)","J0","1","J0","1","J0","1","J2","1","J2","1"
"770","J0:[0,4);J1:[0,6);J2:[2,6)","J0","1","J0","1","J0","1","J0","1","J2","1"
"771","J0:[0,4);J1:[0,6);J2:[3,4)","J0","1","J0","1","J0","1","J2","1","J2","1"
"772","J0:[0,4);J1:[0,6);J2:[3,5)","J0","1","J0","1","J0","1","J2","1","J2","1"
"773","J0:[0,4);J1:[0,6);J2:[3,6)","J0","1","J0","1","J0","1","J2","1","J2","1"
"774","J0:[0,4);J1:[0,6);J2:[4,5)","J0;J2","2","J0;J2","2","J0;J2","2","J2;J0","2","J0;J2","2"
"775","J0:[0,4);J1:[0,6);J2:[4,6)","J0;J2","2","J0;J2","2","J0;J2","2","J2;J0","2","J0;J2","2"
"776","J0:[0,4);J1:[0,6);J2:[5,6)","J0;J2","2","J0;J2","2","J0;J2","2","J2;J0","2","J0;J2","2"
"777","J0:[0,4);J1:[1,2);J2:[1,3)","J0","1","J1","1","J0","1","J1","1","J2","1"
"778","J0:[0,4);J1:[1,2);J2:[1,4)","J0","1","J1","1","J0","1","J1","1","J2","1"
"779","J0:[0,4);J1:[1,2);J2:[1,5)","J0","1","J1","1","J0","1","J1","1","J2","1"
"780","J0:[0,4);J1:[1,2);J2:[1,6)","J0","1","J1","1","J0","1","J1","1","J2","1"
"781","J0:[0,4);J1:[1,2);J2:[2,3)","J1;J2","2","J1;J2","2","J0","1","J1;J2","2","J1;J2","2"
"782","J0:[0,4);J1:[1,2);J2:[2,4)","J1;J2","2","J1;J2","2","J0","1","J1;J2","2","J1;J2","2"
"783","J0:[0,4);J1:[1,2);J2:[2,5)","J1;J2","2","J1;J2","2","J0","1","J1;J2","2","J1;J2","2"
"784","J0:[0,4);J1:[1,2);J2:[2,6)","J1;J2","2","J1;J2","2","J0","1","J1;J2","2","J1;J2","2"
"785","J0:[0,4);J1:[1,2);J2:[3,4)","J1;J2","2","J1;J2","2","J0","1","J1;J2","2","J1;J2","2"
"786","J0:[0,4);J1:[1,2);J2:[3,5)","J1;J2","2","J1;J2","2","J0","1","J1;J2","2","J1;J2","2"
"787","J0:[0,4);J1:[1,2);J2:[3,6)","J1;J2","2","J1;J2","2","J0","1","J1;J2","2","J1;J2","2"
"788","J0:[0,4);J1:[1,2);J2:[4,5)","J0;J2","2","J1;J2","2","J0;J2","2","J1;J2","2","J1;J2","2"
"789","J0:[0,4);J1:[1,2);J2:[4,6)","J0;J2","2","J1;J2","2","J0;J2","2","J1;J2","2","J1;J2","2"
"790","J0:[0,4);J1:[1,2);J2:[5,6)","J0;J2","2","J1;J2","2","J0;J2","2","J1;J2","2","J1;J2","2"
"791","J0:[0,4);J1:[1,3);J2:[1,4)","J0","1","J1","1","J0","1","J1","1","J2","1"
"792","J0:[0,4);J1:[1,3);J2:[1,5)","J0","1","J1","1","J0","1","J1","1","J2","1"
"793","J0:[0,4);J1:[1,3);J2:[1,6)","J0","1","J1","1","J0","1","J1","1","J2","1"
"794","J0:[0,4);J1:[1,3);J2:[2,3)","J0","1","J1","1","J0","1","J2","1","J2","1"
"795","J0:[0,4);J1:[1,3);J2:[2,4)","J0","1","J1","1","J0","1","J1","1","J2","1"
"796","J0:[0,4);J1:[1,3);J2:[2,5)","J0","1","J1","1","J0","1","J1","1","J2","1"
"797","J0:[0,4);J1:[1,3);J2:[2,6)","J0","1","J1","1","J0","1","J1","1","J2","1"
"798","J0:[0,4);J1:[1,3);J2:[3,4)","J1;J2","2","J1;J2","2","J0","1","J2;J1","2","J1;J2","2"
"799","J0:[0,4);J1:[1,3);J2:[3,5)","J1;J2","2","J1;J2","2","J0","1","J1;J2","2","J1;J2","2"
"800","J0:[0,4);J1:[1,3);J2:[3,6)","J1;J2","2","J1;J2","2","J0","1","J1;J2","2","J1;J2","2"
"801","J0:[0,4);J1:[1,3);J2:[4,5)","J0;J2","2","J1;J2","2","J0;J2","2","J2;J1","2","J1;J2","2"
"802","J0:[0,4);J1:[1,3);J2:[4,6)","J0;J2","2","J1;J2","2","J0;J2","2","J1;J2","2","J1;J2","2"
"803","J0:[0,4);J1:[1,3);J2:[5,6)","J0;J2","2","J1;J2","2","J0;J2","2","J2;J1","2","J1;J2","2"
"804","J0:[0,4);J1:[1,4);J2:[1,5)","J0","1","J0","1","J0","1","J1","1","J2","1"
"805","J0:[0,4);J1:[1,4);J2:[1,6)","J0","1","J0","1","J0","1","J1","1","J2","1"
"806","J0:[0,4);J1:[1,4);J2:[2,3)","J0","1","J2","1","J0","1","J2","1","J2","1"
"807","J0:[0,4);J1:[1,4);J2:[2,4)","J0","1","J0","1","J0","1","J2","1","J2","1"
"808","J0:[0,4);J1:[1,4);J2:[2,5)","J0","1","J0","1","J0","1","J1","1","J2","1"
"809","J0:[0,4);J1:[1,4);J2:[2,6)","J0","1","J0","1","J0","1","J1","1","J2","1"
"810","J0:[0,4);J1:[1,4);J2:[3,4)","J0","1","J0","1","J0","1","J2","1","J2","1"
"811","J0:[0,4);J1:[1,4);J2:[3,5)","J0","1","J0","1","J0","1","J2","1","J2","1"
"812","J0:[0,4);J1:[1,4);J2:[3,6)","J0","1","J0","1","J0","1","J1","1","J2","1"
"813","J0:[0,4);J1:[1,4);J2:[4,5)","J0;J2","2","J0;J2","2","J0;J2","2","J2;J1","2","J1;J2","2"
"814","J0:[0,4);J1:[1,4);J2:[4,6)","J0;J2","2","J0;J2","2","J0;J2","2","J2;J1","2","J1;J2","2"
"815","J0:[0,4);J1:[1,4);J2:[5,6)","J0;J2","2","J0;J2","2","J0;J2","2","J2;J1","2","J1;J2","2"
"816","J0:[0,4);J1:[1,5);J2:[1,6)","J0","1","J0","1","J0","1","J0","1","J2","1"
"817","J0:[0,4);J1:[1,5);J2:[2,3)","J0","1","J2","1","J0","1","J2","1","J2","1"
"818","J0:[0,4);J1:[1,5);J2:[2,4)","J0","1","J0","1","J0","1","J2","1","J2","1"
"819","J0:[0,4);J1:[1,5);J2:[2,5)","J0","1","J0","1","J0","1","J2","1","J2","1"
"820","J0:[0,4);J1:[1,5);J2:[2,6)","J0","1","J0","1","J0","1","J0","1","J2","1"
"821","J0:[0,4);J1:[1,5);J2:[3,4)","J0","1","J0","1","J0","1","J2","1","J2","1"
"822","J0:[0,4);J1:[1,5);J2:[3,5)","J0","1","J0","1","J0","1","J2","1","J2","1"
"823","J0:[0,4);J1:[1,5);J2:[3,6)","J0","1","J0","1","J0","1","J2","1","J2","1"
"824","J0:[0,4);J1:[1,5);J2:[4,5)","J0;J2","2","J0;J2","2","J0;J2","2","J2;J0","2","J0;J2","2"
"825","J0:[0,4);J1:[1,5);J2:[4,6)","J0;J2","2","J0;J2","2","J0;J2","2","J2;J0","2","J0;J2","2"
"826","J0:[0,4);J1:[1,5);J2:[5,6)","J0;J2","2","J0;J2","2","J0;J2","2","J2;J0","2","J1;J2","2"
"827","J0:[0,4);J1:[1,6);J2:[2,3)","J0","1","J2","1","J0","1","J2","1","J2","1"
"828","J0:[0,4);J1:[1,6);J2:[2,4)","J0","1","J0","1","J0","1","J2","1","J2","1"
"829","J0:[0,4);J1:[1,6);J2:[2,5)","J0","1","J0","1","J0","1","J2","1","J2","1"
"830","J0:[0,4);J1:[1,6);J2:[2,6)","J0","1","J0","1","J0","1","J0","1","J2","1"
"831","J0:[0,4);J1:[1,6);J2:[3,4)","J0","1","J0","1","J0","1","J2","1","J2","1"
"832","J0:[0,4);J1:[1,6);J2:[3,5)","J0","1","J0","1","J0","1","J2","1","J2","1"
"833","J0:[0,4);J1:[1,6);J2:[3,6)","J0","1","J0","1","J0","1","J2","1","J2","1"
"834","J0:[0,4);J1:[1,6);J2:[4,5)","J0;J2","2","J0;J2","2","J0;J2","2","J2;J0","2","J0;J2","2"
"835","J0:[0,4);J1:[1,6);J2:[4,6)","J0;J2","2","J0;J2","2","J0;J2","2","J2;J0","2","J0;J2","2"
"836","J0:[0,4);J1:[1,6);J2:[5,6)","J0;J2","2","J0;J2","2","J0;J2","2","J2;J0","2","J0;J2","2"
"837","J0:[0,4);J1:[2,3);J2:[2,4)","J0","1","J1","1","J0","1","J1","1","J2","1"
"838","J0:[0,4);J1:[2,3);J2:[2,5)","J0","1","J1","1","J0","1","J1","1","J2","1"
"839","J0:[0,4);J1:[2,3);J2:[2,6)","J0","1","J1","1","J0","1","J1","1","J2","1"
"840","J0:[0,4);J1:[2,3);J2:[3,4)","J1;J2","2","J1;J2","2","J0","1","J1;J2","2","J1;J2","2"
"841","J0:[0,4);J1:[2,3);J2:[3,5)","J1;J2","2","J1;J2","2","J0","1","J1;J2","2","J1;J2","2"
"842","J0:[0,4);J1:[2,3);J2:[3,6)","J1;J2","2","J1;J2","2","J0","1","J1;J2","2","J1;J2","2"
"843","J0:[0,4);J1:[2,3);J2:[4,5)","J0;J2","2","J1;J2","2","J0;J2","2","J1;J2","2","J1;J2","2"
"844","J0:[0,4);J1:[2,3);J2:[4,6)","J0;J2","2","J1;J2","2","J0;J2","2","J1;J2","2","J1;J2","2"
"845","J0:[0,4);J1:[2,3);J2:[5,6)","J0;J2","2","J1;J2","2","J0;J2","2","J1;J2","2","J1;J2","2"
"846","J0:[0,4);J1:[2,4);J2:[2,5)","J0","1","J0","1","J0","1","J1","1","J2","1"
"847","J0:[0,4);J1:[2,4);J2:[2,6)","J0","1","J0","1","J0","1","J1","1","J2","1"
"848","J0:[0,4);J1:[2,4);J2:[3,4)","J0","1","J0","1","J0","1","J2","1","J2","1"
"849","J0:[0,4);J1:[2,4);J2:[3,5)","J0","1","J0","1","J0","1","J1","1","J2","1"
"850","J0:[0,4);J1:[2,4);J2:[3,6)","J0","1","J0","1","J0","1","J1","1","J2","1"
"851","J0:[0,4);J1:[2,4);J2:[4,5)","J0;J2","2","J0;J2","2","J0;J2","2","J2;J1","2","J1;J2","2"
"852","J0:[0,4);J1:[2,4);J2:[4,6)","J0;J2","2","J0;J2","2","J0;J2","2","J1;J2","2","J1;J2","2"
"853","J0:[0,4);J1:[2,4);J2:[5,6)","J0;J2","2","J0;J2","2","J0;J2","2","J2;J1","2","J1;J2","2"
"854","J0:[0,4);J1:[2,5);J2:[2,6)","J0","1","J0","1","J0","1","J1","1","J2","1"
"855","J0:[0,4);J1:[2,5);J2:[3,4)","J0","1","J0","1","J0","1","J2","1","J2","1"
"856","J0:[0,4);J1:[2,5);J2:[3,5)","J0","1","J0","1","J0","1","J2","1","J2","1"
"857","J0:[0,4);J1:[2,5);J2:[3,6)","J0","1","J0","1","J0","1","J1","1","J2","1"
"858","J0:[0,4);J1:[2,5);J2:[4,5)","J0;J2","2","J0;J2","2","J0;J2","2","J2;J0","2","J0;J2","2"
"859","J0:[0,4);J1:[2,5);J2:[4,6)","J0;J2","2","J0;J2","2","J0;J2","2","J2;J0","2","J0;J2","2"
"860","J0:[0,4);J1:[2,5);J2:[5,6)","J0;J2","2","J0;J2","2","J0;J2","2","J2;J1","2","J1;J2","2"
"861","J0:[0,4);J1:[2,6);J2:[3,4)","J0","1","J0","1","J0","1","J2","1","J2","1"
"862","J0:[0,4);J1:[2,6);J2:[3,5)","J0","1","J0","1","J0","1","J2","1","J2","1"
"863","J0:[0,4);J1:[2,6);J2:[3,6)","J0","1","J0","1","J0","1","J2","1","J2","1"
"864","J0:[0,4);J1:[2,6);J2:[4,5)","J0;J2","2","J0;J2","2","J0;J2","2","J2;J0","2","J0;J2","2"
"865","J0:[0,4);J1:[2,6);J2:[4,6)","J0;J2","2","J0;J2","2","J0;J2","2","J2;J0","2","J0;J2","2"
"866","J0:[0,4);J1:[2,6);J2:[5,6)","J0;J2","2","J0;J2","2","J0;J2","2","J2;J0","2","J0;J2","2"
"867","J0:[0,4);J1:[3,4);J2:[3,5)","J0","1","J0","1","J0","1","J1","1","J2","1"
"868","J0:[0,4);J1:[3,4);J2:[3,6)","J0","1","J0","1","J0","1","J1","1","J2","1"
"869","J0:[0,4);J1:[3,4);J2:[4,5)","J0;J2","2","J0;J2","2","J0;J2","2","J1;J2","2","J1;J2","2"
"870","J0:[0,4);J1:[3,4);J2:[4,6)","J0;J2","2","J0;J2","2","J0;J2","2","J1;J2","2","J1;J2","2"
"871","J0:[0,4);J1:[3,4);J2:[5,6)","J0;J2","2","J0;J2","2","J0;J2","2","J1;J2","2","J1;J2","2"
"872","J0:[0,4);J1:[3,5);J2:[3,6)","J0","1","J0","1","J0","1","J1","1","J2","1"
"873","J0:[0,4);J1:[3,5);J2:[4,5)","J0;J2","2","J0;J2","2","J0;J2","2","J2;J0","2","J0;J2","2"
"874","J0:[0,4);J1:[3,5);J2:[4,6)","J0;J2","2","J0;J2","2","J0;J2","2","J1","1","J0;J2","2"
"875","J0:[0,4);J1:[3,5);J2:[5,6)","J0;J2","2","J0;J2","2","J0;J2","2","J2;J1","2","J1;J2","2"
"876","J0:[0,4);J1:[3,6);J2:[4,5)","J0;J2","2","J0;J2","2","J0;J2","2","J2;J0","2","J0;J2","2"
"877","J0:[0,4);J1:[3,6);J2:[4,6)","J0;J2","2","J0;J2","2","J0;J2","2","J2;J0","2","J0;J2","2"
"878","J0:[0,4);J1:[3,6);J2:[5,6)","J0;J2","2","J0;J2","2","J0;J2","2","J2;J0","2","J0;J2","2"
"879","J0:[0,4);J1:[4,5);J2:[4,6)","J0;J1","2","J0;J1","2","J0;J1","2","J1;J0","2","J0;J2","2"
"880","J0:[0,4);J1:[4,5);J2:[5,6)","J0;J1;J2","3","J0;J1;J2","3","J0;J1;J2","3","J1;J2;J0","3","J0;J1;J2","3"
"881","J0:[0,4);J1:[4,6);J2:[5,6)","J0;J1","2","J0;J1","2","J0;J1","2","J2;J0","2","J0;J2","2"
"882","J0:[0,5);J1:[0,6);J2:[1,2)","J0","1","J2","1","J0","1","J2","1","J2","1"
"883","J0:[0,5);J1:[0,6);J2:[1,3)","J0","1","J2","1","J0","1","J2","1","J2","1"
"884","J0:[0,5);J1:[0,6);J2:[1,4)","J0","1","J2","1","J0","1","J2","1","J2","1"
"885","J0:[0,5);J1:[0,6);J2:[1,5)","J0","1","J0","1","J0","1","J2","1","J2","1"
"886","J0:[0,5);J1:[0,6);J2:[1,6)","J0","1","J0","1","J0","1","J0","1","J2","1"
"887","J0:[0,5);J1:[0,6);J2:[2,3)","J0","1","J2","1","J0","1","J2","1","J2","1"
"888","J0:[0,5);J1:[0,6);J2:[2,4)","J0","1","J2","1","J0","1","J2","1","J2","1"
"889","J0:[0,5);J1:[0,6);J2:[2,5)","J0","1","J0","1","J0","1","J2","1","J2","1"
"890","J0:[0,5);J1:[0,6);J2:[2,6)","J0","1","J0","1","J0","1","J2","1","J2","1"
"891","J0:[0,5);J1:[0,6);J2:[3,4)","J0","1","J2","1","J0","1","J2","1","J2","1"
"892","J0:[0,5);J1:[0,6);J2:[3,5)","J0","1","J0","1","J0","1","J2","1","J2","1"
"893","J0:[0,5);J1:[0,6);J2:[3,6)","J0","1","J0","1","J0","1","J2","1","J2","1"
"894","J0:[0,5);J1:[0,6);J2:[4,5)","J0","1","J0","1","J0","1","J2","1","J2","1"
"895","J0:[0,5);J1:[0,6);J2:[4,6)","J0","1","J0","1","J0","1","J2","1","J2","1"
"896","J0:[0,5);J1:[0,6);J2:[5,6)","J0;J2","2","J0;J2","2","J0;J2","2","J2;J0","2","J0;J2","2"
"897","J0:[0,5);J1:[1,2);J2:[1,3)","J0","1","J1","1","J0","1","J1","1","J2","1"
"898","J0:[0,5);J1:[1,2);J2:[1,4)","J0","1","J1","1","J0","1","J1","1","J2","1"
"899","J0:[0,5);J1:[1,2);J2:[1,5)","J0","1","J1","1","J0","1","J1","1","J2","1"
"900","J0:[0,5);J1:[1,2);J2:[1,6)","J0","1","J1","1","J0","1","J1","1","J2","1"
"901","J0:[0,5);J1:[1,2);J2:[2,3)","J1;J2","2","J1;J2","2","J0","1","J1;J2","2","J1;J2","2"
"902","J0:[0,5);J1:[1,2);J2:[2,4)","J1;J2","2","J1;J2","2","J0","1","J1;J2","2","J1;J2","2"
"903","J0:[0,5);J1:[1,2);J2:[2,5)","J1;J2","2","J1;J2","2","J0","1","J1;J2","2","J1;J2","2"
"904","J0:[0,5);J1:[1,2);J2:[2,6)","J1;J2","2","J1;J2","2","J0","1","J1;J2","2","J1;J2","2"
"905","J0:[0,5);J1:[1,2);J2:[3,4)","J1;J2","2","J1;J2","2","J0","1","J1;J2","2","J1;J2","2"
"906","J0:[0,5);J1:[1,2);J2:[3,5)","J1;J2","2","J1;J2","2","J0","1","J1;J2","2","J1;J2","2"
"907","J0:[0,5);J1:[1,2);J2:[3,6)","J1;J2","2","J1;J2","2","J0","1","J1;J2","2","J1;J2","2"
"908","J0:[0,5);J1:[1,2);J2:[4,5)","J1;J2","2","J1;J2","2","J0","1","J1;J2","2","J1;J2","2"
"909","J0:[0,5);J1:[1,2);J2:[4,6)","J1;J2","2","J1;J2","2","J0","1","J1;J2","2","J1;J2","2"
"910","J0:[0,5);J1:[1,2);J2:[5,6)","J0;J2","2","J1;J2","2","J0;J2","2","J1;J2","2","J1;J2","2"
"911","J0:[0,5);J1:[1,3);J2:[1,4)","J0","1","J1","1","J0","1","J1","1","J2","1"
"912","J0:[0,5);J1:[1,3);J2:[1,5)","J0","1","J1","1","J0","1","J1","1","J2","1"
"913","J0:[0,5);J1:[1,3);J2:[1,6)","J0","1","J1","1","J0","1","J1","1","J2","1"
"914","J0:[0,5);J1:[1,3);J2:[2,3)","J0","1","J1","1","J0","1","J2","1","J2","1"
"915","J0:[0,5);J1:[1,3);J2:[2,4)","J0","1","J1","1","J0","1","J1","1","J2","1"
"916","J0:[0,5);J1:[1,3);J2:[2,5)","J0","1","J1","1","J0","1","J1","1","J2","1"
"917","J0:[0,5);J1:[1,3);J2:[2,6)","J0","1","J1","1","J0","1","J1","1","J2","1"
"918","J0:[0,5);J1:[1,3);J2:[3,4)","J1;J2","2","J1;J2","2","J0","1","J2;J1","2","J1;J2","2"
"919","J0:[0,5);J1:[1,3);J2:[3,5)","J1;J2","2","J1;J2","2","J0","1","J1;J2","2","J1;J2","2"
"920","J0:[0,5);J1:[1,3);J2:[3,6)","J1;J2","2","J1;J2","2","J0","1","J1;J2","2","J1;J2","2"
"921","J0:[0,5);J1:[1,3);J2:[4,5)","J1;J2","2","J1;J2","2","J0","1","J2;J1","2","J1;J2","2"
"922","J0:[0,5);J1:[1,3);J2:[4,6)","J1;J2","2","J1;J2","2","J0","1","J1;J2","2","J1;J2","2"
"923","J0:[0,5);J1:[1,3);J2:[5,6)","J0;J2","2","J1;J2","2","J0;J2","2","J2;J1","2","J1;J2","2"
"924","J0:[0,5);J1:[1,4);J2:[1,5)","J0","1","J1","1","J0","1","J1","1","J2","1"
"925","J0:[0,5);J1:[1,4);J2:[1,6)","J0","1","J1","1","J0","1","J1","1","J2","1"
"926","J0:[0,5);J1:[1,4);J2:[2,3)","J0","1","J2","1","J0","1","J2","1","J2","1"
"927","J0:[0,5);J1:[1,4);J2:[2,4)","J0","1","J1","1","J0","1","J2","1","J2","1"
"928","J0:[0,5);J1:[1,4);J2:[2,5)","J0","1","J1","1","J0","1","J1","1","J2","1"
"929","J0:[0,5);J1:[1,4);J2:[2,6)","J0","1","J1","1","J0","1","J1","1","J2","1"
"930","J0:[0,5);J1:[1,4);J2:[3,4)","J0","1","J1","1","J0","1","J2","1","J2","1"
"931","J0:[0,5);J1:[1,4);J2:[3,5)","J0","1","J1","1","J0","1","J2","1","J2","1"
"932","J0:[0,5);J1:[1,4);J2:[3,6)","J0","1","J1","1","J0","1","J1","1","J2","1"
"933","J0:[0,5);J1:[1,4);J2:[4,5)","J1;J2","2","J1;J2","2","J0","1","J2;J1","2","J1;J2","2"
"934","J0:[0,5);J1:[1,4);J2:[4,6)","J1;J2","2","J1;J2","2","J0","1","J2;J1","2","J1;J2","2"
"935","J0:[0,5);J1:[1,4);J2:[5,6)","J0;J2","2","J1;J2","2","J0;J2","2","J2;J1","2","J1;J2","2"
"936","J0:[0,5);J1:[1,5);J2:[1,6)","J0","1","J0","1","J0","1","J1","1","J2","1"
"937","J0:[0,5);J1:[1,5);J2:[2,3)","J0","1","J2","1","J0","1","J2","1","J2","1"
"938","J0:[0,5);J1:[1,5);J2:[2,4)","J0","1","J2","1","J0","1","J2","1","J2","1"
"939","J0:[0,5);J1:[1,5);J2:[2,5)","J0","1","J0","1","J0","1","J2","1","J2","1"
"940","J0:[0,5);J1:[1,5);J2:[2,6)","J0","1","J0","1","J0","1","J1","1","J2","1"
"941","J0:[0,5);J1:[1,5);J2:[3,4)","J0","1","J2","1","J0","1","J2","1","J2","1"
"942","J0:[0,5);J1:[1,5);J2:[3,5)","J0","1","J0","1","J0","1","J2","1","J2","1"
"943","J0:[0,5);J1:[1,5);J2:[3,6)","J0","1","J0","1","J0","1","J2","1","J2","1"
"944","J0:[0,5);J1:[1,5);J2:[4,5)","J0","1","J0","1","J0","1","J2","1","J2","1"
"945","J0:[0,5);J1:[1,5);J2:[4,6)","J0","1","J0","1","J0","1","J2","1","J2","1"
"946","J0:[0,5);J1:[1,5);J2:[5,6)","J0;J2","2","J0;J2","2","J0;J2","2","J2;J1","2","J1;J2","2"
"947","J0:[0,5);J1:[1,6);J2:[2,3)","J0","1","J2","1","J0","1","J2","1","J2","1"
"948","J0:[0,5);J1:[1,6);J2:[2,4)","J0","1","J2","1","J0","1","J2","1","J2","1"
"949","J0:[0,5);J1:[1,6);J2:[2,5)","J0","1","J0","1","J0","1","J2","1","J2","1"
"950","J0:[0,5);J1:[1,6);J2:[2,6)","J0","1","J0","1","J0","1","J2","1","J2","1"
"951","J0:[0,5);J1:[1,6);J2:[3,4)","J0","1","J2","1","J0","1","J2","1","J2","1"
"952","J0:[0,5);J1:[1,6);J2:[3,5)","J0","1","J0","1","J0","1","J2","1","J2","1"
"953","J0:[0,5);J1:[1,6);J2:[3,6)","J0","1","J0","1","J0","1","J2","1","J2","1"
"954","J0:[0,5);J1:[1,6);J2:[4,5)","J0","1","J0","1","J0","1","J2","1","J2","1"
"955","J0:[0,5);J1:[1,6);J2:[4,6)","J0","1","J0","1","J0","1","J2","1","J2","1"
"956","J0:[0,5);J1:[1,6);J2:[5,6)","J0;J2","2","J0;J2","2","J0;J2","2","J2;J0","2","J0;J2","2"
"957","J0:[0,5);J1:[2,3);J2:[2,4)","J0","1","J1","1","J0","1","J1","1","J2","1"
"958","J0:[0,5);J1:[2,3);J2:[2,5)","J0","1","J1","1","J0","1","J1","1","J2","1"
"959","J0:[0,5);J1:[2,3);J2:[2,6)","J0","1","J1","1","J0","1","J1","1","J2","1"
"960","J0:[0,5);J1:[2,3);J2:[3,4)","J1;J2","2","J1;J2","2","J0","1","J1;J2","2","J1;J2","2"
"961","J0:[0,5);J1:[2,3);J2:[3,5)","J1;J2","2","J1;J2","2","J0","1","J1;J2","2","J1;J2","2"
"962","J0:[0,5);J1:[2,3);J2:[3,6)","J1;J2","2","J1;J2","2","J0","1","J1;J2","2","J1;J2","2"
"963","J0:[0,5);J1:[2,3);J2:[4,5)","J1;J2","2","J1;J2","2","J0","1","J1;J2","2","J1;J2","2"
"964","J0:[0,5);J1:[2,3);J2:[4,6)","J1;J2","2","J1;J2","2","J0","1","J1;J2","2","J1;J2","2"
"965","J0:[0,5);J1:[2,3);J2:[5,6)","J0;J2","2","J1;J2","2","J0;J2","2","J1;J2","2","J1;J2","2"
"966","J0:[0,5);J1:[2,4);J2:[2,5)","J0","1","J1","1","J0","1","J1","1","J2","1"
"967","J0:[0,5);J1:[2,4);J2:[2,6)","J0","1","J1","1","J0","1","J1","1","J2","1"
"968","J0:[0,5);J1:[2,4);J2:[3,4)","J0","1","J1","1","J0","1","J2","1","J2","1"
"969","J0:[0,5);J1:[2,4);J2:[3,5)","J0","1","J1","1","J0","1","J1","1","J2","1"
"970","J0:[0,5);J1:[2,4);J2:[3,6)","J0","1","J1","1","J0","1","J1","1","J2","1"
"971","J0:[0,5);J1:[2,4);J2:[4,5)","J1;J2","2","J1;J2","2","J0","1","J2;J1","2","J1;J2","2"
"972","J0:[0,5);J1:[2,4);J2:[4,6)","J1;J2","2","J1;J2","2","J0","1","J1;J2","2","J1;J2","2"
"973","J0:[0,5);J1:[2,4);J2:[5,6)","J0;J2","2","J1;J2","2","J0;J2","2","J2;J1","2","J1;J2","2"
"974","J0:[0,5);J1:[2,5);J2:[2,6)","J0","1","J0","1","J0","1","J1","1","J2","1"
"975","J0:[0,5);J1:[2,5);J2:[3,4)","J0","1","J2","1","J0","1","J2","1","J2","1"
"976","J0:[0,5);J1:[2,5);J2:[3,5)","J0","1","J0","1","J0","1","J2","1","J2","1"
"977","J0:[0,5);J1:[2,5);J2:[3,6)","J0","1","J0","1","J0","1","J1","1","J2","1"
"978","J0:[0,5);J1:[2,5);J2:[4,5)","J0","1","J0","1","J0","1","J2","1","J2","1"
"979","J0:[0,5);J1:[2,5);J2:[4,6)","J0","1","J0","1","J0","1","J2","1","J2","1"
"980","J0:[0,5);J1:[2,5);J2:[5,6)","J0;J2","2","J0;J2","2","J0;J2","2","J2;J1","2","J1;J2","2"
"981","J0:[0,5);J1:[2,6);J2:[3,4)","J0","1","J2","1","J0","1","J2","1","J2","1"
"982","J0:[0,5);J1:[2,6);J2:[3,5)","J0","1","J0","1","J0","1","J2","1","J2","1"
"983","J0:[0,5);J1:[2,6);J2:[3,6)","J0","1","J0","1","J0","1","J2","1","J2","1"
"984","J0:[0,5);J1:[2,6);J2:[4,5)","J0","1","J0","1","J0","1","J2","1","J2","1"
"985","J0:[0,5);J1:[2,6);J2:[4,6)","J0","1","J0","1","J0","1","J2","1","J2","1"
"986","J0:[0,5);J1:[2,6);J2:[5,6)","J0;J2","2","J0;J2","2","J0;J2","2","J2;J0","2","J0;J2","2"
"987","J0:[0,5);J1:[3,4);J2:[3,5)","J0","1","J1","1","J0","1","J1","1","J2","1"
"988","J0:[0,5);J1:[3,4);J2:[3,6)","J0","1","J1","1","J0","1","J1","1","J2","1"
"989","J0:[0,5);J1:[3,4);J2:[4,5)","J1;J2","2","J1;J2","2","J0","1","J1;J2","2","J1;J2","2"
"990","J0:[0,5);J1:[3,4);J2:[4,6)","J1;J2","2","J1;J2","2","J0","1","J1;J2","2","J1;J2","2"
"991","J0:[0,5);J1:[3,4);J2:[5,6)","J0;J2","2","J1;J2","2","J0;J2","2","J1;J2","2","J1;J2","2"
"992","J0:[0,5);J1:[3,5);J2:[3,6)","J0","1","J0","1","J0","1","J1","1","J2","1"
"993","J0:[0,5);J1:[3,5);J2:[4,5)","J0","1","J0","1","J0","1","J2","1","J2","1"
"994","J0:[0,5);J1:[3,5);J2:[4,6)","J0","1","J0","1","J0","1","J1","1","J2","1"
"995","J0:[0,5);J1:[3,5);J2:[5,6)","J0;J2","2","J0;J2","2","J0;J2","2","J2;J1","2","J1;J2","2"
"996","J0:[0,5);J1:[3,6);J2:[4,5)","J0","1","J0","1","J0","1","J2","1","J2","1"
"997","J0:[0,5);J1:[3,6);J2:[4,6)","J0","1","J0","1","J0","1","J2","1","J2","1"
"998","J0:[0,5);J1:[3,6);J2:[5,6)","J0;J2","2","J0;J2","2","J0;J2","2","J2;J0","2","J0;J2","2"
"999","J0:[0,5);J1:[4,5);J2:[4,6)","J0","1","J0","1","J0","1","J1","1","J2","1"
"1000","J0:[0,5);J1:[4,5);J2:[5,6)","J0;J2","2","J0;J2","2","J0;J2","2","J1;J2","2","J1;J2","2"
"1001","J0:[0,5);J1:[4,6);J2:[5,6)","J0;J2","2","J0;J2","2","J0;J2","2","J2;J0","2","J0;J2","2"
"1002","J0:[0,6);J1:[1,2);J2:[1,3)","J0","1","J1","1","J0","1","J1","1","J2","1"
"1003","J0:[0,6);J1:[1,2);J2:[1,4)","J0","1","J1","1","J0","1","J1","1","J2","1"
"1004","J0:[0,6);J1:[1,2);J2:[1,5)","J0","1","J1","1","J0","1","J1","1","J2","1"
"1005","J0:[0,6);J1:[1,2);J2:[1,6)","J0","1","J1","1","J0","1","J1","1","J2","1"
"1006","J0:[0,6);J1:[1,2);J2:[2,3)","J1;J2","2","J1;J2","2","J0","1","J1;J2","2","J1;J2","2"
"1007","J0:[0,6);J1:[1,2);J2:[2,4)","J1;J2","2","J1;J2","2","J0","1","J1;J2","2","J1;J2","2"
"1008","J0:[0,6);J1:[1,2);J2:[2,5)","J1;J2","2","J1;J2","2","J0","1","J1;J2","2","J1;J2","2"
"1009","J0:[0,6);J1:[1,2);J2:[2,6)","J1;J2","2","J1;J2","2","J0","1","J1;J2","2","J1;J2","2"
"1010","J0:[0,6);J1:[1,2);J2:[3,4)","J1;J2","2","J1;J2","2","J0","1","J1;J2","2","J1;J2","2"
"1011","J0:[0,6);J1:[1,2);J2:[3,5)","J1;J2","2","J1;J2","2","J0","1","J1;J2","2","J1;J2","2"
"1012","J0:[0,6);J1:[1,2);J2:[3,6)","J1;J2","2","J1;J2","2","J0","1","J1;J2","2","J1;J2","2"
"1013","J0:[0,6);J1:[1,2);J2:[4,5)","J1;J2","2","J1;J2","2","J0","1","J1;J2","2","J1;J2","2"
"1014","J0:[0,6);J1:[1,2);J2:[4,6)","J1;J2","2","J1;J2","2","J0","1","J1;J2","2","J1;J2","2"
"1015","J0:[0,6);J1:[1,2);J2:[5,6)","J1;J2","2","J1;J2","2","J0","1","J1;J2","2","J1;J2","2"
"1016","J0:[0,6);J1:[1,3);J2:[1,4)","J0","1","J1","1","J0","1","J1","1","J2","1"
"1017","J0:[0,6);J1:[1,3);J2:[1,5)","J0","1","J1","1","J0","1","J1","1","J2","1"
"1018","J0:[0,6);J1:[1,3);J2:[1,6)","J0","1","J1","1","J0","1","J1","1","J2","1"
"1019","J0:[0,6);J1:[1,3);J2:[2,3)","J0","1","J1","1","J0","1","J2","1","J2","1"
"1020","J0:[0,6);J1:[1,3);J2:[2,4)","J0","1","J1","1","J0","1","J1","1","J2","1"
"1021","J0:[0,6);J1:[1,3);J2:[2,5)","J0","1","J1","1","J0","1","J1","1","J2","1"
"1022","J0:[0,6);J1:[1,3);J2:[2,6)","J0","1","J1","1","J0","1","J1","1","J2","1"
"1023","J0:[0,6);J1:[1,3);J2:[3,4)","J1;J2","2","J1;J2","2","J0","1","J2;J1","2","J1;J2","2"
"1024","J0:[0,6);J1:[1,3);J2:[3,5)","J1;J2","2","J1;J2","2","J0","1","J1;J2","2","J1;J2","2"
"1025","J0:[0,6);J1:[1,3);J2:[3,6)","J1;J2","2","J1;J2","2","J0","1","J1;J2","2","J1;J2","2"
"1026","J0:[0,6);J1:[1,3);J2:[4,5)","J1;J2","2","J1;J2","2","J0","1","J2;J1","2","J1;J2","2"
"1027","J0:[0,6);J1:[1,3);J2:[4,6)","J1;J2","2","J1;J2","2","J0","1","J1;J2","2","J1;J2","2"
"1028","J0:[0,6);J1:[1,3);J2:[5,6)","J1;J2","2","J1;J2","2","J0","1","J2;J1","2","J1;J2","2"
"1029","J0:[0,6);J1:[1,4);J2:[1,5)","J0","1","J1","1","J0","1","J1","1","J2","1"
"1030","J0:[0,6);J1:[1,4);J2:[1,6)","J0","1","J1","1","J0","1","J1","1","J2","1"
"1031","J0:[0,6);J1:[1,4);J2:[2,3)","J0","1","J2","1","J0","1","J2","1","J2","1"
"1032","J0:[0,6);J1:[1,4);J2:[2,4)","J0","1","J1","1","J0","1","J2","1","J2","1"
"1033","J0:[0,6);J1:[1,4);J2:[2,5)","J0","1","J1","1","J0","1","J1","1","J2","1"
"1034","J0:[0,6);J1:[1,4);J2:[2,6)","J0","1","J1","1","J0","1","J1","1","J2","1"
"1035","J0:[0,6);J1:[1,4);J2:[3,4)","J0","1","J1","1","J0","1","J2","1","J2","1"
"1036","J0:[0,6);J1:[1,4);J2:[3,5)","J0","1","J1","1","J0","1","J2","1","J2","1"
"1037","J0:[0,6);J1:[1,4);J2:[3,6)","J0","1","J1","1","J0","1","J1","1","J2","1"
"1038","J0:[0,6);J1:[1,4);J2:[4,5)","J1;J2","2","J1;J2","2","J0","1","J2;J1","2","J1;J2","2"
"1039","J0:[0,6);J1:[1,4);J2:[4,6)","J1;J2","2","J1;J2","2","J0","1","J2;J1","2","J1;J2","2"
"1040","J0:[0,6);J1:[1,4);J2:[5,6)","J1;J2","2","J1;J2","2","J0","1","J2;J1","2","J1;J2","2"
"1041","J0:[0,6);J1:[1,5);J2:[1,6)","J0","1","J1","1","J0","1","J1","1","J2","1"
"1042","J0:[0,6);J1:[1,5);J2:[2,3)","J0","1","J2","1","J0","1","J2","1","J2","1"
"1043","J0:[0,6);J1:[1,5);J2:[2,4)","J0","1","J2","1","J0","1","J2","1","J2","1"
"1044","J0:[0,6);J1:[1,5);J2:[2,5)","J0","1","J1","1","J0","1","J2","1","J2","1"
"1045","J0:[0,6);J1:[1,5);J2:[2,6)","J0","1","J1","1","J0","1","J1","1","J2","1"
"1046","J0:[0,6);J1:[1,5);J2:[3,4)","J0","1","J2","1","J0","1","J2","1","J2","1"
"1047","J0:[0,6);J1:[1,5);J2:[3,5)","J0","1","J1","1","J0","1","J2","1","J2","1"
"1048","J0:[0,6);J1:[1,5);J2:[3,6)","J0","1","J1","1","J0","1","J2","1","J2","1"
"1049","J0:[0,6);J1:[1,5);J2:[4,5)","J0","1","J1","1","J0","1","J2","1","J2","1"
"1050","J0:[0,6);J1:[1,5);J2:[4,6)","J0","1","J1","1","J0","1","J2","1","J2","1"
"1051","J0:[0,6);J1:[1,5);J2:[5,6)","J1;J2","2","J1;J2","2","J0","1","J2;J1","2","J1;J2","2"
"1052","J0:[0,6);J1:[1,6);J2:[2,3)","J0","1","J2","1","J0","1","J2","1","J2","1"
"1053","J0:[0,6);J1:[1,6);J2:[2,4)","J0","1","J2","1","J0","1","J2","1","J2","1"
"1054","J0:[0,6);J1:[1,6);J2:[2,5)","J0","1","J2","1","J0","1","J2","1","J2","1"
"1055","J0:[0,6);J1:[1,6);J2:[2,6)","J0","1","J0","1","J0","1","J2","1","J2","1"
"1056","J0:[0,6);J1:[1,6);J2:[3,4)","J0","1","J2","1","J0","1","J2","1","J2","1"
"1057","J0:[0,6);J1:[1,6);J2:[3,5)","J0","1","J2","1","J0","1","J2","1","J2","1"
"1058","J0:[0,6);J1:[1,6);J2:[3,6)","J0","1","J0","1","J0","1","J2","1","J2","1"
"1059","J0:[0,6);J1:[1,6);J2:[4,5)","J0","1","J2","1","J0","1","J2","1","J2","1"
"1060","J0:[0,6);J1:[1,6);J2:[4,6)","J0","1","J0","1","J0","1","J2","1","J2","1"
"1061","J0:[0,6);J1:[1,6);J2:[5,6)","J0","1","J0","1","J0","1","J2","1","J2","1"
"1062","J0:[0,6);J1:[2,3);J2:[2,4)","J0","1","J1","1","J0","1","J1","1","J2","1"
"1063","J0:[0,6);J1:[2,3);J2:[2,5)","J0","1","J1","1","J0","1","J1","1","J2","1"
"1064","J0:[0,6);J1:[2,3);J2:[2,6)","J0","1","J1","1","J0","1","J1","1","J2","1"
"1065","J0:[0,6);J1:[2,3);J2:[3,4)","J1;J2","2","J1;J2","2","J0","1","J1;J2","2","J1;J2","2"
"1066","J0:[0,6);J1:[2,3);J2:[3,5)","J1;J2","2","J1;J2","2","J0","1","J1;J2","2","J1;J2","2"
"1067","J0:[0,6);J1:[2,3);J2:[3,6)","J1;J2","2","J1;J2","2","J0","1","J1;J2","2","J1;J2","2"
"1068","J0:[0,6);J1:[2,3);J2:[4,5)","J1;J2","2","J1;J2","2","J0","1","J1;J2","2","J1;J2","2"
"1069","J0:[0,6);J1:[2,3);J2:[4,6)","J1;J2","2","J1;J2","2","J0","1","J1;J2","2","J1;J2","2"
"1070","J0:[0,6);J1:[2,3);J2:[5,6)","J1;J2","2","J1;J2","2","J0","1","J1;J2","2","J1;J2","2"
"1071","J0:[0,6);J1:[2,4);J2:[2,5)","J0","1","J1","1","J0","1","J1","1","J2","1"
"1072","J0:[0,6);J1:[2,4);J2:[2,6)","J0","1","J1","1","J0","1","J1","1","J2","1"
"1073","J0:[0,6);J1:[2,4);J2:[3,4)","J0","1","J1","1","J0","1","J2","1","J2","1"
"1074","J0:[0,6);J1:[2,4);J2:[3,5)","J0","1","J1","1","J0","1","J1","1","J2","1"
"1075","J0:[0,6);J1:[2,4);J2:[3,6)","J0","1","J1","1","J0","1","J1","1","J2","1"
"1076","J0:[0,6);J1:[2,4);J2:[4,5)","J1;J2","2","J1;J2","2","J0","1","J2;J1","2","J1;J2","2"
"1077","J0:[0,6);J1:[2,4);J2:[4,6)","J1;J2","2","J1;J2","2","J0","1","J1;J2","2","J1;J2","2"
"1078","J0:[0,6);J1:[2,4);J2:[5,6)","J1;J2","2","J1;J2","2","J0","1","J2;J1","2","J1;J2","2"
"1079","J0:[0,6);J1:[2,5);J2:[2,6)","J0","1","J1","1","J0","1","J1","1","J2","1"
"1080","J0:[0,6);J1:[2,5);J2:[3,4)","J0","1","J2","1","J0","1","J2","1","J2","1"
"1081","J0:[0,6);J1:[2,5);J2:[3,5)","J0","1","J1","1","J0","1","J2","1","J2","1"
"1082","J0:[0,6);J1:[2,5);J2:[3,6)","J0","1","J1","1","J0","1","J1","1","J2","1"
"1083","J0:[0,6);J1:[2,5);J2:[4,5)","J0","1","J1","1","J0","1","J2","1","J2","1"
"1084","J0:[0,6);J1:[2,5);J2:[4,6)","J0","1","J1","1","J0","1","J2","1","J2","1"
"1085","J0:[0,6);J1:[2,5);J2:[5,6)","J1;J2","2","J1;J2","2","J0","1","J2;J1","2","J1;J2","2"
"1086","J0:[0,6);J1:[2,6);J2:[3,4)","J0","1","J2","1","J0","1","J2","1","J2","1"
"1087","J0:[0,6);J1:[2,6);J2:[3,5)","J0","1","J2","1","J0","1","J2","1","J2","1"
"1088","J0:[0,6);J1:[2,6);J2:[3,6)","J0","1","J0","1","J0","1","J2","1","J2","1"
"1089","J0:[0,6);J1:[2,6);J2:[4,5)","J0","1","J2","1","J0","1","J2","1","J2","1"
"1090","J0:[0,6);J1:[2,6);J2:[4,6)","J0","1","J0","1","J0","1","J2","1","J2","1"
"1091","J0:[0,6);J1:[2,6);J2:[5,6)","J0","1","J0","1","J0","1","J2","1","J2","1"
"1092","J0:[0,6);J1:[3,4);J2:[3,5)","J0","1","J1","1","J0","1","J1","1","J2","1"
"1093","J0:[0,6);J1:[3,4);J2:[3,6)","J0","1","J1","1","J0","1","J1","1","J2","1"
"1094","J0:[0,6);J1:[3,4);J2:[4,5)","J1;J2","2","J1;J2","2","J0","1","J1;J2","2","J1;J2","2"
"1095","J0:[0,6);J1:[3,4);J2:[4,6)","J1;J2","2","J1;J2","2","J0","1","J1;J2","2","J1;J2","2"
"1096","J0:[0,6);J1:[3,4);J2:[5,6)","J1;J2","2","J1;J2","2","J0","1","J1;J2","2","J1;J2","2"
"1097","J0:[0,6);J1:[3,5);J2:[3,6)","J0","1","J1","1","J0","1","J1","1","J2","1"
"1098","J0:[0,6);J1:[3,5);J2:[4,5)","J0","1","J1","1","J0","1","J2","1","J2","1"
"1099","J0:[0,6);J1:[3,5);J2:[4,6)","J0","1","J1","1","J0","1","J1","1","J2","1"
"1100","J0:[0,6);J1:[3,5);J2:[5,6)","J1;J2","2","J1;J2","2","J0","1","J2;J1","2","J1;J2","2"
"1101","J0:[0,6);J1:[3,6);J2:[4,5)","J0","1","J2","1","J0","1","J2","1","J2","1"
"1102","J0:[0,6);J1:[3,6);J2:[4,6)","J0","1","J0","1","J0","1","J2","1","J2","1"
"1103","J0:[0,6);J1:[3,6);J2:[5,6)","J0","1","J0","1","J0","1","J2","1","J2","1"
"1104","J0:[0,6);J1:[4,5);J2:[4,6)","J0","1","J1","1","J0","1","J1","1","J2","1"
"1105","J0:[0,6);J1:[4,5);J2:[5,6)","J1;J2","2","J1;J2","2","J0","1","J1;J2","2","J1;J2","2"
"1106","J0:[0,6);J1:[4,6);J2:[5,6)","J0","1","J0","1","J0","1","J2","1","J2","1"
"1107","J0:[1,2);J1:[1,3);J2:[1,4)","J0","1","J0","1","J0","1","J0","1","J2","1"
"1108","J0:[1,2);J1:[1,3);J2:[1,5)","J0","1","J0","1","J0","1","J0","1","J2","1"
"1109","J0:[1,2);J1:[1,3);J2:[1,6)","J0","1","J0","1","J0","1","J0","1","J2","1"
"1110","J0:[1,2);J1:[1,3);J2:[2,3)","J0;J2","2","J0;J2","2","J0;J2","2","J0;J2","2","J0;J2","2"
"1111","J0:[1,2);J1:[1,3);J2:[2,4)","J0;J2","2","J0;J2","2","J0;J2","2","J0;J2","2","J0;J2","2"
"1112","J0:[1,2);J1:[1,3);J2:[2,5)","J0;J2","2","J0;J2","2","J0;J2","2","J0;J2","2","J0;J2","2"
"1113","J0:[1,2);J1:[1,3);J2:[2,6)","J0;J2","2","J0;J2","2","J0;J2","2","J0;J2","2","J0;J2","2"
"1114","J0:[1,2);J1:[1,3);J2:[3,4)","J0;J2","2","J0;J2","2","J0;J2","2","J0;J2","2","J1;J2","2"
"1115","J0:[1,2);J1:[1,3);J2:[3,5)","J0;J2","2","J0;J2","2","J0;J2","2","J0;J2","2","J1;J2","2"
"1116","J0:[1,2);J1:[1,3);J2:[3,6)","J0;J2","2","J0;J2","2","J0;J2","2","J0;J2","2","J1;J2","2"
"1117","J0:[1,2);J1:[1,3);J2:[4,5)","J0;J2","2","J0;J2","2","J0;J2","2","J0;J2","2","J1;J2","2"
"1118","J0:[1,2);J1:[1,3);J2:[4,6)","J0;J2","2","J0;J2","2","J0;J2","2","J0;J2","2","J1;J2","2"
"1119","J0:[1,2);J1:[1,3);J2:[5,6)","J0;J2","2","J0;J2","2","J0;J2","2","J0;J2","2","J1;J2","2"
"1120","J0:[1,2);J1:[1,4);J2:[1,5)","J0","1","J0","1","J0","1","J0","1","J2","1"
"1121","J0:[1,2);J1:[1,4);J2:[1,6)","J0","1","J0","1","J0","1","J0","1","J2","1"
"1122","J0:[1,2);J1:[1,4);J2:[2,3)","J0;J2","2","J0;J2","2","J0;J2","2","J0;J2","2","J0;J2","2"
"1123","J0:[1,2);J1:[1,4);J2:[2,4)","J0;J2","2","J0;J2","2","J0;J2","2","J0;J2","2","J0;J2","2"
"1124","J0:[1,2);J1:[1,4);J2:[2,5)","J0;J2","2","J0;J2","2","J0;J2","2","J0;J2","2","J0;J2","2"
"1125","J0:[1,2);J1:[1,4);J2:[2,6)","J0;J2","2","J0;J2","2","J0;J2","2","J0;J2","2","J0;J2","2"
"1126","J0:[1,2);J1:[1,4);J2:[3,4)","J0;J2","2","J0;J2","2","J0;J2","2","J0;J2","2","J0;J2","2"
"1127","J0:[1,2);J1:[1,4);J2:[3,5)","J0;J2","2","J0;J2","2","J0;J2","2","J0;J2","2","J0;J2","2"
"1128","J0:[1,2);J1:[1,4);J2:[3,6)","J0;J2","2","J0;J2","2","J0;J2","2","J0;J2","2","J0;J2","2"
"1129","J0:[1,2);J1:[1,4);J2:[4,5)","J0;J2","2","J0;J2","2","J0;J2","2","J0;J2","2","J1;J2","2"
"1130","J0:[1,2);J1:[1,4);J2:[4,6)","J0;J2","2","J0;J2","2","J0;J2","2","J0;J2","2","J1;J2","2"
"1131","J0:[1,2);J1:[1,4);J2:[5,6)","J0;J2","2","J0;J2","2","J0;J2","2","J0;J2","2","J1;J2","2"
"1132","J0:[1,2);J1:[1,5);J2:[1,6)","J0","1","J0","1","J0","1","J0","1","J2","1"
"1133","J0:[1,2);J1:[1,5);J2:[2,3)","J0;J2","2","J0;J2","2","J0;J2","2","J0;J2","2","J0;J2","2"
"1134","J0:[1,2);J1:[1,5);J2:[2,4)","J0;J2","2","J0;J2","2","J0;J2","2","J0;J2","2","J0;J2","2"
"1135","J0:[1,2);J1:[1,5);J2:[2,5)","J0;J2","2","J0;J2","2","J0;J2","2","J0;J2","2","J0;J2","2"
"1136","J0:[1,2);J1:[1,5);J2:[2,6)","J0;J2","2","J0;J2","2","J0;J2","2","J0;J2","2","J0;J2","2"
"1137","J0:[1,2);J1:[1,5);J2:[3,4)","J0;J2","2","J0;J2","2","J0;J2","2","J0;J2","2","J0;J2","2"
"1138","J0:[1,2);J1:[1,5);J2:[3,5)","J0;J2","2","J0;J2","2","J0;J2","2","J0;J2","2","J0;J2","2"
"1139","J0:[1,2);J1:[1,5);J2:[3,6)","J0;J2","2","J0;J2","2","J0;J2","2","J0;J2","2","J0;J2","2"
"1140","J0:[1,2);J1:[1,5);J2:[4,5)","J0;J2","2","J0;J2","2","J0;J2","2","J0;J2","2","J0;J2","2"
"1141","J0:[1,2);J1:[1,5);J2:[4,6)","J0;J2","2","J0;J2","2","J0;J2","2","J0;J2","2","J0;J2","2"
"1142","J0:[1,2);J1:[1,5);J2:[5,6)","J0;J2","2","J0;J2","2","J0;J2","2","J0;J2","2","J1;J2","2"
"1143","J0:[1,2);J1:[1,6);J2:[2,3)","J0;J2","2","J0;J2","2","J0;J2","2","J0;J2","2","J0;J2","2"
"1144","J0:[1,2);J1:[1,6);J2:[2,4)","J0;J2","2","J0;J2","2","J0;J2","2","J0;J2","2","J0;J2","2"
"1145","J0:[1,2);J1:[1,6);J2:[2,5)","J0;J2","2","J0;J2","2","J0;J2","2","J0;J2","2","J0;J2","2"
"1146","J0:[1,2);J1:[1,6);J2:[2,6)","J0;J2","2","J0;J2","2","J0;J2","2","J0;J2","2","J0;J2","2"
"1147","J0:[1,2);J1:[1,6);J2:[3,4)","J0;J2","2","J0;J2","2","J0;J2","2","J0;J2","2","J0;J2","2"
"1148","J0:[1,2);J1:[1,6);J2:[3,5)","J0;J2","2","J0;J2","2","J0;J2","2","J0;J2","2","J0;J2","2"
"1149","J0:[1,2);J1:[1,6);J2:[3,6)","J0;J2","2","J0;J2","2","J0;J2","2","J0;J2","2","J0;J2","2"
"1150","J0:[1,2);J1:[1,6);J2:[4,5)","J0;J2","2","J0;J2","2","J0;J2","2","J0;J2","2","J0;J2","2"
"1151","J0:[1,2);J1:[1,6);J2:[4,6)","J0;J2","2","J0;J2","2","J0;J2","2","J0;J2","2","J0;J2","2"
"1152","J0:[1,2);J1:[1,6);J2:[5,6)","J0;J2","2","J0;J2","2","J0;J2","2","J0;J2","2","J0;J2","2"
"1153","J0:[1,2);J1:[2,3);J2:[2,4)","J0;J1","2","J0;J1","2","J0;J1","2","J0;J1","2","J0;J2","2"
"1154","J0:[1,2);J1:[2,3);J2:[2,5)","J0;J1","2","J0;J1","2","J0;J1","2","J0;J1","2","J0;J2","2"
"1155","J0:[1,2);J1:[2,3);J2:[2,6)","J0;J1","2","J0;J1","2","J0;J1","2","J0;J1","2","J0;J2","2"
"1156","J0:[1,2);J1:[2,3);J2:[3,4)","J0;J1;J2","3","J0;J1;J2","3","J0;J1;J2","3","J0;J1;J2","3","J0;J1;J2","3"
"1157","J0:[1,2);J1:[2,3);J2:[3,5)","J0;J1;J2","3","J0;J1;J2","3","J0;J1;J2","3","J0;J1;J2","3","J0;J1;J2","3"
"1158","J0:[1,2);J1:[2,3);J2:[3,6)","J0;J1;J2","3","J0;J1;J2","3","J0;J1;J2","3","J0;J1;J2","3","J0;J1;J2","3"
"1159","J0:[1,2);J1:[2,3);J2:[4,5)","J0;J1;J2","3","J0;J1;J2","3","J0;J1;J2","3","J0;J1;J2","3","J0;J1;J2","3"
"1160","J0:[1,2);J1:[2,3);J2:[4,6)","J0;J1;J2","3","J0;J1;J2","3","J0;J1;J2","3","J0;J1;J2","3","J0;J1;J2","3"
"1161","J0:[1,2);J1:[2,3);J2:[5,6)","J0;J1;J2","3","J0;J1;J2","3","J0;J1;J2","3","J0;J1;J2","3","J0;J1;J2","3"
"1162","J0:[1,2);J1:[2,4);J2:[2,5)","J0;J1","2","J0;J1","2","J0;J1","2","J0;J1","2","J0;J2","2"
"1163","J0:[1,2);J1:[2,4);J2:[2,6)","J0;J1","2","J0;J1","2","J0;J1","2","J0;J1","2","J0;J2","2"
"1164","J0:[1,2);J1:[2,4);J2:[3,4)","J0;J1","2","J0;J1","2","J0;J1","2","J0;J2","2","J0;J2","2"
"1165","J0:[1,2);J1:[2,4);J2:[3,5)","J0;J1","2","J0;J1","2","J0;J1","2","J0;J1","2","J0;J2","2"
"1166","J0:[1,2);J1:[2,4);J2:[3,6)","J0;J1","2","J0;J1","2","J0;J1","2","J0;J1","2","J0;J2","2"
"1167","J0:[1,2);J1:[2,4);J2:[4,5)","J0;J1;J2","3","J0;J1;J2","3","J0;J1;J2","3","J0;J2;J1","3","J0;J1;J2","3"
"1168","J0:[1,2);J1:[2,4);J2:[4,6)","J0;J1;J2","3","J0;J1;J2","3","J0;J1;J2","3","J0;J1;J2","3","J0;J1;J2","3"
"1169","J0:[1,2);J1:[2,4);J2:[5,6)","J0;J1;J2","3","J0;J1;J2","3","J0;J1;J2","3","J0;J2;J1","3","J0;J1;J2","3"
"1170","J0:[1,2);J1:[2,5);J2:[2,6)","J0;J1","2","J0;J1","2","J0;J1","2","J0;J1","2","J0;J2","2"
"1171","J0:[1,2);J1:[2,5);J2:[3,4)","J0;J1","2","J0;J2","2","J0;J1","2","J0;J2","2","J0;J2","2"
"1172","J0:[1,2);J1:[2,5);J2:[3,5)","J0;J1","2","J0;J1","2","J0;J1","2","J0;J2","2","J0;J2","2"
"1173","J0:[1,2);J1:[2,5);J2:[3,6)","J0;J1","2","J0;J1","2","J0;J1","2","J0;J1","2","J0;J2","2"
"1174","J0:[1,2);J1:[2,5);J2:[4,5)","J0;J1","2","J0;J1","2","J0;J1","2","J0;J2","2","J0;J2","2"
"1175","J0:[1,2);J1:[2,5);J2:[4,6)","J0;J1","2","J0;J1","2","J0;J1","2","J0;J2","2","J0;J2","2"
"1176","J0:[1,2);J1:[2,5);J2:[5,6)","J0;J1;J2","3","J0;J1;J2","3","J0;J1;J2","3","J0;J2;J1","3","J0;J1;J2","3"
"1177","J0:[1,2);J1:[2,6);J2:[3,4)","J0;J1","2","J0;J2","2","J0;J1","2","J0;J2","2","J0;J2","2"
"1178","J0:[1,2);J1:[2,6);J2:[3,5)","J0;J1","2","J0;J2","2","J0;J1","2","J0;J2","2","J0;J2","2"
"1179","J0:[1,2);J1:[2,6);J2:[3,6)","J0;J1","2","J0;J1","2","J0;J1","2","J0;J2","2","J0;J2","2"
"1180","J0:[1,2);J1:[2,6);J2:[4,5)","J0;J1","2","J0;J2","2","J0;J1","2","J0;J2","2","J0;J2","2"
"1181","J0:[1,2);J1:[2,6);J2:[4,6)","J0;J1","2","J0;J1","2","J0;J1","2","J0;J2","2","J0;J2","2"
"1182","J0:[1,2);J1:[2,6);J2:[5,6)","J0;J1","2","J0;J1","2","J0;J1","2","J0;J2","2","J0;J2","2"
"1183","J0:[1,2);J1:[3,4);J2:[3,5)","J0;J1","2","J0;J1","2","J0;J1","2","J0;J1","2","J0;J2","2"
"1184","J0:[1,2);J1:[3,4);J2:[3,6)","J0;J1","2","J0;J1","2","J0;J1","2","J0;J1","2","J0;J2","2"
"1185","J0:[1,2);J1:[3,4);J2:[4,5)","J0;J1;J2","3","J0;J1;J2","3","J0;J1;J2","3","J0;J1;J2","3","J0;J1;J2","3"
"1186","J0:[1,2);J1:[3,4);J2:[4,6)","J0;J1;J2","3","J0;J1;J2","3","J0;J1;J2","3","J0;J1;J2","3","J0;J1;J2","3"
"1187","J0:[1,2);J1:[3,4);J2:[5,6)","J0;J1;J2","3","J0;J1;J2","3","J0;J1;J2","3","J0;J1;J2","3","J0;J1;J2","3"
"1188","J0:[1,2);J1:[3,5);J2:[3,6)","J0;J1","2","J0;J1","2","J0;J1","2","J0;J1","2","J0;J2","2"
"1189","J0:[1,2);J1:[3,5);J2:[4,5)","J0;J1","2","J0;J1","2","J0;J1","2","J0;J2","2","J0;J2","2"
"1190","J0:[1,2);J1:[3,5);J2:[4,6)","J0;J1","2","J0;J1","2","J0;J1","2","J0;J1","2","J0;J2","2"
"1191","J0:[1,2);J1:[3,5);J2:[5,6)","J0;J1;J2","3","J0;J1;J2","3","J0;J1;J2","3","J0;J2;J1","3","J0;J1;J2","3"
"1192","J0:[1,2);J1:[3,6);J2:[4,5)","J0;J1","2","J0;J2","2","J0;J1","2","J0;J2","2","J0;J2","2"
"1193","J0:[1,2);J1:[3,6);J2:[4,6)","J0;J1","2","J0;J1","2","J0;J1","2","J0;J2","2","J0;J2","2"
"1194","J0:[1,2);J1:[3,6);J2:[5,6)","J0;J1","2","J0;J1","2","J0;J1","2","J0;J2","2","J0;J2","2"
"1195","J0:[1,2);J1:[4,5);J2:[4,6)","J0;J1","2","J0;J1","2","J0;J1","2","J0;J1","2","J0;J2","2"
"1196","J0:[1,2);J1:[4,5);J2:[5,6)","J0;J1;J2","3","J0;J1;J2","3","J0;J1;J2","3","J0;J1;J2","3","J0;J1;J2","3"
"1197","J0:[1,2);J1:[4,6);J2:[5,6)","J0;J1","2","J0;J1","2","J0;J1","2","J0;J2","2","J0;J2","2"
"1198","J0:[1,3);J1:[1,4);J2:[1,5)","J0","1","J0","1","J0","1","J0","1","J2","1"
"1199","J0:[1,3);J1:[1,4);J2:[1,6)","J0","1","J0","1","J0","1","J0","1","J2","1"
"1200","J0:[1,3);J1:[1,4);J2:[2,3)","J0","1","J0","1","J0","1","J2","1","J2","1"
"1201","J0:[1,3);J1:[1,4);J2:[2,4)","J0","1","J0","1","J0","1","J0","1","J2","1"
"1202","J0:[1,3);J1:[1,4);J2:[2,5)","J0","1","J0","1","J0","1","J0","1","J2","1"
"1203","J0:[1,3);J1:[1,4);J2:[2,6)","J0","1","J0","1","J0","1","J0","1","J2","1"
"1204","J0:[1,3);J1:[1,4);J2:[3,4)","J0;J2","2","J0;J2","2","J0;J2","2","J2;J0","2","J0;J2","2"
"1205","J0:[1,3);J1:[1,4);J2:[3,5)","J0;J2","2","J0;J2","2","J0;J2","2","J0;J2","2","J0;J2","2"
"1206","J0:[1,3);J1:[1,4);J2:[3,6)","J0;J2","2","J0;J2","2","J0;J2","2","J0;J2","2","J0;J2","2"
"1207","J0:[1,3);J1:[1,4);J2:[4,5)","J0;J2","2","J0;J2","2","J0;J2","2","J2;J0","2","J1;J2","2"
"1208","J0:[1,3);J1:[1,4);J2:[4,6)","J0;J2","2","J0;J2","2","J0;J2","2","J0;J2","2","J1;J2","2"
"1209","J0:[1,3);J1:[1,4);J2:[5,6)","J0;J2","2","J0;J2","2","J0;J2","2","J2;J0","2","J1;J2","2"
"1210","J0:[1,3);J1:[1,5);J2:[1,6)","J0","1","J0","1","J0","1","J0","1","J2","1"
"1211","J0:[1,3);J1:[1,5);J2:[2,3)","J0","1","J0","1","J0","1","J2","1","J2","1"
"1212","J0:[1,3);J1:[1,5);J2:[2,4)","J0","1","J0","1","J0","1","J0","1","J2","1"
"1213","J0:[1,3);J1:[1,5);J2:[2,5)","J0","1","J0","1","J0","1","J0","1","J2","1"
"1214","J0:[1,3);J1:[1,5);J2:[2,6)","J0","1","J0","1","J0","1","J0","1","J2","1"
"1215","J0:[1,3);J1:[1,5);J2:[3,4)","J0;J2","2","J0;J2","2","J0;J2","2","J2;J0","2","J0;J2","2"
"1216","J0:[1,3);J1:[1,5);J2:[3,5)","J0;J2","2","J0;J2","2","J0;J2","2","J0;J2","2","J0;J2","2"
"1217","J0:[1,3);J1:[1,5);J2:[3,6)","J0;J2","2","J0;J2","2","J0;J2","2","J0;J2","2","J0;J2","2"
"1218","J0:[1,3);J1:[1,5);J2:[4,5)","J0;J2","2","J0;J2","2","J0;J2","2","J2;J0","2","J0;J2","2"
"1219","J0:[1,3);J1:[1,5);J2:[4,6)","J0;J2","2","J0;J2","2","J0;J2","2","J0;J2","2","J0;J2","2"
"1220","J0:[1,3);J1:[1,5);J2:[5,6)","J0;J2","2","J0;J2","2","J0;J2","2","J2;J0","2","J1;J2","2"
"1221","J0:[1,3);J1:[1,6);J2:[2,3)","J0","1","J0","1","J0","1","J2","1","J2","1"
"1222","J0:[1,3);J1:[1,6);J2:[2,4)","J0","1","J0","1","J0","1","J0","1","J2","1"
"1223","J0:[1,3);J1:[1,6);J2:[2,5)","J0","1","J0","1","J0","1","J0","1","J2","1"
"1224","J0:[1,3);J1:[1,6);J2:[2,6)","J0","1","J0","1","J0","1","J0","1","J2","1"
"1225","J0:[1,3);J1:[1,6);J2:[3,4)","J0;J2","2","J0;J2","2","J0;J2","2","J2;J0","2","J0;J2","2"
"1226","J0:[1,3);J1:[1,6);J2:[3,5)","J0;J2","2","J0;J2","2","J0;J2","2","J0;J2","2","J0;J2","2"
"1227","J0:[1,3);J1:[1,6);J2:[3,6)","J0;J2","2","J0;J2","2","J0;J2","2","J0;J2","2","J0;J2","2"
"1228","J0:[1,3);J1:[1,6);J2:[4,5)","J0;J2","2","J0;J2","2","J0;J2","2","J2;J0","2","J0;J2","2"
"1229","J0:[1,3);J1:[1,6);J2:[4,6)","J0;J2","2","J0;J2","2","J0;J2","2","J0;J2","2","J0;J2","2"
"1230","J0:[1,3);J1:[1,6);J2:[5,6)","J0;J2","2","J0;J2","2","J0;J2","2","J2;J0","2","J0;J2","2"
"1231","J0:[1,3);J1:[2,3);J2:[2,4)","J0","1","J0","1","J0","1","J1","1","J2","1"
"1232","J0:[1,3);J1:[2,3);J2:[2,5)","J0","1","J0","1","J0","1","J1","1","J2","1"
"1233","J0:[1,3);J1:[2,3);J2:[2,6)","J0","1","J0","1","J0","1","J1","1","J2","1"
"1234","J0:[1,3);J1:[2,3);J2:[3,4)","J0;J2","2","J0;J2","2","J0;J2","2","J1;J2","2","J1;J2","2"
"1235","J0:[1,3);J1:[2,3);J2:[3,5)","J0;J2","2","J0;J2","2","J0;J2","2","J1;J2","2","J1;J2","2"
"1236","J0:[1,3);J1:[2,3);J2:[3,6)","J0;J2","2","J0;J2","2","J0;J2","2","J1;J2","2","J1;J2","2"
"1237","J0:[1,3);J1:[2,3);J2:[4,5)","J0;J2","2","J0;J2","2","J0;J2","2","J1;J2","2","J1;J2","2"
"1238","J0:[1,3);J1:[2,3);J2:[4,6)","J0;J2","2","J0;J2","2","J0;J2","2","J1;J2","2","J1;J2","2"
"1239","J0:[1,3);J1:[2,3);J2:[5,6)","J0;J2","2","J0;J2","2","J0;J2","2","J1;J2","2","J1;J2","2"
"1240","J0:[1,3);J1:[2,4);J2:[2,5)","J0","1","J0","1","J0","1","J0","1","J2","1"
"1241","J0:[1,3);J1:[2,4);J2:[2,6)","J0","1","J0","1","J0","1","J0","1","J2","1"
"1242","J0:[1,3);J1:[2,4);J2:[3,4)","J0;J2","2","J0;J2","2","J0;J2","2","J2;J0","2","J0;J2","2"
"1243","J0:[1,3);J1:[2,4);J2:[3,5)","J0;J2","2","J0;J2","2","J0;J2","2","J0;J2","2","J0;J2","2"
"1244","J0:[1,3);J1:[2,4);J2:[3,6)","J0;J2","2","J0;J2","2","J0;J2","2","J0;J2","2","J0;J2","2"
"1245","J0:[1,3);J1:[2,4);J2:[4,5)","J0;J2","2","J0;J2","2","J0;J2","2","J2;J0","2","J1;J2","2"
"1246","J0:[1,3);J1:[2,4);J2:[4,6)","J0;J2","2","J0;J2","2","J0;J2","2","J0;J2","2","J1;J2","2"
"1247","J0:[1,3);J1:[2,4);J2:[5,6)","J0;J2","2","J0;J2","2","J0;J2","2","J2;J0","2","J1;J2","2"
"1248","J0:[1,3);J1:[2,5);J2:[2,6)","J0","1","J0","1","J0","1","J0","1","J2","1"
"1249","J0:[1,3);J1:[2,5);J2:[3,4)","J0;J2","2","J0;J2","2","J0;J2","2","J2;J0","2","J0;J2","2"
"1250","J0:[1,3);J1:[2,5);J2:[3,5)","J0;J2","2","J0;J2","2","J0;J2","2","J0;J2","2","J0;J2","2"
"1251","J0:[1,3);J1:[2,5);J2:[3,6)","J0;J2","2","J0;J2","2","J0;J2","2","J0;J2","2","J0;J2","2"
"1252","J0:[1,3);J1:[2,5);J2:[4,5)","J0;J2","2","J0;J2","2","J0;J2","2","J2;J0","2","J0;J2","2"
"1253","J0:[1,3);J1:[2,5);J2:[4,6)","J0;J2","2","J0;J2","2","J0;J2","2","J0;J2","2","J0;J2","2"
"1254","J0:[1,3);J1:[2,5);J2:[5,6)","J0;J2","2","J0;J2","2","J0;J2","2","J2;J0","2","J1;J2","2"
"1255","J0:[1,3);J1:[2,6);J2:[3,4)","J0;J2","2","J0;J2","2","J0;J2","2","J2;J0","2","J0;J2","2"
"1256","J0:[1,3);J1:[2,6);J2:[3,5)","J0;J2","2","J0;J2","2","J0;J2","2","J0;J2","2","J0;J2","2"
"1257","J0:[1,3);J1:[2,6);J2:[3,6)","J0;J2","2","J0;J2","2","J0;J2","2","J0;J2","2","J0;J2","2"
"1258","J0:[1,3);J1:[2,6);J2:[4,5)","J0;J2","2","J0;J2","2","J0;J2","2","J2;J0","2","J0;J2","2"
"1259","J0:[1,3);J1:[2,6);J2:[4,6)","J0;J2","2","J0;J2","2","J0;J2","2","J0;J2","2","J0;J2","2"
"1260","J0:[1,3);J1:[2,6);J2:[5,6)","J0;J2","2","J0;J2","2","J0;J2","2","J2;J0","2","J0;J2","2"
"1261","J0:[1,3);J1:[3,4);J2:[3,5)","J0;J1","2","J0;J1","2","J0;J1","2","J1;J0","2","J0;J2","2"
"1262","J0:[1,3);J1:[3,4);J2:[3,6)","J0;J1","2","J0;J1","2","J0;J1","2","J1;J0","2","J0;J2","2"
"1263","J0:[1,3);J1:[3,4);J2:[4,5)","J0;J1;J2","3","J0;J1;J2","3","J0;J1;J2","3","J1;J2;J0","3","J0;J1;J2","3"
"1264","J0:[1,3);J1:[3,4);J2:[4,6)","J0;J1;J2","3","J0;J1;J2","3","J0;J1;J2","3","J1;J0;J2","3","J0;J1;J2","3"
"1265","J0:[1,3);J1:[3,4);J2:[5,6)","J0;J1;J2","3","J0;J1;J2","3","J0;J1;J2","3","J1;J2;J0","3","J0;J1;J2","3"
"1266","J0:[1,3);J1:[3,5);J2:[3,6)","J0;J1","2","J0;J1","2","J0;J1","2","J0;J1","2","J0;J2","2"
"1267","J0:[1,3);J1:[3,5);J2:[4,5)","J0;J1","2","J0;J1","2","J0;J1","2","J2;J0","2","J0;J2","2"
"1268","J0:[1,3);J1:[3,5);J2:[4,6)","J0;J1","2","J0;J1","2","J0;J1","2","J0;J1","2","J0;J2","2"
"1269","J0:[1,3);J1:[3,5);J2:[5,6)","J0;J1;J2","3","J0;J1;J2","3","J0;J1;J2","3","J2;J0;J1","3","J0;J1;J2","3"
"1270","J0:[1,3);J1:[3,6);J2:[4,5)","J0;J1","2","J0;J2","2","J0;J1","2","J2;J0","2","J0;J2","2"
"1271","J0:[1,3);J1:[3,6);J2:[4,6)","J0;J1","2","J0;J1","2","J0;J1","2","J0;J2","2","J0;J2","2"
"1272","J0:[1,3);J1:[3,6);J2:[5,6)","J0;J1","2","J0;J1","2","J0;J1","2","J2;J0","2","J0;J2","2"
"1273","J0:[1,3);J1:[4,5);J2:[4,6)","J0;J1","2","J0;J1","2","J0;J1","2","J1;J0","2","J0;J2","2"
"1274","J0:[1,3);J1:[4,5);J2:[5,6)","J0;J1;J2","3","J0;J1;J2","3","J0;J1;J2","3","J1;J2;J0","3","J0;J1;J2","3"
"1275","J0:[1,3);J1:[4,6);J2:[5,6)","J0;J1","2","J0;J1","2","J0;J1","2","J2;J0","2","J0;J2","2"
"1276","J0:[1,4);J1:[1,5);J2:[1,6)","J0","1","J0","1","J0","1","J0","1","J2","1"
"1277","J0:[1,4);J1:[1,5);J2:[2,3)","J0","1","J2","1","J0","1","J2","1","J2","1"
"1278","J0:[1,4);J1:[1,5);J2:[2,4)","J0","1","J0","1","J0","1","J2","1","J2","1"
"1279","J0:[1,4);J1:[1,5);J2:[2,5)","J0","1","J0","1","J0","1","J0","1","J2","1"
"1280","J0:[1,4);J1:[1,5);J2:[2,6)","J0","1","J0","1","J0","1","J0","1","J2","1"
"1281","J0:[1,4);J1:[1,5);J2:[3,4)","J0","1","J0","1","J0","1","J2","1","J2","1"
"1282","J0:[1,4);J1:[1,5);J2:[3,5)","J0","1","J0","1","J0","1","J2","1","J2","1"
"1283","J0:[1,4);J1:[1,5);J2:[3,6)","J0","1","J0","1","J0","1","J0","1","J2","1"
"1284","J0:[1,4);J1:[1,5);J2:[4,5)","J0;J2","2","J0;J2","2","J0;J2","2","J2;J0","2","J0;J2","2"
"1285","J0:[1,4);J1:[1,5);J2:[4,6)","J0;J2","2","J0;J2","2","J0;J2","2","J2;J0","2","J0;J2","2"
"1286","J0:[1,4);J1:[1,5);J2:[5,6)","J0;J2","2","J0;J2","2","J0;J2","2","J2;J0","2","J1;J2","2"
"1287","J0:[1,4);J1:[1,6);J2:[2,3)","J0","1","J2","1","J0","1","J2","1","J2","1"
"1288","J0:[1,4);J1:[1,6);J2:[2,4)","J0","1","J0","1","J0","1","J2","1","J2","1"
"1289","J0:[1,4);J1:[1,6);J2:[2,5)","J0","1","J0","1","J0","1","J0","1","J2","1"
"1290","J0:[1,4);J1:[1,6);J2:[2,6)","J0","1","J0","1","J0","1","J0","1","J2","1"
"1291","J0:[1,4);J1:[1,6);J2:[3,4)","J0","1","J0","1","J0","1","J2","1","J2","1"
"1292","J0:[1,4);J1:[1,6);J2:[3,5)","J0","1","J0","1","J0","1","J2","1","J2","1"
"1293","J0:[1,4);J1:[1,6);J2:[3,6)","J0","1","J0","1","J0","1","J0","1","J2","1"
"1294","J0:[1,4);J1:[1,6);J2:[4,5)","J0;J2","2","J0;J2","2","J0;J2","2","J2;J0","2","J0;J2","2"
"1295","J0:[1,4);J1:[1,6);J2:[4,6)","J0;J2","2","J0;J2","2","J0;J2","2","J2;J0","2","J0;J2","2"
"1296","J0:[1,4);J1:[1,6);J2:[5,6)","J0;J2","2","J0;J2","2","J0;J2","2","J2;J0","2","J0;J2","2"
"1297","J0:[1,4);J1:[2,3);J2:[2,4)","J0","1","J1","1","J0","1","J1","1","J2","1"
"1298","J0:[1,4);J1:[2,3);J2:[2,5)","J0","1","J1","1","J0","1","J1","1","J2","1"
"1299","J0:[1,4);J1:[2,3);J2:[2,6)","J0","1","J1","1","J0","1","J1","1","J2","1"
"1300","J0:[1,4);J1:[2,3);J2:[3,4)","J1;J2","2","J1;J2","2","J0","1","J1;J2","2","J1;J2","2"
"1301","J0:[1,4);J1:[2,3);J2:[3,5)","J1;J2","2","J1;J2","2","J0","1","J1;J2","2","J1;J2","2"
"1302","J0:[1,4);J1:[2,3);J2:[3,6)","J1;J2","2","J1;J2","2","J0","1","J1;J2","2","J1;J2","2"
"1303","J0:[1,4);J1:[2,3);J2:[4,5)","J0;J2","2","J1;J2","2","J0;J2","2","J1;J2","2","J1;J2","2"
"1304","J0:[1,4);J1:[2,3);J2:[4,6)","J0;J2","2","J1;J2","2","J0;J2","2","J1;J2","2","J1;J2","2"
"1305","J0:[1,4);J1:[2,3);J2:[5,6)","J0;J2","2","J1;J2","2","J0;J2","2","J1;J2","2","J1;J2","2"
"1306","J0:[1,4);J1:[2,4);J2:[2,5)","J0","1","J0","1","J0","1","J1","1","J2","1"
"1307","J0:[1,4);J1:[2,4);J2:[2,6)","J0","1","J0","1","J0","1","J1","1","J2","1"
"1308","J0:[1,4);J1:[2,4);J2:[3,4)","J0","1","J0","1","J0","1","J2","1","J2","1"
"1309","J0:[1,4);J1:[2,4);J2:[3,5)","J0","1","J0","1","J0","1","J1","1","J2","1"
"1310","J0:[1,4);J1:[2,4);J2:[3,6)","J0","1","J0","1","J0","1","J1","1","J2","1"
"1311","J0:[1,4);J1:[2,4);J2:[4,5)","J0;J2","2","J0;J2","2","J0;J2","2","J2;J1","2","J1;J2","2"
"1312","J0:[1,4);J1:[2,4);J2:[4,6)","J0;J2","2","J0;J2","2","J0;J2","2","J1;J2","2","J1;J2","2"
"1313","J0:[1,4);J1:[2,4);J2:[5,6)","J0;J2","2","J0;J2","2","J0;J2","2","J2;J1","2","J1;J2","2"
"1314","J0:[1,4);J1:[2,5);J2:[2,6)","J0","1","J0","1","J0","1","J0","1","J2","1"
"1315","J0:[1,4);J1:[2,5);J2:[3,4)","J0","1","J0","1","J0","1","J2","1","J2","1"
"1316","J0:[1,4);J1:[2,5);J2:[3,5)","J0","1","J0","1","J0","1","J2","1","J2","1"
"1317","J0:[1,4);J1:[2,5);J2:[3,6)","J0","1","J0","1","J0","1","J0","1","J2","1"
"1318","J0:[1,4);J1:[2,5);J2:[4,5)","J0;J2","2","J0;J2","2","J0;J2","2","J2;J0","2","J0;J2","2"
"1319","J0:[1,4);J1:[2,5);J2:[4,6)","J0;J2","2","J0;J2","2","J0;J2","2","J2;J0","2","J0;J2","2"
"1320","J0:[1,4);J1:[2,5);J2:[5,6)","J0;J2","2","J0;J2","2","J0;J2","2","J2;J0","2","J1;J2","2"
"1321","J0:[1,4);J1:[2,6);J2:[3,4)","J0","1","J0","1","J0","1","J2","1","J2","1"
"1322","J0:[1,4);J1:[2,6);J2:[3,5)","J0","1","J0","1","J0","1","J2","1","J2","1"
"1323","J0:[1,4);J1:[2,6);J2:[3,6)","J0","1","J0","1","J0","1","J0","1","J2","1"
"1324","J0:[1,4);J1:[2,6);J2:[4,5)","J0;J2","2","J0;J2","2","J0;J2","2","J2;J0","2","J0;J2","2"
"1325","J0:[1,4);J1:[2,6);J2:[4,6)","J0;J2","2","J0;J2","2","J0;J2","2","J2;J0","2","J0;J2","2"
"1326","J0:[1,4);J1:[2,6);J2:[5,6)","J0;J2","2","J0;J2","2","J0;J2","2","J2;J0","2","J0;J2","2"
"1327","J0:[1,4);J1:[3,4);J2:[3,5)","J0","1","J0","1","J0","1","J1","1","J2","1"
"1328","J0:[1,4);J1:[3,4);J2:[3,6)","J0","1","J0","1","J0","1","J1","1","J2","1"
"1329","J0:[1,4);J1:[3,4);J2:[4,5)","J0;J2","2","J0;J2","2","J0;J2","2","J1;J2","2","J1;J2","2"
"1330","J0:[1,4);J1:[3,4);J2:[4,6)","J0;J2","2","J0;J2","2","J0;J2","2","J1;J2","2","J1;J2","2"
"1331","J0:[1,4);J1:[3,4);J2:[5,6)","J0;J2","2","J0;J2","2","J0;J2","2","J1;J2","2","J1;J2","2"
"1332","J0:[1,4);J1:[3,5);J2:[3,6)","J0","1","J0","1","J0","1","J1","1","J2","1"
"1333","J0:[1,4);J1:[3,5);J2:[4,5)","J0;J2","2","J0;J2","2","J0;J2","2","J2;J0","2","J0;J2","2"
"1334","J0:[1,4);J1:[3,5);J2:[4,6)","J0;J2","2","J0;J2","2","J0;J2","2","J1","1","J0;J2","2"
"1335","J0:[1,4);J1:[3,5);J2:[5,6)","J0;J2","2","J0;J2","2","J0;J2","2","J2;J1","2","J1;J2","2"
"1336","J0:[1,4);J1:[3,6);J2:[4,5)","J0;J2","2","J0;J2","2","J0;J2","2","J2;J0","2","J0;J2","2"
"1337","J0:[1,4);J1:[3,6);J2:[4,6)","J0;J2","2","J0;J2","2","J0;J2","2","J2;J0","2","J0;J2","2"
"1338","J0:[1,4);J1:[3,6);J2:[5,6)","J0;J2","2","J0;J2","2","J0;J2","2","J2;J0","2","J0;J2","2"
"1339","J0:[1,4);J1:[4,5);J2:[4,6)","J0;J1","2","J0;J1","2","J0;J1","2","J1;J0","2","J0;J2","2"
"1340","J0:[1,4);J1:[4,5);J2:[5,6)","J0;J1;J2","3","J0;J1;J2","3","J0;J1;J2","3","J1;J2;J0","3","J0;J1;J2","3"
"1341","J0:[1,4);J1:[4,6);J2:[5,6)","J0;J1","2","J0;J1","2","J0;J1","2","J2;J0","2","J0;J2","2"
"1342","J0:[1,5);J1:[1,6);J2:[2,3)","J0","1","J2","1","J0","1","J2","1","J2","1"
"1343","J0:[1,5);J1:[1,6);J2:[2,4)","J0","1","J2","1","J0","1","J2","1","J2","1"
"1344","J0:[1,5);J1:[1,6);J2:[2,5)","J0","1","J0","1","J0","1","J2","1","J2","1"
"1345","J0:[1,5);J1:[1,6);J2:[2,6)","J0","1","J0","1","J0","1","J0","1","J2","1"
"1346","J0:[1,5);J1:[1,6);J2:[3,4)","J0","1","J2","1","J0","1","J2","1","J2","1"
"1347","J0:[1,5);J1:[1,6);J2:[3,5)","J0","1","J0","1","J0","1","J2","1","J2","1"
"1348","J0:[1,5);J1:[1,6);J2:[3,6)","J0","1","J0","1","J0","1","J2","1","J2","1"
"1349","J0:[1,5);J1:[1,6);J2:[4,5)","J0","1","J0","1","J0","1","J2","1","J2","1"
"1350","J0:[1,5);J1:[1,6);J2:[4,6)","J0","1","J0","1","J0","1","J2","1","J2","1"
"1351","J0:[1,5);J1:[1,6);J2:[5,6)","J0;J2","2","J0;J2","2","J0;J2","2","J2;J0","2","J0;J2","2"
"1352","J0:[1,5);J1:[2,3);J2:[2,4)","J0","1","J1","1","J0","1","J1","1","J2","1"
"1353","J0:[1,5);J1:[2,3);J2:[2,5)","J0","1","J1","1","J0","1","J1","1","J2","1"
"1354","J0:[1,5);J1:[2,3);J2:[2,6)","J0","1","J1","1","J0","1","J1","1","J2","1"
"1355","J0:[1,5);J1:[2,3);J2:[3,4)","J1;J2","2","J1;J2","2","J0","1","J1;J2","2","J1;J2","2"
"1356","J0:[1,5);J1:[2,3);J2:[3,5)","J1;J2","2","J1;J2","2","J0","1","J1;J2","2","J1;J2","2"
"1357","J0:[1,5);J1:[2,3);J2:[3,6)","J1;J2","2","J1;J2","2","J0","1","J1;J2","2","J1;J2","2"
"1358","J0:[1,5);J1:[2,3);J2:[4,5)","J1;J2","2","J1;J2","2","J0","1","J1;J2","2","J1;J2","2"
"1359","J0:[1,5);J1:[2,3);J2:[4,6)","J1;J2","2","J1;J2","2","J0","1","J1;J2","2","J1;J2","2"
"1360","J0:[1,5);J1:[2,3);J2:[5,6)","J0;J2","2","J1;J2","2","J0;J2","2","J1;J2","2","J1;J2","2"
"1361","J0:[1,5);J1:[2,4);J2:[2,5)","J0","1","J1","1","J0","1","J1","1","J2","1"
"1362","J0:[1,5);J1:[2,4);J2:[2,6)","J0","1","J1","1","J0","1","J1","1","J2","1"
"1363","J0:[1,5);J1:[2,4);J2:[3,4)","J0","1","J1","1","J0","1","J2","1","J2","1"
"1364","J0:[1,5);J1:[2,4);J2:[3,5)","J0","1","J1","1","J0","1","J1","1","J2","1"
"1365","J0:[1,5);J1:[2,4);J2:[3,6)","J0","1","J1","1","J0","1","J1","1","J2","1"
"1366","J0:[1,5);J1:[2,4);J2:[4,5)","J1;J2","2","J1;J2","2","J0","1","J2;J1","2","J1;J2","2"
"1367","J0:[1,5);J1:[2,4);J2:[4,6)","J1;J2","2","J1;J2","2","J0","1","J1;J2","2","J1;J2","2"
"1368","J0:[1,5);J1:[2,4);J2:[5,6)","J0;J2","2","J1;J2","2","J0;J2","2","J2;J1","2","J1;J2","2"
"1369","J0:[1,5);J1:[2,5);J2:[2,6)","J0","1","J0","1","J0","1","J1","1","J2","1"
"1370","J0:[1,5);J1:[2,5);J2:[3,4)","J0","1","J2","1","J0","1","J2","1","J2","1"
"1371","J0:[1,5);J1:[2,5);J2:[3,5)","J0","1","J0","1","J0","1","J2","1","J2","1"
"1372","J0:[1,5);J1:[2,5);J2:[3,6)","J0","1","J0","1","J0","1","J1","1","J2","1"
"1373","J0:[1,5);J1:[2,5);J2:[4,5)","J0","1","J0","1","J0","1","J2","1","J2","1"
"1374","J0:[1,5);J1:[2,5);J2:[4,6)","J0","1","J0","1","J0","1","J2","1","J2","1"
"1375","J0:[1,5);J1:[2,5);J2:[5,6)","J0;J2","2","J0;J2","2","J0;J2","2","J2;J1","2","J1;J2","2"
"1376","J0:[1,5);J1:[2,6);J2:[3,4)","J0","1","J2","1","J0","1","J2","1","J2","1"
"1377","J0:[1,5);J1:[2,6);J2:[3,5)","J0","1","J0","1","J0","1","J2","1","J2","1"
"1378","J0:[1,5);J1:[2,6);J2:[3,6)","J0","1","J0","1","J0","1","J2","1","J2","1"
"1379","J0:[1,5);J1:[2,6);J2:[4,5)","J0","1","J0","1","J0","1","J2","1","J2","1"
"1380","J0:[1,5);J1:[2,6);J2:[4,6)","J0","1","J0","1","J0","1","J2","1","J2","1"
"1381","J0:[1,5);J1:[2,6);J2:[5,6)","J0;J2","2","J0;J2","2","J0;J2","2","J2;J0","2","J0;J2","2"
"1382","J0:[1,5);J1:[3,4);J2:[3,5)","J0","1","J1","1","J0","1","J1","1","J2","1"
"1383","J0:[1,5);J1:[3,4);J2:[3,6)","J0","1","J1","1","J0","1","J1","1","J2","1"
"1384","J0:[1,5);J1:[3,4);J2:[4,5)","J1;J2","2","J1;J2","2","J0","1","J1;J2","2","J1;J2","2"
"1385","J0:[1,5);J1:[3,4);J2:[4,6)","J1;J2","2","J1;J2","2","J0","1","J1;J2","2","J1;J2","2"
"1386","J0:[1,5);J1:[3,4);J2:[5,6)","J0;J2","2","J1;J2","2","J0;J2","2","J1;J2","2","J1;J2","2"
"1387","J0:[1,5);J1:[3,5);J2:[3,6)","J0","1","J0","1","J0","1","J1","1","J2","1"
"1388","J0:[1,5);J1:[3,5);J2:[4,5)","J0","1","J0","1","J0","1","J2","1","J2","1"
"1389","J0:[1,5);J1:[3,5);J2:[4,6)","J0","1","J0","1","J0","1","J1","1","J2","1"
"1390","J0:[1,5);J1:[3,5);J2:[5,6)","J0;J2","2","J0;J2","2","J0;J2","2","J2;J1","2","J1;J2","2"
"1391","J0:[1,5);J1:[3,6);J2:[4,5)","J0","1","J0","1","J0","1","J2","1","J2","1"
"1392","J0:[1,5);J1:[3,6);J2:[4,6)","J0","1","J0","1","J0","1","J2","1","J2","1"
"1393","J0:[1,5);J1:[3,6);J2:[5,6)","J0;J2","2","J0;J2","2","J0;J2","2","J2;J0","2","J0;J2","2"
"1394","J0:[1,5);J1:[4,5);J2:[4,6)","J0","1","J0","1","J0","1","J1","1","J2","1"
"1395","J0:[1,5);J1:[4,5);J2:[5,6)","J0;J2","2","J0;J2","2","J0;J2","2","J1;J2","2","J1;J2","2"
"1396","J0:[1,5);J1:[4,6);J2:[5,6)","J0;J2","2","J0;J2","2","J0;J2","2","J2;J0","2","J0;J2","2"
"1397","J0:[1,6);J1:[2,3);J2:[2,4)","J0","1","J1","1","J0","1","J1","1","J2","1"
"1398","J0:[1,6);J1:[2,3);J2:[2,5)","J0","1","J1","1","J0","1","J1","1","J2","1"
"1399","J0:[1,6);J1:[2,3);J2:[2,6)","J0","1","J1","1","J0","1","J1","1","J2","1"
"1400","J0:[1,6);J1:[2,3);J2:[3,4)","J1;J2","2","J1;J2","2","J0","1","J1;J2","2","J1;J2","2"
"1401","J0:[1,6);J1:[2,3);J2:[3,5)","J1;J2","2","J1;J2","2","J0","1","J1;J2","2","J1;J2","2"
"1402","J0:[1,6);J1:[2,3);J2:[3,6)","J1;J2","2","J1;J2","2","J0","1","J1;J2","2","J1;J2","2"
"1403","J0:[1,6);J1:[2,3);J2:[4,5)","J1;J2","2","J1;J2","2","J0","1","J1;J2","2","J1;J2","2"
"1404","J0:[1,6);J1:[2,3);J2:[4,6)","J1;J2","2","J1;J2","2","J0","1","J1;J2","2","J1;J2","2"
"1405","J0:[1,6);J1:[2,3);J2:[5,6)","J1;J2","2","J1;J2","2","J0","1","J1;J2","2","J1;J2","2"
"1406","J0:[1,6);J1:[2,4);J2:[2,5)","J0","1","J1","1","J0","1","J1","1","J2","1"
"1407","J0:[1,6);J1:[2,4);J2:[2,6)","J0","1","J1","1","J0","1","J1","1","J2","1"
"1408","J0:[1,6);J1:[2,4);J2:[3,4)","J0","1","J1","1","J0","1","J2","1","J2","1"
"1409","J0:[1,6);J1:[2,4);J2:[3,5)","J0","1","J1","1","J0","1","J1","1","J2","1"
"1410","J0:[1,6);J1:[2,4);J2:[3,6)","J0","1","J1","1","J0","1","J1","1","J2","1"
"1411","J0:[1,6);J1:[2,4);J2:[4,5)","J1;J2","2","J1;J2","2","J0","1","J2;J1","2","J1;J2","2"
"1412","J0:[1,6);J1:[2,4);J2:[4,6)","J1;J2","2","J1;J2","2","J0","1","J1;J2","2","J1;J2","2"
"1413","J0:[1,6);J1:[2,4);J2:[5,6)","J1;J2","2","J1;J2","2","J0","1","J2;J1","2","J1;J2","2"
"1414","J0:[1,6);J1:[2,5);J2:[2,6)","J0","1","J1","1","J0","1","J1","1","J2","1"
"1415","J0:[1,6);J1:[2,5);J2:[3,4)","J0","1","J2","1","J0","1","J2","1","J2","1"
"1416","J0:[1,6);J1:[2,5);J2:[3,5)","J0","1","J1","1","J0","1","J2","1","J2","1"
"1417","J0:[1,6);J1:[2,5);J2:[3,6)","J0","1","J1","1","J0","1","J1","1","J2","1"
"1418","J0:[1,6);J1:[2,5);J2:[4,5)","J0","1","J1","1","J0","1","J2","1","J2","1"
"1419","J0:[1,6);J1:[2,5);J2:[4,6)","J0","1","J1","1","J0","1","J2","1","J2","1"
"1420","J0:[1,6);J1:[2,5);J2:[5,6)","J1;J2","2","J1;J2","2","J0","1","J2;J1","2","J1;J2","2"
"1421","J0:[1,6);J1:[2,6);J2:[3,4)","J0","1","J2","1","J0","1","J2","1","J2","1"
"1422","J0:[1,6);J1:[2,6);J2:[3,5)","J0","1","J2","1","J0","1","J2","1","J2","1"
"1423","J0:[1,6);J1:[2,6);J2:[3,6)","J0","1","J0","1","J0","1","J2","1","J2","1"
"1424","J0:[1,6);J1:[2,6);J2:[4,5)","J0","1","J2","1","J0","1","J2","1","J2","1"
"1425","J0:[1,6);J1:[2,6);J2:[4,6)","J0","1","J0","1","J0","1","J2","1","J2","1"
"1426","J0:[1,6);J1:[2,6);J2:[5,6)","J0","1","J0","1","J0","1","J2","1","J2","1"
"1427","J0:[1,6);J1:[3,4);J2:[3,5)","J0","1","J1","1","J0","1","J1","1","J2","1"
"1428","J0:[1,6);J1:[3,4);J2:[3,6)","J0","1","J1","1","J0","1","J1","1","J2","1"
"1429","J0:[1,6);J1:[3,4);J2:[4,5)","J1;J2","2","J1;J2","2","J0","1","J1;J2","2","J1;J2","2"
"1430","J0:[1,6);J1:[3,4);J2:[4,6)","J1;J2","2","J1;J2","2","J0","1","J1;J2","2","J1;J2","2"
"1431","J0:[1,6);J1:[3,4);J2:[5,6)","J1;J2","2","J1;J2","2","J0","1","J1;J2","2","J1;J2","2"
"1432","J0:[1,6);J1:[3,5);J2:[3,6)","J0","1","J1","1","J0","1","J1","1","J2","1"
"1433","J0:[1,6);J1:[3,5);J2:[4,5)","J0","1","J1","1","J0","1","J2","1","J2","1"
"1434","J0:[1,6);J1:[3,5);J2:[4,6)","J0","1","J1","1","J0","1","J1","1","J2","1"
"1435","J0:[1,6);J1:[3,5);J2:[5,6)","J1;J2","2","J1;J2","2","J0","1","J2;J1","2","J1;J2","2"
"1436","J0:[1,6);J1:[3,6);J2:[4,5)","J0","1","J2","1","J0","1","J2","1","J2","1"
"1437","J0:[1,6);J1:[3,6);J2:[4,6)","J0","1","J0","1","J0","1","J2","1","J2","1"
"1438","J0:[1,6);J1:[3,6);J2:[5,6)","J0","1","J0","1","J0","1","J2","1","J2","1"
"1439","J0:[1,6);J1:[4,5);J2:[4,6)","J0","1","J1","1","J0","1","J1","1","J2","1"
"1440","J0:[1,6);J1:[4,5);J2:[5,6)","J1;J2","2","J1;J2","2","J0","1","J1;J2","2","J1;J2","2"
"1441","J0:[1,6);J1:[4,6);J2:[5,6)","J0","1","J0","1","J0","1","J2","1","J2","1"
"1442","J0:[2,3);J1:[2,4);J2:[2,5)","J0","1","J0","1","J0","1","J0","1","J2","1"
"1443","J0:[2,3);J1:[2,4);J2:[2,6)","J0","1","J0","1","J0","1","J0","1","J2","1"
"1444","J0:[2,3);J1:[2,4);J2:[3,4)","J0;J2","2","J0;J2","2","J0;J2","2","J0;J2","2","J0;J2","2"
"1445","J0:[2,3);J1:[2,4);J2:[3,5)","J0;J2","2","J0;J2","2","J0;J2","2","J0;J2","2","J0;J2","2"
"1446","J0:[2,3);J1:[2,4);J2:[3,6)","J0;J2","2","J0;J2","2","J0;J2","2","J0;J2","2","J0;J2","2"
"1447","J0:[2,3);J1:[2,4);J2:[4,5)","J0;J2","2","J0;J2","2","J0;J2","2","J0;J2","2","J1;J2","2"
"1448","J0:[2,3);J1:[2,4);J2:[4,6)","J0;J2","2","J0;J2","2","J0;J2","2","J0;J2","2","J1;J2","2"
"1449","J0:[2,3);J1:[2,4);J2:[5,6)","J0;J2","2","J0;J2","2","J0;J2","2","J0;J2","2","J1;J2","2"
"1450","J0:[2,3);J1:[2,5);J2:[2,6)","J0","1","J0","1","J0","1","J0","1","J2","1"
"1451","J0:[2,3);J1:[2,5);J2:[3,4)","J0;J2","2","J0;J2","2","J0;J2","2","J0;J2","2","J0;J2","2"
"1452","J0:[2,3);J1:[2,5);J2:[3,5)","J0;J2","2","J0;J2","2","J0;J2","2","J0;J2","2","J0;J2","2"
"1453","J0:[2,3);J1:[2,5);J2:[3,6)","J0;J2","2","J0;J2","2","J0;J2","2","J0;J2","2","J0;J2","2"
"1454","J0:[2,3);J1:[2,5);J2:[4,5)","J0;J2","2","J0;J2","2","J0;J2","2","J0;J2","2","J0;J2","2"
"1455","J0:[2,3);J1:[2,5);J2:[4,6)","J0;J2","2","J0;J2","2","J0;J2","2","J0;J2","2","J0;J2","2"
"1456","J0:[2,3);J1:[2,5);J2:[5,6)","J0;J2","2","J0;J2","2","J0;J2","2","J0;J2","2","J1;J2","2"
"1457","J0:[2,3);J1:[2,6);J2:[3,4)","J0;J2","2","J0;J2","2","J0;J2","2","J0;J2","2","J0;J2","2"
"1458","J0:[2,3);J1:[2,6);J2:[3,5)","J0;J2","2","J0;J2","2","J0;J2","2","J0;J2","2","J0;J2","2"
"1459","J0:[2,3);J1:[2,6);J2:[3,6)","J0;J2","2","J0;J2","2","J0;J2","2","J0;J2","2","J0;J2","2"
"1460","J0:[2,3);J1:[2,6);J2:[4,5)","J0;J2","2","J0;J2","2","J0;J2","2","J0;J2","2","J0;J2","2"
"1461","J0:[2,3);J1:[2,6);J2:[4,6)","J0;J2","2","J0;J2","2","J0;J2","2","J0;J2","2","J0;J2","2"
"1462","J0:[2,3);J1:[2,6);J2:[5,6)","J0;J2","2","J0;J2","2","J0;J2","2","J0;J2","2","J0;J2","2"
"1463","J0:[2,3);J1:[3,4);J2:[3,5)","J0;J1","2","J0;J1","2","J0;J1","2","J0;J1","2","J0;J2","2"
"1464","J0:[2,3);J1:[3,4);J2:[3,6)","J0;J1","2","J0;J1","2","J0;J1","2","J0;J1","2","J0;J2","2"
"1465","J0:[2,3);J1:[3,4);J2:[4,5)","J0;J1;J2","3","J0;J1;J2","3","J0;J1;J2","3","J0;J1;J2","3","J0;J1;J2","3"
"1466","J0:[2,3);J1:[3,4);J2:[4,6)","J0;J1;J2","3","J0;J1;J2","3","J0;J1;J2","3","J0;J1;J2","3","J0;J1;J2","3"
"1467","J0:[2,3);J1:[3,4);J2:[5,6)","J0;J1;J2","3","J0;J1;J2","3","J0;J1;J2","3","J0;J1;J2","3","J0;J1;J2","3"
"1468","J0:[2,3);J1:[3,5);J2:[3,6)","J0;J1","2","J0;J1","2","J0;J1","2","J0;J1","2","J0;J2","2"
"1469","J0:[2,3);J1:[3,5);J2:[4,5)","J0;J1","2","J0;J1","2","J0;J1","2","J0;J2","2","J0;J2","2"
"1470","J0:[2,3);J1:[3,5);J2:[4,6)","J0;J1","2","J0;J1","2","J0;J1","2","J0;J1","2","J0;J2","2"
"1471","J0:[2,3);J1:[3,5);J2:[5,6)","J0;J1;J2","3","J0;J1;J2","3","J0;J1;J2","3","J0;J2;J1","3","J0;J1;J2","3"
"1472","J0:[2,3);J1:[3,6);J2:[4,5)","J0;J1","2","J0;J2","2","J0;J1","2","J0;J2","2","J0;J2","2"
"1473","J0:[2,3);J1:[3,6);J2:[4,6)","J0;J1","2","J0;J1","2","J0;J1","2","J0;J2","2","J0;J2","2"
"1474","J0:[2,3);J1:[3,6);J2:[5,6)","J0;J1","2","J0;J1","2","J0;J1","2","J0;J2","2","J0;J2","2"
"1475","J0:[2,3);J1:[4,5);J2:[4,6)","J0;J1","2","J0;J1","2","J0;J1","2","J0;J1","2","J0;J2","2"
"1476","J0:[2,3);J1:[4,5);J2:[5,6)","J0;J1;J2","3","J0;J1;J2","3","J0;J1;J2","3","J0;J1;J2","3","J0;J1;J2","3"
"1477","J0:[2,3);J1:[4,6);J2:[5,6)","J0;J1","2","J0;J1","2","J0;J1","2","J0;J2","2","J0;J2","2"
"1478","J0:[2,4);J1:[2,5);J2:[2,6)","J0","1","J0","1","J0","1","J0","1","J2","1"
"1479","J0:[2,4);J1:[2,5);J2:[3,4)","J0","1","J0","1","J0","1","J2","1","J2","1"
"1480","J0:[2,4);J1:[2,5);J2:[3,5)","J0","1","J0","1","J0","1","J0","1","J2","1"
"1481","J0:[2,4);J1:[2,5);J2:[3,6)","J0","1","J0","1","J0","1","J0","1","J2","1"
"1482","J0:[2,4);J1:[2,5);J2:[4,5)","J0;J2","2","J0;J2","2","J0;J2","2","J2;J0","2","J0;J2","2"
"1483","J0:[2,4);J1:[2,5);J2:[4,6)","J0;J2","2","J0;J2","2","J0;J2","2","J0;J2","2","J0;J2","2"
"1484","J0:[2,4);J1:[2,5);J2:[5,6)","J0;J2","2","J0;J2","2","J0;J2","2","J2;J0","2","J1;J2","2"
"1485","J0:[2,4);J1:[2,6);J2:[3,4)","J0","1","J0","1","J0","1","J2","1","J2","1"
"1486","J0:[2,4);J1:[2,6);J2:[3,5)","J0","1","J0","1","J0","1","J0","1","J2","1"
"1487","J0:[2,4);J1:[2,6);J2:[3,6)","J0","1","J0","1","J0","1","J0","1","J2","1"
"1488","J0:[2,4);J1:[2,6);J2:[4,5)","J0;J2","2","J0;J2","2","J0;J2","2","J2;J0","2","J0;J2","2"
"1489","J0:[2,4);J1:[2,6);J2:[4,6)","J0;J2","2","J0;J2","2","J0;J2","2","J0;J2","2","J0;J2","2"
"1490","J0:[2,4);J1:[2,6);J2:[5,6)","J0;J2","2","J0;J2","2","J0;J2","2","J2;J0","2","J0;J2","2"
"1491","J0:[2,4);J1:[3,4);J2:[3,5)","J0","1","J0","1","J0","1","J1","1","J2","1"
"1492","J0:[2,4);J1:[3,4);J2:[3,6)","J0","1","J0","1","J0","1","J1","1","J2","1"
"1493","J0:[2,4);J1:[3,4);J2:[4,5)","J0;J2","2","J0;J2","2","J0;J2","2","J1;J2","2","J1;J2","2"
"1494","J0:[2,4);J1:[3,4);J2:[4,6)","J0;J2","2","J0;J2","2","J0;J2","2","J1;J2","2","J1;J2","2"
"1495","J0:[2,4);J1:[3,4);J2:[5,6)","J0;J2","2","J0;J2","2","J0;J2","2","J1;J2","2","J1;J2","2"
"1496","J0:[2,4);J1:[3,5);J2:[3,6)","J0","1","J0","1","J0","1","J0","1","J2","1"
"1497","J0:[2,4);J1:[3,5);J2:[4,5)","J0;J2","2","J0;J2","2","J0;J2","2","J2;J0","2","J0;J2","2"
"1498","J0:[2,4);J1:[3,5);J2:[4,6)","J0;J2","2","J0;J2","2","J0;J2","2","J0;J2","2","J0;J2","2"
"1499","J0:[2,4);J1:[3,5);J2:[5,6)","J0;J2","2","J0;J2","2","J0;J2","2","J2;J0","2","J1;J2","2"
"1500","J0:[2,4);J1:[3,6);J2:[4,5)","J0;J2","2","J0;J2","2","J0;J2","2","J2;J0","2","J0;J2","2"
"1501","J0:[2,4);J1:[3,6);J2:[4,6)","J0;J2","2","J0;J2","2","J0;J2","2","J0;J2","2","J0;J2","2"
"1502","J0:[2,4);J1:[3,6);J2:[5,6)","J0;J2","2","J0;J2","2","J0;J2","2","J2;J0","2","J0;J2","2"
"1503","J0:[2,4);J1:[4,5);J2:[4,6)","J0;J1","2","J0;J1","2","J0;J1","2","J1;J0","2","J0;J2","2"
"1504","J0:[2,4);J1:[4,5);J2:[5,6)","J0;J1;J2","3","J0;J1;J2","3","J0;J1;J2","3","J1;J2;J0","3","J0;J1;J2","3"
"1505","J0:[2,4);J1:[4,6);J2:[5,6)","J0;J1","2","J0;J1","2","J0;J1","2","J2;J0","2","J0;J2","2"
"1506","J0:[2,5);J1:[2,6);J2:[3,4)","J0","1","J2","1","J0","1","J2","1","J2","1"
"1507","J0:[2,5);J1:[2,6);J2:[3,5)","J0","1","J0","1","J0","1","J2","1","J2","1"
"1508","J0:[2,5);J1:[2,6);J2:[3,6)","J0","1","J0","1","J0","1","J0","1","J2","1"
"1509","J0:[2,5);J1:[2,6);J2:[4,5)","J0","1","J0","1","J0","1","J2","1","J2","1"
"1510","J0:[2,5);J1:[2,6);J2:[4,6)","J0","1","J0","1","J0","1","J2","1","J2","1"
"1511","J0:[2,5);J1:[2,6);J2:[5,6)","J0;J2","2","J0;J2","2","J0;J2","2","J2;J0","2","J0;J2","2"
"1512","J0:[2,5);J1:[3,4);J2:[3,5)","J0","1","J1","1","J0","1","J1","1","J2","1"
"1513","J0:[2,5);J1:[3,4);J2:[3,6)","J0","1","J1","1","J0","1","J1","1","J2","1"
"1514","J0:[2,5);J1:[3,4);J2:[4,5)","J1;J2","2","J1;J2","2","J0","1","J1;J2","2","J1;J2","2"
"1515","J0:[2,5);J1:[3,4);J2:[4,6)","J1;J2","2","J1;J2","2","J0","1","J1;J2","2","J1;J2","2"
"1516","J0:[2,5);J1:[3,4);J2:[5,6)","J0;J2","2","J1;J2","2","J0;J2","2","J1;J2","2","J1;J2","2"
"1517","J0:[2,5);J1:[3,5);J2:[3,6)","J0","1","J0","1","J0","1","J1","1","J2","1"
"1518","J0:[2,5);J1:[3,5);J2:[4,5)","J0","1","J0","1","J0","1","J2","1","J2","1"
"1519","J0:[2,5);J1:[3,5);J2:[4,6)","J0","1","J0","1","J0","1","J1","1","J2","1"
"1520","J0:[2,5);J1:[3,5);J2:[5,6)","J0;J2","2","J0;J2","2","J0;J2","2","J2;J1","2","J1;J2","2"
"1521","J0:[2,5);J1:[3,6);J2:[4,5)","J0","1","J0","1","J0","1","J2","1","J2","1"
"1522","J0:[2,5);J1:[3,6);J2:[4,6)","J0","1","J0","1","J0","1","J2","1","J2","1"
"1523","J0:[2,5);J1:[3,6);J2:[5,6)","J0;J2","2","J0;J2","2","J0;J2","2","J2;J0","2","J0;J2","2"
"1524","J0:[2,5);J1:[4,5);J2:[4,6)","J0","1","J0","1","J0","1","J1","1","J2","1"
"1525","J0:[2,5);J1:[4,5);J2:[5,6)","J0;J2","2","J0;J2","2","J0;J2","2","J1;J2","2","J1;J2","2"
"1526","J0:[2,5);J1:[4,6);J2:[5,6)","J0;J2","2","J0;J2","2","J0;J2","2","J2;J0","2","J0;J2","2"
"1527","J0:[2,6);J1:[3,4);J2:[3,5)","J0","1","J1","1","J0","1","J1","1","J2","1"
"1528","J0:[2,6);J1:[3,4);J2:[3,6)","J0","1","J1","1","J0","1","J1","1","J2","1"
"1529","J0:[2,6);J1:[3,4);J2:[4,5)","J1;J2","2","J1;J2","2","J0","1","J1;J2","2","J1;J2","2"
"1530","J0:[2,6);J1:[3,4);J2:[4,6)","J1;J2","2","J1;J2","2","J0","1","J1;J2","2","J1;J2","2"
"1531","J0:[2,6);J1:[3,4);J2:[5,6)","J1;J2","2","J1;J2","2","J0","1","J1;J2","2","J1;J2","2"
"1532","J0:[2,6);J1:[3,5);J2:[3,6)","J0","1","J1","1","J0","1","J1","1","J2","1"
"1533","J0:[2,6);J1:[3,5);J2:[4,5)","J0","1","J1","1","J0","1","J2","1","J2","1"
"1534","J0:[2,6);J1:[3,5);J2:[4,6)","J0","1","J1","1","J0","1","J1","1","J2","1"
"1535","J0:[2,6);J1:[3,5);J2:[5,6)","J1;J2","2","J1;J2","2","J0","1","J2;J1","2","J1;J2","2"
"1536","J0:[2,6);J1:[3,6);J2:[4,5)","J0","1","J2","1","J0","1","J2","1","J2","1"
"1537","J0:[2,6);J1:[3,6);J2:[4,6)","J0","1","J0","1","J0","1","J2","1","J2","1"
"1538","J0:[2,6);J1:[3,6);J2:[5,6)","J0","1","J0","1","J0","1","J2","1","J2","1"
"1539","J0:[2,6);J1:[4,5);J2:[4,6)","J0","1","J1","1","J0","1","J1","1","J2","1"
"1540","J0:[2,6);J1:[4,5);J2:[5,6)","J1;J2","2","J1;J2","2","J0","1","J1;J2","2","J1;J2","2"
"1541","J0:[2,6);J1:[4,6);J2:[5,6)","J0","1","J0","1","J0","1","J2","1","J2","1"
"1542","J0:[3,4);J1:[3,5);J2:[3,6)","J0","1","J0","1","J0","1","J0","1","J2","1"
"1543","J0:[3,4);J1:[3,5);J2:[4,5)","J0;J2","2","J0;J2","2","J0;J2","2","J0;J2","2","J0;J2","2"
"1544","J0:[3,4);J1:[3,5);J2:[4,6)","J0;J2","2","J0;J2","2","J0;J2","2","J0;J2","2","J0;J2","2"
"1545","J0:[3,4);J1:[3,5);J2:[5,6)","J0;J2","2","J0;J2","2","J0;J2","2","J0;J2","2","J1;J2","2"
"1546","J0:[3,4);J1:[3,6);J2:[4,5)","J0;J2","2","J0;J2","2","J0;J2","2","J0;J2","2","J0;J2","2"
"1547","J0:[3,4);J1:[3,6);J2:[4,6)","J0;J2","2","J0;J2","2","J0;J2","2","J0;J2","2","J0;J2","2"
"1548","J0:[3,4);J1:[3,6);J2:[5,6)","J0;J2","2","J0;J2","2","J0;J2","2","J0;J2","2","J0;J2","2"
"1549","J0:[3,4);J1:[4,5);J2:[4,6)","J0;J1","2","J0;J1","2","J0;J1","2","J0;J1","2","J0;J2","2"
"1550","J0:[3,4);J1:[4,5);J2:[5,6)","J0;J1;J2","3","J0;J1;J2","3","J0;J1;J2","3","J0;J1;J2","3","J0;J1;J2","3"
"1551","J0:[3,4);J1:[4,6);J2:[5,6)","J0;J1","2","J0;J1","2","J0;J1","2","J0;J2","2","J0;J2","2"
"1552","J0:[3,5);J1:[3,6);J2:[4,5)","J0","1","J0","1","J0","1","J2","1","J2","1"
"1553","J0:[3,5);J1:[3,6);J2:[4,6)","J0","1","J0","1","J0","1","J0","1","J2","1"
"1554","J0:[3,5);J1:[3,6);J2:[5,6)","J0;J2","2","J0;J2","2","J0;J2","2","J2;J0","2","J0;J2","2"
"1555","J0:[3,5);J1:[4,5);J2:[4,6)","J0","1","J0","1","J0","1","J1","1","J2","1"
"1556","J0:[3,5);J1:[4,5);J2:[5,6)","J0;J2","2","J0;J2","2","J0;J2","2","J1;J2","2","J1;J2","2"
"1557","J0:[3,5);J1:[4,6);J2:[5,6)","J0;J2","2","J0;J2","2","J0;J2","2","J2;J0","2","J0;J2","2"
"1558","J0:[3,6);J1:[4,5);J2:[4,6)","J0","1","J1","1","J0","1","J1","1","J2","1"
"1559","J0:[3,6);J1:[4,5);J2:[5,6)","J1;J2","2","J1;J2","2","J0","1","J1;J2","2","J1;J2","2"
"1560","J0:[3,6);J1:[4,6);J2:[5,6)","J0","1","J0","1","J0","1","J2","1","J2","1"
"1561","J0:[4,5);J1:[4,6);J2:[5,6)","J0;J2","2","J0;J2","2","J0;J2","2","J0;J2","2","J0;J2","2"
"1562","J0:[0,1);J1:[0,2);J2:[0,3);J3:[0,4)","J0","1","J0","1","J0","1","J0","1","J3","1"
"1563","J0:[0,1);J1:[0,2);J2:[0,3);J3:[0,5)","J0","1","J0","1","J0","1","J0","1","J3","1"
"1564","J0:[0,1);J1:[0,2);J2:[0,3);J3:[0,6)","J0","1","J0","1","J0","1","J0","1","J3","1"
"1565","J0:[0,1);J1:[0,2);J2:[0,3);J3:[1,2)","J0;J3","2","J0;J3","2","J0;J3","2","J0;J3","2","J0;J3","2"
"1566","J0:[0,1);J1:[0,2);J2:[0,3);J3:[1,3)","J0;J3","2","J0;J3","2","J0;J3","2","J0;J3","2","J0;J3","2"
"1567","J0:[0,1);J1:[0,2);J2:[0,3);J3:[1,4)","J0;J3","2","J0;J3","2","J0;J3","2","J0;J3","2","J0;J3","2"
"1568","J0:[0,1);J1:[0,2);J2:[0,3);J3:[1,5)","J0;J3","2","J0;J3","2","J0;J3","2","J0;J3","2","J0;J3","2"
"1569","J0:[0,1);J1:[0,2);J2:[0,3);J3:[1,6)","J0;J3","2","J0;J3","2","J0;J3","2","J0;J3","2","J0;J3","2"
"1570","J0:[0,1);J1:[0,2);J2:[0,3);J3:[2,3)","J0;J3","2","J0;J3","2","J0;J3","2","J0;J3","2","J1;J3","2"
"1571","J0:[0,1);J1:[0,2);J2:[0,3);J3:[2,4)","J0;J3","2","J0;J3","2","J0;J3","2","J0;J3","2","J1;J3","2"
"1572","J0:[0,1);J1:[0,2);J2:[0,3);J3:[2,5)","J0;J3","2","J0;J3","2","J0;J3","2","J0;J3","2","J1;J3","2"
"1573","J0:[0,1);J1:[0,2);J2:[0,3);J3:[2,6)","J0;J3","2","J0;J3","2","J0;J3","2","J0;J3","2","J1;J3","2"
"1574","J0:[0,1);J1:[0,2);J2:[0,3);J3:[3,4)","J0;J3","2","J0;J3","2","J0;J3","2","J0;J3","2","J2;J3","2"
"1575","J0:[0,1);J1:[0,2);J2:[0,3);J3:[3,5)","J0;J3","2","J0;J3","2","J0;J3","2","J0;J3","2","J2;J3","2"
"1576","J0:[0,1);J1:[0,2);J2:[0,3);J3:[3,6)","J0;J3","2","J0;J3","2","J0;J3","2","J0;J3","2","J2;J3","2"
"1577","J0:[0,1);J1:[0,2);J2:[0,3);J3:[4,5)","J0;J3","2","J0;J3","2","J0;J3","2","J0;J3","2","J2;J3","2"
"1578","J0:[0,1);J1:[0,2);J2:[0,3);J3:[4,6)","J0;J3","2","J0;J3","2","J0;J3","2","J0;J3","2","J2;J3","2"
"1579","J0:[0,1);J1:[0,2);J2:[0,3);J3:[5,6)","J0;J3","2","J0;J3","2","J0;J3","2","J0;J3","2","J2;J3","2"
"1580","J0:[0,1);J1:[0,2);J2:[0,4);J3:[0,5)","J0","1","J0","1","J0","1","J0","1","J3","1"
"1581","J0:[0,1);J1:[0,2);J2:[0,4);J3:[0,6)","J0","1","J0","1","J0","1","J0","1","J3","1"
"1582","J0:[0,1);J1:[0,2);J2:[0,4);J3:[1,2)","J0;J3","2","J0;J3","2","J0;J3","2","J0;J3","2","J0;J3","2"
"1583","J0:[0,1);J1:[0,2);J2:[0,4);J3:[1,3)","J0;J3","2","J0;J3","2","J0;J3","2","J0;J3","2","J0;J3","2"
"1584","J0:[0,1);J1:[0,2);J2:[0,4);J3:[1,4)","J0;J3","2","J0;J3","2","J0;J3","2","J0;J3","2","J0;J3","2"
"1585","J0:[0,1);J1:[0,2);J2:[0,4);J3:[1,5)","J0;J3","2","J0;J3","2","J0;J3","2","J0;J3","2","J0;J3","2"
"1586","J0:[0,1);J1:[0,2);J2:[0,4);J3:[1,6)","J0;J3","2","J0;J3","2","J0;J3","2","J0;J3","2","J0;J3","2"
"1587","J0:[0,1);J1:[0,2);J2:[0,4);J3:[2,3)","J0;J3","2","J0;J3","2","J0;J3","2","J0;J3","2","J1;J3","2"
"1588","J0:[0,1);J1:[0,2);J2:[0,4);J3:[2,4)","J0;J3","2","J0;J3","2","J0;J3","2","J0;J3","2","J1;J3","2"
"1589","J0:[0,1);J1:[0,2);J2:[0,4);J3:[2,5)","J0;J3","2","J0;J3","2","J0;J3","2","J0;J3","2","J1;J3","2"
"1590","J0:[0,1);J1:[0,2);J2:[0,4);J3:[2,6)","J0;J3","2","J0;J3","2","J0;J3","2","J0;J3","2","J1;J3","2"
"1591","J0:[0,1);J1:[0,2);J2:[0,4);J3:[3,4)","J0;J3","2","J0;J3","2","J0;J3","2","J0;J3","2","J1;J3","2"
"1592","J0:[0,1);J1:[0,2);J2:[0,4);J3:[3,5)","J0;J3","2","J0;J3","2","J0;J3","2","J0;J3","2","J1;J3","2"
"1593","J0:[0,1);J1:[0,2);J2:[0,4);J3:[3,6)","J0;J3","2","J0;J3","2","J0;J3","2","J0;J3","2","J1;J3","2"
"1594","J0:[0,1);J1:[0,2);J2:[0,4);J3:[4,5)","J0;J3","2","J0;J3","2","J0;J3","2","J0;J3","2","J2;J3","2"
"1595","J0:[0,1);J1:[0,2);J2:[0,4);J3:[4,6)","J0;J3","2","J0;J3","2","J0;J3","2","J0;J3","2","J2;J3","2"
"1596","J0:[0,1);J1:[0,2);J2:[0,4);J3:[5,6)","J0;J3","2","J0;J3","2","J0;J3","2","J0;J3","2","J2;J3","2"
"1597","J0:[0,1);J1:[0,2);J2:[0,5);J3:[0,6)","J0","1","J0","1","J0","1","J0","1","J3","1"
"1598","J0:[0,1);J1:[0,2);J2:[0,5);J3:[1,2)","J0;J3","2","J0;J3","2","J0;J3","2","J0;J3","2","J0;J3","2"
"1599","J0:[0,1);J1:[0,2);J2:[0,5);J3:[1,3)","J0;J3","2","J0;J3","2","J0;J3","2","J0;J3","2","J0;J3","2"
"1600","J0:[0,1);J1:[0,2);J2:[0,5);J3:[1,4)","J0;J3","2","J0;J3","2","J0;J3","2","J0;J3","2","J0;J3","2"
"1601","J0:[0,1);J1:[0,2);J2:[0,5);J3:[1,5)","J0;J3","2","J0;J3","2","J0;J3","2","J0;J3","2","J0;J3","2"
"1602","J0:[0,1);J1:[0,2);J2:[0,5);J3:[1,6)","J0;J3","2","J0;J3","2","J0;J3","2","J0;J3","2","J0;J3","2"
"1603","J0:[0,1);J1:[0,2);J2:[0,5);J3:[2,3)","J0;J3","2","J0;J3","2","J0;J3","2","J0;J3","2","J1;J3","2"
"1604","J0:[0,1);J1:[0,2);J2:[0,5);J3:[2,4)","J0;J3","2","J0;J3","2","J0;J3","2","J0;J3","2","J1;J3","2"
"1605","J0:[0,1);J1:[0,2);J2:[0,5);J3:[2,5)","J0;J3","2","J0;J3","2","J0;J3","2","J0;J3","2","J1;J3","2"
"1606","J0:[0,1);J1:[0,2);J2:[0,5);J3:[2,6)","J0;J3","2","J0;J3","2","J0;J3","2","J0;J3","2","J1;J3","2"
"1607","J0:[0,1);J1:[0,2);J2:[0,5);J3:[3,4)","J0;J3","2","J0;J3","2","J0;J3","2","J0;J3","2","J1;J3","2"
"1608","J0:[0,1);J1:[0,2);J2:[0,5);J3:[3,5)","J0;J3","2","J0;J3","2","J0;J3","2","J0;J3","2","J1;J3","2"
"1609","J0:[0,1);J1:[0,2);J2:[0,5);J3:[3,6)","J0;J3","2","J0;J3","2","J0;J3","2","J0;J3","2","J1;J3","2"
"1610","J0:[0,1);J1:[0,2);J2:[0,5);J3:[4,5)","J0;J3","2","J0;J3","2","J0;J3","2","J0;J3","2","J1;J3","2"
"1611","J0:[0,1);J1:[0,2);J2:[0,5);J3:[4,6)","J0;J3","2","J0;J3","2","J0;J3","2","J0;J3","2","J1;J3","2"
"1612","J0:[0,1);J1:[0,2);J2:[0,5);J3:[5,6)","J0;J3","2","J0;J3","2","J0;J3","2","J0;J3","2","J2;J3","2"
"1613","J0:[0,1);J1:[0,2);J2:[0,6);J3:[1,2)","J0;J3","2","J0;J3","2","J0;J3","2","J0;J3","2","J0;J3","2"
"1614","J0:[0,1);J1:[0,2);J2:[0,6);J3:[1,3)","J0;J3","2","J0;J3","2","J0;J3","2","J0;J3","2","J0;J3","2"
"1615","J0:[0,1);J1:[0,2);J2:[0,6);J3:[1,4)","J0;J3","2","J0;J3","2","J0;J3","2","J0;J3","2","J0;J3","2"
"1616","J0:[0,1);J1:[0,2);J2:[0,6);J3:[1,5)","J0;J3","2","J0;J3","2","J0;J3","2","J0;J3","2","J0;J3","2"
"1617","J0:[0,1);J1:[0,2);J2:[0,6);J3:[1,6)","J0;J3","2","J0;J3","2","J0;J3","2","J0;J3","2","J0;J3","2"
"1618","J0:[0,1);J1:[0,2);J2:[0,6);J3:[2,3)","J0;J3","2","J0;J3","2","J0;J3","2","J0;J3","2","J1;J3","2"
"1619","J0:[0,1);J1:[0,2);J2:[0,6);J3:[2,4)","J0;J3","2","J0;J3","2","J0;J3","2","J0;J3","2","J1;J3","2"
"1620","J0:[0,1);J1:[0,2);J2:[0,6);J3:[2,5)","J0;J3","2","J0;J3","2","J0;J3","2","J0;J3","2","J1;J3","2"
"1621","J0:[0,1);J1:[0,2);J2:[0,6);J3:[2,6)","J0;J3","2","J0;J3","2","J0;J3","2","J0;J3","2","J1;J3","2"
"1622","J0:[0,1);J1:[0,2);J2:[0,6);J3:[3,4)","J0;J3","2","J0;J3","2","J0;J3","2","J0;J3","2","J1;J3","2"
"1623","J0:[0,1);J1:[0,2);J2:[0,6);J3:[3,5)","J0;J3","2","J0;J3","2","J0;J3","2","J0;J3","2","J1;J3","2"
"1624","J0:[0,1);J1:[0,2);J2:[0,6);J3:[3,6)","J0;J3","2","J0;J3","2","J0;J3","2","J0;J3","2","J1;J3","2"
"1625","J0:[0,1);J1:[0,2);J2:[0,6);J3:[4,5)","J0;J3","2","J0;J3","2","J0;J3","2","J0;J3","2","J1;J3","2"
"1626","J0:[0,1);J1:[0,2);J2:[0,6);J3:[4,6)","J0;J3","2","J0;J3","2","J0;J3","2","J0;J3","2","J1;J3","2"
"1627","J0:[0,1);J1:[0,2);J2:[0,6);J3:[5,6)","J0;J3","2","J0;J3","2","J0;J3","2","J0;J3","2","J1;J3","2"
"1628","J0:[0,1);J1:[0,2);J2:[1,2);J3:[1,3)","J0;J2","2","J0;J2","2","J0;J2","2","J0;J2","2","J0;J3","2"
"1629","J0:[0,1);J1:[0,2);J2:[1,2);J3:[1,4)","J0;J2","2","J0;J2","2","J0;J2","2","J0;J2","2","J0;J3","2"
"1630","J0:[0,1);J1:[0,2);J2:[1,2);J3:[1,5)","J0;J2","2","J0;J2","2","J0;J2","2","J0;J2","2","J0;J3","2"
"1631","J0:[0,1);J1:[0,2);J2:[1,2);J3:[1,6)","J0;J2","2","J0;J2","2","J0;J2","2","J0;J2","2","J0;J3","2"
"1632","J0:[0,1);J1:[0,2);J2:[1,2);J3:[2,3)","J0;J2;J3","3","J0;J2;J3","3","J0;J2;J3","3","J0;J2;J3","3","J0;J2;J3","3"
"1633","J0:[0,1);J1:[0,2);J2:[1,2);J3:[2,4)","J0;J2;J3","3","J0;J2;J3","3","J0;J2;J3","3","J0;J2;J3","3","J0;J2;J3","3"
"1634","J0:[0,1);J1:[0,2);J2:[1,2);J3:[2,5)","J0;J2;J3","3","J0;J2;J3","3","J0;J2;J3","3","J0;J2;J3","3","J0;J2;J3","3"
"1635","J0:[0,1);J1:[0,2);J2:[1,2);J3:[2,6)","J0;J2;J3","3","J0;J2;J3","3","J0;J2;J3","3","J0;J2;J3","3","J0;J2;J3","3"
"1636","J0:[0,1);J1:[0,2);J2:[1,2);J3:[3,4)","J0;J2;J3","3","J0;J2;J3","3","J0;J2;J3","3","J0;J2;J3","3","J0;J2;J3","3"
"1637","J0:[0,1);J1:[0,2);J2:[1,2);J3:[3,5)","J0;J2;J3","3","J0;J2;J3","3","J0;J2;J3","3","J0;J2;J3","3","J0;J2;J3","3"
"1638","J0:[0,1);J1:[0,2);J2:[1,2);J3:[3,6)","J0;J2;J3","3","J0;J2;J3","3","J0;J2;J3","3","J0;J2;J3","3","J0;J2;J3","3"
"1639","J0:[0,1);J1:[0,2);J2:[1,2);J3:[4,5)","J0;J2;J3","3","J0;J2;J3","3","J0;J2;J3","3","J0;J2;J3","3","J0;J2;J3","3"
"1640","J0:[0,1);J1:[0,2);J2:[1,2);J3:[4,6)","J0;J2;J3","3","J0;J2;J3","3","J0;J2;J3","3","J0;J2;J3","3","J0;J2;J3","3"
"1641","J0:[0,1);J1:[0,2);J2:[1,2);J3:[5,6)","J0;J2;J3","3","J0;J2;J3","3","J0;J2;J3","3","J0;J2;J3","3","J0;J2;J3","3"
"1642","J0:[0,1);J1:[0,2);J2:[1,3);J3:[1,4)","J0;J2","2","J0;J2","2","J0;J2","2","J0;J2","2","J0;J3","2"
"1643","J0:[0,1);J1:[0,2);J2:[1,3);J3:[1,5)","J0;J2","2","J0;J2","2","J0;J2","2","J0;J2","2","J0;J3","2"
"1644","J0:[0,1);J1:[0,2);J2:[1,3);J3:[1,6)","J0;J2","2","J0;J2","2","J0;J2","2","J0;J2","2","J0;J3","2"
"1645","J0:[0,1);J1:[0,2);J2:[1,3);J3:[2,3)","J0;J2","2","J0;J2","2","J0;J2","2","J0;J3","2","J1;J3","2"
"1646","J0:[0,1);J1:[0,2);J2:[1,3);J3:[2,4)","J0;J2","2","J0;J2","2","J0;J2","2","J0;J2","2","J1;J3","2"
"1647","J0:[0,1);J1:[0,2);J2:[1,3);J3:[2,5)","J0;J2","2","J0;J2","2","J0;J2","2","J0;J2","2","J1;J3","2"
"1648","J0:[0,1);J1:[0,2);J2:[1,3);J3:[2,6)","J0;J2","2","J0;J2","2","J0;J2","2","J0;J2","2","J1;J3","2"
"1649","J0:[0,1);J1:[0,2);J2:[1,3);J3:[3,4)","J0;J2;J3","3","J0;J2;J3","3","J0;J2;J3","3","J0;J3;J2","3","J0;J2;J3","3"
"1650","J0:[0,1);J1:[0,2);J2:[1,3);J3:[3,5)","J0;J2;J3","3","J0;J2;J3","3","J0;J2;J3","3","J0;J2;J3","3","J0;J2;J3","3"
"1651","J0:[0,1);J1:[0,2);J2:[1,3);J3:[3,6)","J0;J2;J3","3","J0;J2;J3","3","J0;J2;J3","3","J0;J2;J3","3","J0;J2;J3","3"
"1652","J0:[0,1);J1:[0,2);J2:[1,3);J3:[4,5)","J0;J2;J3","3","J0;J2;J3","3","J0;J2;J3","3","J0;J3;J2","3","J0;J2;J3","3"
"1653","J0:[0,1);J1:[0,2);J2:[1,3);J3:[4,6)","J0;J2;J3","3","J0;J2;J3","3","J0;J2;J3","3","J0;J2;J3","3","J0;J2;J3","3"
"1654","J0:[0,1);J1:[0,2);J2:[1,3);J3:[5,6)","J0;J2;J3","3","J0;J2;J3","3","J0;J2;J3","3","J0;J3;J2","3","J0;J2;J3","3"
"1655","J0:[0,1);J1:[0,2);J2:[1,4);J3:[1,5)","J0;J2","2","J0;J2","2","J0;J2","2","J0;J2","2","J0;J3","2"
"1656","J0:[0,1);J1:[0,2);J2:[1,4);J3:[1,6)","J0;J2","2","J0;J2","2","J0;J2","2","J0;J2","2","J0;J3","2"
"1657","J0:[0,1);J1:[0,2);J2:[1,4);J3:[2,3)","J0;J2","2","J0;J3","2","J0;J2","2","J0;J3","2","J1;J3","2"
"1658","J0:[0,1);J1:[0,2);J2:[1,4);J3:[2,4)","J0;J2","2","J0;J2","2","J0;J2","2","J0;J3","2","J1;J3","2"
"1659","J0:[0,1);J1:[0,2);J2:[1,4);J3:[2,5)","J0;J2","2","J0;J2","2","J0;J2","2","J0;J2","2","J1;J3","2"
"1660","J0:[0,1);J1:[0,2);J2:[1,4);J3:[2,6)","J0;J2","2","J0;J2","2","J0;J2","2","J0;J2","2","J1;J3","2"
"1661","J0:[0,1);J1:[0,2);J2:[1,4);J3:[3,4)","J0;J2","2","J0;J2","2","J0;J2","2","J0;J3","2","J1;J3","2"
"1662","J0:[0,1);J1:[0,2);J2:[1,4);J3:[3,5)","J0;J2","2","J0;J2","2","J0;J2","2","J0;J3","2","J1;J3","2"
"1663","J0:[0,1);J1:[0,2);J2:[1,4);J3:[3,6)","J0;J2","2","J0;J2","2","J0;J2","2","J0;J2","2","J1;J3","2"
"1664","J0:[0,1);J1:[0,2);J2:[1,4);J3:[4,5)","J0;J2;J3","3","J0;J2;J3","3","J0;J2;J3","3","J0;J3;J2","3","J0;J2;J3","3"
"1665","J0:[0,1);J1:[0,2);J2:[1,4);J3:[4,6)","J0;J2;J3","3","J0;J2;J3","3","J0;J2;J3","3","J0;J3;J2","3","J0;J2;J3","3"
"1666","J0:[0,1);J1:[0,2);J2:[1,4);J3:[5,6)","J0;J2;J3","3","J0;J2;J3","3","J0;J2;J3","3","J0;J3;J2","3","J0;J2;J3","3"
"1667","J0:[0,1);J1:[0,2);J2:[1,5);J3:[1,6)","J0;J2","2","J0;J2","2","J0;J2","2","J0;J2","2","J0;J3","2"
"1668","J0:[0,1);J1:[0,2);J2:[1,5);J3:[2,3)","J0;J2","2","J0;J3","2","J0;J2","2","J0;J3","2","J1;J3","2"
"1669","J0:[0,1);J1:[0,2);J2:[1,5);J3:[2,4)","J0;J2","2","J0;J3","2","J0;J2","2","J0;J3","2","J1;J3","2"
"1670","J0:[0,1);J1:[0,2);J2:[1,5);J3:[2,5)","J0;J2","2","J0;J2","2","J0;J2","2","J0;J3","2","J1;J3","2"
"1671","J0:[0,1);J1:[0,2);J2:[1,5);J3:[2,6)","J0;J2","2","J0;J2","2","J0;J2","2","J0;J2","2","J1;J3","2"
"1672","J0:[0,1);J1:[0,2);J2:[1,5);J3:[3,4)","J0;J2","2","J0;J3","2","J0;J2","2","J0;J3","2","J1;J3","2"
"1673","J0:[0,1);J1:[0,2);J2:[1,5);J3:[3,5)","J0;J2","2","J0;J2","2","J0;J2","2","J0;J3","2","J1;J3","2"
"1674","J0:[0,1);J1:[0,2);J2:[1,5);J3:[3,6)","J0;J2","2","J0;J2","2","J0;J2","2","J0;J3","2","J1;J3","2"
"1675","J0:[0,1);J1:[0,2);J2:[1,5);J3:[4,5)","J0;J2","2","J0;J2","2","J0;J2","2","J0;J3","2","J1;J3","2"
"1676","J0:[0,1);J1:[0,2);J2:[1,5);J3:[4,6)","J0;J2","2","J0;J2","2","J0;J2","2","J0;J3","2","J1;J3","2"
"1677","J0:[0,1);J1:[0,2);J2:[1,5);J3:[5,6)","J0;J2;J3","3","J0;J2;J3","3","J0;J2;J3","3","J0;J3;J2","3","J0;J2;J3","3"
"1678","J0:[0,1);J1:[0,2);J2:[1,6);J3:[2,3)","J0;J2","2","J0;J3","2","J0;J2","2","J0;J3","2","J1;J3","2"
"1679","J0:[0,1);J1:[0,2);J2:[1,6);J3:[2,4)","J0;J2","2","J0;J3","2","J0;J2","2","J0;J3","2","J1;J3","2"
"1680","J0:[0,1);J1:[0,2);J2:[1,6);J3:[2,5)","J0;J2","2","J0;J3","2","J0;J2","2","J0;J3","2","J1;J3","2"
"1681","J0:[0,1);J1:[0,2);J2:[1,6);J3:[2,6)","J0;J2","2","J0;J2","2","J0;J2","2","J0;J3","2","J1;J3","2"
"1682","J0:[0,1);J1:[0,2);J2:[1,6);J3:[3,4)","J0;J2","2","J0;J3","2","J0;J2","2","J0;J3","2","J1;J3","2"
"1683","J0:[0,1);J1:[0,2);J2:[1,6);J3:[3,5)","J0;J2","2","J0;J3","2","J0;J2","2","J0;J3","2","J1;J3","2"
"1684","J0:[0,1);J1:[0,2);J2:[1,6);J3:[3,6)","J0;J2","2","J0;J2","2","J0;J2","2","J0;J3","2","J1;J3","2"
"1685","J0:[0,1);J1:[0,2);J2:[1,6);J3:[4,5)","J0;J2","2","J0;J3","2","J0;J2","2","J0;J3","2","J1;J3","2"
"1686","J0:[0,1);J1:[0,2);J2:[1,6);J3:[4,6)","J0;J2","2","J0;J2","2","J0;J2","2","J0;J3","2","J1;J3","2"
"1687","J0:[0,1);J1:[0,2);J2:[1,6);J3:[5,6)","J0;J2","2","J0;J2","2","J0;J2","2","J0;J3","2","J1;J3","2"
"1688","J0:[0,1);J1:[0,2);J2:[2,3);J3:[2,4)","J0;J2","2","J0;J2","2","J0;J2","2","J0;J2","2","J1;J3","2"
"1689","J0:[0,1);J1:[0,2);J2:[2,3);J3:[2,5)","J0;J2","2","J0;J2","2","J0;J2","2","J0;J2","2","J1;J3","2"
"1690","J0:[0,1);J1:[0,2);J2:[2,3);J3:[2,6)","J0;J2","2","J0;J2","2","J0;J2","2","J0;J2","2","J1;J3","2"
"1691","J0:[0,1);J1:[0,2);J2:[2,3);J3:[3,4)","J0;J2;J3","3","J0;J2;J3","3","J0;J2;J3","3","J0;J2;J3","3","J1;J2;J3","3"
"1692","J0:[0,1);J1:[0,2);J2:[2,3);J3:[3,5)","J0;J2;J3","3","J0;J2;J3","3","J0;J2;J3","3","J0;J2;J3","3","J1;J2;J3","3"
"1693","J0:[0,1);J1:[0,2);J2:[2,3);J3:[3,6)","J0;J2;J3","3","J0;J2;J3","3","J0;J2;J3","3","J0;J2;J3","3","J1;J2;J3","3"
"1694","J0:[0,1);J1:[0,2);J2:[2,3);J3:[4,5)","J0;J2;J3","3","J0;J2;J3","3","J0;J2;J3","3","J0;J2;J3","3","J1;J2;J3","3"
"1695","J0:[0,1);J1:[0,2);J2:[2,3);J3:[4,6)","J0;J2;J3","3","J0;J2;J3","3","J0;J2;J3","3","J0;J2;J3","3","J1;J2;J3","3"
"1696","J0:[0,1);J1:[0,2);J2:[2,3);J3:[5,6)","J0;J2;J3","3","J0;J2;J3","3","J0;J2;J3","3","J0;J2;J3","3","J1;J2;J3","3"
"1697","J0:[0,1);J1:[0,2);J2:[2,4);J3:[2,5)","J0;J2","2","J0;J2","2","J0;J2","2","J0;J2","2","J1;J3","2"
"1698","J0:[0,1);J1:[0,2);J2:[2,4);J3:[2,6)","J0;J2","2","J0;J2","2","J0;J2","2","J0;J2","2","J1;J3","2"
"1699","J0:[0,1);J1:[0,2);J2:[2,4);J3:[3,4)","J0;J2","2","J0;J2","2","J0;J2","2","J0;J3","2","J1;J3","2"
"1700","J0:[0,1);J1:[0,2);J2:[2,4);J3:[3,5)","J0;J2","2","J0;J2","2","J0;J2","2","J0;J2","2","J1;J3","2"
"1701","J0:[0,1);J1:[0,2);J2:[2,4);J3:[3,6)","J0;J2","2","J0;J2","2","J0;J2","2","J0;J2","2","J1;J3","2"
"1702","J0:[0,1);J1:[0,2);J2:[2,4);J3:[4,5)","J0;J2;J3","3","J0;J2;J3","3","J0;J2;J3","3","J0;J3;J2","3","J1;J2;J3","3"
"1703","J0:[0,1);J1:[0,2);J2:[2,4);J3:[4,6)","J0;J2;J3","3","J0;J2;J3","3","J0;J2;J3","3","J0;J2;J3","3","J1;J2;J3","3"
"1704","J0:[0,1);J1:[0,2);J2:[2,4);J3:[5,6)","J0;J2;J3","3","J0;J2;J3","3","J0;J2;J3","3","J0;J3;J2","3","J1;J2;J3","3"
"1705","J0:[0,1);J1:[0,2);J2:[2,5);J3:[2,6)","J0;J2","2","J0;J2","2","J0;J2","2","J0;J2","2","J1;J3","2"
"1706","J0:[0,1);J1:[0,2);J2:[2,5);J3:[3,4)","J0;J2","2","J0;J3","2","J0;J2","2","J0;J3","2","J1;J3","2"
"1707","J0:[0,1);J1:[0,2);J2:[2,5);J3:[3,5)","J0;J2","2","J0;J2","2","J0;J2","2","J0;J3","2","J1;J3","2"
"1708","J0:[0,1);J1:[0,2);J2:[2,5);J3:[3,6)","J0;J2","2","J0;J2","2","J0;J2","2","J0;J2","2","J1;J3","2"
"1709","J0:[0,1);J1:[0,2);J2:[2,5);J3:[4,5)","J0;J2","2","J0;J2","2","J0;J2","2","J0;J3","2","J1;J3","2"
"1710","J0:[0,1);J1:[0,2);J2:[2,5);J3:[4,6)","J0;J2","2","J0;J2","2","J0;J2","2","J0;J3","2","J1;J3","2"
"1711","J0:[0,1);J1:[0,2);J2:[2,5);J3:[5,6)","J0;J2;J3","3","J0;J2;J3","3","J0;J2;J3","3","J0;J3;J2","3","J1;J2;J3","3"
"1712","J0:[0,1);J1:[0,2);J2:[2,6);J3:[3,4)","J0;J2","2","J0;J3","2","J0;J2","2","J0;J3","2","J1;J3","2"
"1713","J0:[0,1);J1:[0,2);J2:[2,6);J3:[3,5)","J0;J2","2","J0;J3","2","J0;J2","2","J0;J3","2","J1;J3","2"
"1714","J0:[0,1);J1:[0,2);J2:[2,6);J3:[3,6)","J0;J2","2","J0;J2","2","J0;J2","2","J0;J3","2","J1;J3","2"
"1715","J0:[0,1);J1:[0,2);J2:[2,6);J3:[4,5)","J0;J2","2","J0;J3","2","J0;J2","2","J0;J3","2","J1;J3","2"
"1716","J0:[0,1);J1:[0,2);J2:[2,6);J3:[4,6)","J0;J2","2","J0;J2","2","J0;J2","2","J0;J3","2","J1;J3","2"
"1717","J0:[0,1);J1:[0,2);J2:[2,6);J3:[5,6)","J0;J2","2","J0;J2","2","J0;J2","2","J0;J3","2","J1;J3","2"
"1718","J0:[0,1);J1:[0,2);J2:[3,4);J3:[3,5)","J0;J2","2","J0;J2","2","J0;J2","2","J0;J2","2","J1;J3","2"
"1719","J0:[0,1);J1:[0,2);J2:[3,4);J3:[3,6)","J0;J2","2","J0;J2","2","J0;J2","2","J0;J2","2","J1;J3","2"
"1720","J0:[0,1);J1:[0,2);J2:[3,4);J3:[4,5)","J0;J2;J3","3","J0;J2;J3","3","J0;J2;J3","3","J0;J2;J3","3","J1;J2;J3","3"
"1721","J0:[0,1);J1:[0,2);J2:[3,4);J3:[4,6)","J0;J2;J3","3","J0;J2;J3","3","J0;J2;J3","3","J0;J2;J3","3","J1;J2;J3","3"
"1722","J0:[0,1);J1:[0,2);J2:[3,4);J3:[5,6)","J0;J2;J3","3","J0;J2;J3","3","J0;J2;J3","3","J0;J2;J3","3","J1;J2;J3","3"
"1723","J0:[0,1);J1:[0,2);J2:[3,5);J3:[3,6)","J0;J2","2","J0;J2","2","J0;J2","2","J0;J2","2","J1;J3","2"
"1724","J0:[0,1);J1:[0,2);J2:[3,5);J3:[4,5)","J0;J2","2","J0;J2","2","J0;J2","2","J0;J3","2","J1;J3","2"
"1725","J0:[0,1);J1:[0,2);J2:[3,5);J3:[4,6)","J0;J2","2","J0;J2","2","J0;J2","2","J0;J2","2","J1;J3","2"
"1726","J0:[0,1);J1:[0,2);J2:[3,5);J3:[5,6)","J0;J2;J3","3","J0;J2;J3","3","J0;J2;J3","3","J0;J3;J2","3","J1;J2;J3","3"
"1727","J0:[0,1);J1:[0,2);J2:[3,6);J3:[4,5)","J0;J2","2","J0;J3","2","J0;J2","2","J0;J3","2","J1;J3","2"
"1728","J0:[0,1);J1:[0,2);J2:[3,6);J3:[4,6)","J0;J2","2","J0;J2","2","J0;J2","2","J0;J3","2","J1;J3","2"
"1729","J0:[0,1);J1:[0,2);J2:[3,6);J3:[5,6)","J0;J2","2","J0;J2","2","J0;J2","2","J0;J3","2","J1;J3","2"
"1730","J0:[0,1);J1:[0,2);J2:[4,5);J3:[4,6)","J0;J2","2","J0;J2","2","J0;J2","2","J0;J2","2","J1;J3","2"
"1731","J0:[0,1);J1:[0,2);J2:[4,5);J3:[5,6)","J0;J2;J3","3","J0;J2;J3","3","J0;J2;J3","3","J0;J2;J3","3","J1;J2;J3","3"
"1732","J0:[0,1);J1:[0,2);J2:[4,6);J3:[5,6)","J0;J2","2","J0;J2","2","J0;J2","2","J0;J3","2","J1;J3","2"
"1733","J0:[0,1);J1:[0,3);J2:[0,4);J3:[0,5)","J0","1","J0","1","J0","1","J0","1","J3","1"
"1734","J0:[0,1);J1:[0,3);J2:[0,4);J3:[0,6)","J0","1","J0","1","J0","1","J0","1","J3","1"
"1735","J0:[0,1);J1:[0,3);J2:[0,4);J3:[1,2)","J0;J3","2","J0;J3","2","J0;J3","2","J0;J3","2","J0;J3","2"
"1736","J0:[0,1);J1:[0,3);J2:[0,4);J3:[1,3)","J0;J3","2","J0;J3","2","J0;J3","2","J0;J3","2","J0;J3","2"
"1737","J0:[0,1);J1:[0,3);J2:[0,4);J3:[1,4)","J0;J3","2","J0;J3","2","J0;J3","2","J0;J3","2","J0;J3","2"
"1738","J0:[0,1);J1:[0,3);J2:[0,4);J3:[1,5)","J0;J3","2","J0;J3","2","J0;J3","2","J0;J3","2","J0;J3","2"
"1739","J0:[0,1);J1:[0,3);J2:[0,4);J3:[1,6)","J0;J3","2","J0;J3","2","J0;J3","2","J0;J3","2","J0;J3","2"
"1740","J0:[0,1);J1:[0,3);J2:[0,4);J3:[2,3)","J0;J3","2","J0;J3","2","J0;J3","2","J0;J3","2","J0;J3","2"
"1741","J0:[0,1);J1:[0,3);J2:[0,4);J3:[2,4)","J0;J3","2","J0;J3","2","J0;J3","2","J0;J3","2","J0;J3","2"
"1742","J0:[0,1);J1:[0,3);J2:[0,4);J3:[2,5)","J0;J3","2","J0;J3","2","J0;J3","2","J0;J3","2","J0;J3","2"
"1743","J0:[0,1);J1:[0,3);J2:[0,4);J3:[2,6)","J0;J3","2","J0;J3","2","J0;J3","2","J0;J3","2","J0;J3","2"
"1744","J0:[0,1);J1:[0,3);J2:[0,4);J3:[3,4)","J0;J3","2","J0;J3","2","J0;J3","2","J0;J3","2","J1;J3","2"
"1745","J0:[0,1);J1:[0,3);J2:[0,4);J3:[3,5)","J0;J3","2","J0;J3","2","J0;J3","2","J0;J3","2","J1;J3","2"
"1746","J0:[0,1);J1:[0,3);J2:[0,4);J3:[3,6)","J0;J3","2","J0;J3","2","J0;J3","2","J0;J3","2","J1;J3","2"
"1747","J0:[0,1);J1:[0,3);J2:[0,4);J3:[4,5)","J0;J3","2","J0;J3","2","J0;J3","2","J0;J3","2","J2;J3","2"
"1748","J0:[0,1);J1:[0,3);J2:[0,4);J3:[4,6)","J0;J3","2","J0;J3","2","J0;J3","2","J0;J3","2","J2;J3","2"
"1749","J0:[0,1);J1:[0,3);J2:[0,4);J3:[5,6)","J0;J3","2","J0;J3","2","J0;J3","2","J0;J3","2","J2;J3","2"
"1750","J0:[0,1);J1:[0,3);J2:[0,5);J3:[0,6)","J0","1","J0","1","J0","1","J0","1","J3","1"
"1751","J0:[0,1);J1:[0,3);J2:[0,5);J3:[1,2)","J0;J3","2","J0;J3","2","J0;J3","2","J0;J3","2","J0;J3","2"
"1752","J0:[0,1);J1:[0,3);J2:[0,5);J3:[1,3)","J0;J3","2","J0;J3","2","J0;J3","2","J0;J3","2","J0;J3","2"
"1753","J0:[0,1);J1:[0,3);J2:[0,5);J3:[1,4)","J0;J3","2","J0;J3","2","J0;J3","2","J0;J3","2","J0;J3","2"
"1754","J0:[0,1);J1:[0,3);J2:[0,5);J3:[1,5)","J0;J3","2","J0;J3","2","J0;J3","2","J0;J3","2","J0;J3","2"
"1755","J0:[0,1);J1:[0,3);J2:[0,5);J3:[1,6)","J0;J3","2","J0;J3","2","J0;J3","2","J0;J3","2","J0;J3","2"
"1756","J0:[0,1);J1:[0,3);J2:[0,5);J3:[2,3)","J0;J3","2","J0;J3","2","J0;J3","2","J0;J3","2","J0;J3","2"
"1757","J0:[0,1);J1:[0,3);J2:[0,5);J3:[2,4)","J0;J3","2","J0;J3","2","J0;J3","2","J0;J3","2","J0;J3","2"
"1758","J0:[0,1);J1:[0,3);J2:[0,5);J3:[2,5)","J0;J3","2","J0;J3","2","J0;J3","2","J0;J3","2","J0;J3","2"
"1759","J0:[0,1);J1:[0,3);J2:[0,5);J3:[2,6)","J0;J3","2","J0;J3","2","J0;J3","2","J0;J3","2","J0;J3","2"
"1760","J0:[0,1);J1:[0,3);J2:[0,5);J3:[3,4)","J0;J3","2","J0;J3","2","J0;J3","2","J0;J3","2","J1;J3","2"
"1761","J0:[0,1);J1:[0,3);J2:[0,5);J3:[3,5)","J0;J3","2","J0;J3","2","J0;J3","2","J0;J3","2","J1;J3","2"
"1762","J0:[0,1);J1:[0,3);J2:[0,5);J3:[3,6)","J0;J3","2","J0;J3","2","J0;J3","2","J0;J3","2","J1;J3","2"
"1763","J0:[0,1);J1:[0,3);J2:[0,5);J3:[4,5)","J0;J3","2","J0;J3","2","J0;J3","2","J0;J3","2","J1;J3","2"
"1764","J0:[0,1);J1:[0,3);J2:[0,5);J3:[4,6)","J0;J3","2","J0;J3","2","J0;J3","2","J0;J3","2","J1;J3","2"
"1765","J0:[0,1);J1:[0,3);J2:[0,5);J3:[5,6)","J0;J3","2","J0;J3","2","J0;J3","2","J0;J3","2","J2;J3","2"
"1766","J0:[0,1);J1:[0,3);J2:[0,6);J3:[1,2)","J0;J3","2","J0;J3","2","J0;J3","2","J0;J3","2","J0;J3","2"
"1767","J0:[0,1);J1:[0,3);J2:[0,6);J3:[1,3)","J0;J3","2","J0;J3","2","J0;J3","2","J0;J3","2","J0;J3","2"
"1768","J0:[0,1);J1:[0,3);J2:[0,6);J3:[1,4)","J0;J3","2","J0;J3","2","J0;J3","2","J0;J3","2","J0;J3","2"
"1769","J0:[0,1);J1:[0,3);J2:[0,6);J3:[1,5)","J0;J3","2","J0;J3","2","J0;J3","2","J0;J3","2","J0;J3","2"
"1770","J0:[0,1);J1:[0,3);J2:[0,6);J3:[1,6)","J0;J3","2","J0;J3","2","J0;J3","2","J0;J3","2","J0;J3","2"
"1771","J0:[0,1);J1:[0,3);J2:[0,6);J3:[2,3)","J0;J3","2","J0;J3","2","J0;J3","2","J0;J3","2","J0;J3","2"
"1772","J0:[0,1);J1:[0,3);J2:[0,6);J3:[2,4)","J0;J3","2","J0;J3","2","J0;J3","2","J0;J3","2","J0;J3","2"
"1773","J0:[0,1);J1:[0,3);J2:[0,6);J3:[2,5)","J0;J3","2","J0;J3","2","J0;J3","2","J0;J3","2","J0;J3","2"
"1774","J0:[0,1);J1:[0,3);J2:[0,6);J3:[2,6)","J0;J3","2","J0;J3","2","J0;J3","2","J0;J3","2","J0;J3","2"
"1775","J0:[0,1);J1:[0,3);J2:[0,6);J3:[3,4)","J0;J3","2","J0;J3","2","J0;J3","2","J0;J3","2","J1;J3","2"
"1776","J0:[0,1);J1:[0,3);J2:[0,6);J3:[3,5)","J0;J3","2","J0;J3","2","J0;J3","2","J0;J3","2","J1;J3","2"
"1777","J0:[0,1);J1:[0,3);J2:[0,6);J3:[3,6)","J0;J3","2","J0;J3","2","J0;J3","2","J0;J3","2","J1;J3","2"
"1778","J0:[0,1);J1:[0,3);J2:[0,6);J3:[4,5)","J0;J3","2","J0;J3","2","J0;J3","2","J0;J3","2","J1;J3","2"
"1779","J0:[0,1);J1:[0,3);J2:[0,6);J3:[4,6)","J0;J3","2","J0;J3","2","J0;J3","2","J0;J3","2","J1;J3","2"
"1780","J0:[0,1);J1:[0,3);J2:[0,6);J3:[5,6)","J0;J3","2","J0;J3","2","J0;J3","2","J0;J3","2","J1;J3","2"
"1781","J0:[0,1);J1:[0,3);J2:[1,2);J3:[1,3)","J0;J2","2","J0;J2","2","J0;J2","2","J0;J2","2","J0;J3","2"
"1782","J0:[0,1);J1:[0,3);J2:[1,2);J3:[1,4)","J0;J2","2","J0;J2","2","J0;J2","2","J0;J2","2","J0;J3","2"
"1783","J0:[0,1);J1:[0,3);J2:[1,2);J3:[1,5)","J0;J2","2","J0;J2","2","J0;J2","2","J0;J2","2","J0;J3","2"
"1784","J0:[0,1);J1:[0,3);J2:[1,2);J3:[1,6)","J0;J2","2","J0;J2","2","J0;J2","2","J0;J2","2","J0;J3","2"
"1785","J0:[0,1);J1:[0,3);J2:[1,2);J3:[2,3)","J0;J2;J3","3","J0;J2;J3","3","J0;J2;J3","3","J0;J2;J3","3","J0;J2;J3","3"
"1786","J0:[0,1);J1:[0,3);J2:[1,2);J3:[2,4)","J0;J2;J3","3","J0;J2;J3","3","J0;J2;J3","3","J0;J2;J3","3","J0;J2;J3","3"
"1787","J0:[0,1);J1:[0,3);J2:[1,2);J3:[2,5)","J0;J2;J3","3","J0;J2;J3","3","J0;J2;J3","3","J0;J2;J3","3","J0;J2;J3","3"
"1788","J0:[0,1);J1:[0,3);J2:[1,2);J3:[2,6)","J0;J2;J3","3","J0;J2;J3","3","J0;J2;J3","3","J0;J2;J3","3","J0;J2;J3","3"
"1789","J0:[0,1);J1:[0,3);J2:[1,2);J3:[3,4)","J0;J2;J3","3","J0;J2;J3","3","J0;J2;J3","3","J0;J2;J3","3","J0;J2;J3","3"
"1790","J0:[0,1);J1:[0,3);J2:[1,2);J3:[3,5)","J0;J2;J3","3","J0;J2;J3","3","J0;J2;J3","3","J0;J2;J3","3","J0;J2;J3","3"
"1791","J0:[0,1);J1:[0,3);J2:[1,2);J3:[3,6)","J0;J2;J3","3","J0;J2;J3","3","J0;J2;J3","3","J0;J2;J3","3","J0;J2;J3","3"
"1792","J0:[0,1);J1:[0,3);J2:[1,2);J3:[4,5)","J0;J2;J3","3","J0;J2;J3","3","J0;J2;J3","3","J0;J2;J3","3","J0;J2;J3","3"
"1793","J0:[0,1);J1:[0,3);J2:[1,2);J3:[4,6)","J0;J2;J3","3","J0;J2;J3","3","J0;J2;J3","3","J0;J2;J3","3","J0;J2;J3","3"
"1794","J0:[0,1);J1:[0,3);J2:[1,2);J3:[5,6)","J0;J2;J3","3","J0;J2;J3","3","J0;J2;J3","3","J0;J2;J3","3","J0;J2;J3","3"
"1795","J0:[0,1);J1:[0,3);J2:[1,3);J3:[1,4)","J0;J2","2","J0;J2","2","J0;J2","2","J0;J2","2","J0;J3","2"
"1796","J0:[0,1);J1:[0,3);J2:[1,3);J3:[1,5)","J0;J2","2","J0;J2","2","J0;J2","2","J0;J2","2","J0;J3","2"
"1797","J0:[0,1);J1:[0,3);J2:[1,3);J3:[1,6)","J0;J2","2","J0;J2","2","J0;J2","2","J0;J2","2","J0;J3","2"
"1798","J0:[0,1);J1:[0,3);J2:[1,3);J3:[2,3)","J0;J2","2","J0;J2","2","J0;J2","2","J0;J3","2","J0;J3","2"
"1799","J0:[0,1);J1:[0,3);J2:[1,3);J3:[2,4)","J0;J2","2","J0;J2","2","J0;J2","2","J0;J2","2","J0;J3","2"
"1800","J0:[0,1);J1:[0,3);J2:[1,3);J3:[2,5)","J0;J2","2","J0;J2","2","J0;J2","2","J0;J2","2","J0;J3","2"
"1801","J0:[0,1);J1:[0,3);J2:[1,3);J3:[2,6)","J0;J2","2","J0;J2","2","J0;J2","2","J0;J2","2","J0;J3","2"
"1802","J0:[0,1);J1:[0,3);J2:[1,3);J3:[3,4)","J0;J2;J3","3","J0;J2;J3","3","J0;J2;J3","3","J0;J3;J2","3","J0;J2;J3","3"
"1803","J0:[0,1);J1:[0,3);J2:[1,3);J3:[3,5)","J0;J2;J3","3","J0;J2;J3","3","J0;J2;J3","3","J0;J2;J3","3","J0;J2;J3","3"
"1804","J0:[0,1);J1:[0,3);J2:[1,3);J3:[3,6)","J0;J2;J3","3","J0;J2;J3","3","J0;J2;J3","3","J0;J2;J3","3","J0;J2;J3","3"
"1805","J0:[0,1);J1:[0,3);J2:[1,3);J3:[4,5)","J0;J2;J3","3","J0;J2;J3","3","J0;J2;J3","3","J0;J3;J2","3","J0;J2;J3","3"
"1806","J0:[0,1);J1:[0,3);J2:[1,3);J3:[4,6)","J0;J2;J3","3","J0;J2;J3","3","J0;J2;J3","3","J0;J2;J3","3","J0;J2;J3","3"
"1807","J0:[0,1);J1:[0,3);J2:[1,3);J3:[5,6)","J0;J2;J3","3","J0;J2;J3","3","J0;J2;J3","3","J0;J3;J2","3","J0;J2;J3","3"
"1808","J0:[0,1);J1:[0,3);J2:[1,4);J3:[1,5)","J0;J2","2","J0;J2","2","J0;J2","2","J0;J2","2","J0;J3","2"
"1809","J0:[0,1);J1:[0,3);J2:[1,4);J3:[1,6)","J0;J2","2","J0;J2","2","J0;J2","2","J0;J2","2","J0;J3","2"
"1810","J0:[0,1);J1:[0,3);J2:[1,4);J3:[2,3)","J0;J2","2","J0;J3","2","J0;J2","2","J0;J3","2","J0;J3","2"
"1811","J0:[0,1);J1:[0,3);J2:[1,4);J3:[2,4)","J0;J2","2","J0;J2","2","J0;J2","2","J0;J3","2","J0;J3","2"
"1812","J0:[0,1);J1:[0,3);J2:[1,4);J3:[2,5)","J0;J2","2","J0;J2","2","J0;J2","2","J0;J2","2","J0;J3","2"
"1813","J0:[0,1);J1:[0,3);J2:[1,4);J3:[2,6)","J0;J2","2","J0;J2","2","J0;J2","2","J0;J2","2","J0;J3","2"
"1814","J0:[0,1);J1:[0,3);J2:[1,4);J3:[3,4)","J0;J2","2","J0;J2","2","J0;J2","2","J0;J3","2","J1;J3","2"
"1815","J0:[0,1);J1:[0,3);J2:[1,4);J3:[3,5)","J0;J2","2","J0;J2","2","J0;J2","2","J0;J3","2","J1;J3","2"
"1816","J0:[0,1);J1:[0,3);J2:[1,4);J3:[3,6)","J0;J2","2","J0;J2","2","J0;J2","2","J0;J2","2","J1;J3","2"
"1817","J0:[0,1);J1:[0,3);J2:[1,4);J3:[4,5)","J0;J2;J3","3","J0;J2;J3","3","J0;J2;J3","3","J0;J3;J2","3","J0;J2;J3","3"
"1818","J0:[0,1);J1:[0,3);J2:[1,4);J3:[4,6)","J0;J2;J3","3","J0;J2;J3","3","J0;J2;J3","3","J0;J3;J2","3","J0;J2;J3","3"
"1819","J0:[0,1);J1:[0,3);J2:[1,4);J3:[5,6)","J0;J2;J3","3","J0;J2;J3","3","J0;J2;J3","3","J0;J3;J2","3","J0;J2;J3","3"
"1820","J0:[0,1);J1:[0,3);J2:[1,5);J3:[1,6)","J0;J2","2","J0;J2","2","J0;J2","2","J0;J2","2","J0;J3","2"
"1821","J0:[0,1);J1:[0,3);J2:[1,5);J3:[2,3)","J0;J2","2","J0;J3","2","J0;J2","2","J0;J3","2","J0;J3","2"
"1822","J0:[0,1);J1:[0,3);J2:[1,5);J3:[2,4)","J0;J2","2","J0;J3","2","J0;J2","2","J0;J3","2","J0;J3","2"
"1823","J0:[0,1);J1:[0,3);J2:[1,5);J3:[2,5)","J0;J2","2","J0;J2","2","J0;J2","2","J0;J3","2","J0;J3","2"
"1824","J0:[0,1);J1:[0,3);J2:[1,5);J3:[2,6)","J0;J2","2","J0;J2","2","J0;J2","2","J0;J2","2","J0;J3","2"
"1825","J0:[0,1);J1:[0,3);J2:[1,5);J3:[3,4)","J0;J2","2","J0;J3","2","J0;J2","2","J0;J3","2","J1;J3","2"
"1826","J0:[0,1);J1:[0,3);J2:[1,5);J3:[3,5)","J0;J2","2","J0;J2","2","J0;J2","2","J0;J3","2","J1;J3","2"
"1827","J0:[0,1);J1:[0,3);J2:[1,5);J3:[3,6)","J0;J2","2","J0;J2","2","J0;J2","2","J0;J3","2","J1;J3","2"
"1828","J0:[0,1);J1:[0,3);J2:[1,5);J3:[4,5)","J0;J2","2","J0;J2","2","J0;J2","2","J0;J3","2","J1;J3","2"
"1829","J0:[0,1);J1:[0,3);J2:[1,5);J3:[4,6)","J0;J2","2","J0;J2","2","J0;J2","2","J0;J3","2","J1;J3","2"
"1830","J0:[0,1);J1:[0,3);J2:[1,5);J3:[5,6)","J0;J2;J3","3","J0;J2;J3","3","J0;J2;J3","3","J0;J3;J2","3","J0;J2;J3","3"
"1831","J0:[0,1);J1:[0,3);J2:[1,6);J3:[2,3)","J0;J2","2","J0;J3","2","J0;J2","2","J0;J3","2","J0;J3","2"
"1832","J0:[0,1);J1:[0,3);J2:[1,6);J3:[2,4)","J0;J2","2","J0;J3","2","J0;J2","2","J0;J3","2","J0;J3","2"
"1833","J0:[0,1);J1:[0,3);J2:[1,6);J3:[2,5)","J0;J2","2","J0;J3","2","J0;J2","2","J0;J3","2","J0;J3","2"
"1834","J0:[0,1);J1:[0,3);J2:[1,6);J3:[2,6)","J0;J2","2","J0;J2","2","J0;J2","2","J0;J3","2","J0;J3","2"
"1835","J0:[0,1);J1:[0,3);J2:[1,6);J3:[3,4)","J0;J2","2","J0;J3","2","J0;J2","2","J0;J3","2","J1;J3","2"
"1836","J0:[0,1);J1:[0,3);J2:[1,6);J3:[3,5)","J0;J2","2","J0;J3","2","J0;J2","2","J0;J3","2","J1;J3","2"
"1837","J0:[0,1);J1:[0,3);J2:[1,6);J3:[3,6)","J0;J2","2","J0;J2","2","J0;J2","2","J0;J3","2","J1;J3","2"
"1838","J0:[0,1);J1:[0,3);J2:[1,6);J3:[4,5)","J0;J2","2","J0;J3","2","J0;J2","2","J0;J3","2","J1;J3","2"
"1839","J0:[0,1);J1:[0,3);J2:[1,6);J3:[4,6)","J0;J2","2","J0;J2","2","J0;J2","2","J0;J3","2","J1;J3","2"
"1840","J0:[0,1);J1:[0,3);J2:[1,6);J3:[5,6)","J0;J2","2","J0;J2","2","J0;J2","2","J0;J3","2","J1;J3","2"
"1841","J0:[0,1);J1:[0,3);J2:[2,3);J3:[2,4)","J0;J2","2","J0;J2","2","J0;J2","2","J0;J2","2","J0;J3","2"
"1842","J0:[0,1);J1:[0,3);J2:[2,3);J3:[2,5)","J0;J2","2","J0;J2","2","J0;J2","2","J0;J2","2","J0;J3","2"
"1843","J0:[0,1);J1:[0,3);J2:[2,3);J3:[2,6)","J0;J2","2","J0;J2","2","J0;J2","2","J0;J2","2","J0;J3","2"
"1844","J0:[0,1);J1:[0,3);J2:[2,3);J3:[3,4)","J0;J2;J3","3","J0;J2;J3","3","J0;J2;J3","3","J0;J2;J3","3","J0;J2;J3","3"
"1845","J0:[0,1);J1:[0,3);J2:[2,3);J3:[3,5)","J0;J2;J3","3","J0;J2;J3","3","J0;J2;J3","3","J0;J2;J3","3","J0;J2;J3","3"
"1846","J0:[0,1);J1:[0,3);J2:[2,3);J3:[3,6)","J0;J2;J3","3","J0;J2;J3","3","J0;J2;J3","3","J0;J2;J3","3","J0;J2;J3","3"
"1847","J0:[0,1);J1:[0,3);J2:[2,3);J3:[4,5)","J0;J2;J3","3","J0;J2;J3","3","J0;J2;J3","3","J0;J2;J3","3","J0;J2;J3","3"
"1848","J0:[0,1);J1:[0,3);J2:[2,3);J3:[4,6)","J0;J2;J3","3","J0;J2;J3","3","J0;J2;J3","3","J0;J2;J3","3","J0;J2;J3","3"
"1849","J0:[0,1);J1:[0,3);J2:[2,3);J3:[5,6)","J0;J2;J3","3","J0;J2;J3","3","J0;J2;J3","3","J0;J2;J3","3","J0;J2;J3","3"
"1850","J0:[0,1);J1:[0,3);J2:[2,4);J3:[2,5)","J0;J2","2","J0;J2","2","J0;J2","2","J0;J2","2","J0;J3","2"
"1851","J0:[0,1);J1:[0,3);J2:[2,4);J3:[2,6)","J0;J2","2","J0;J2","2","J0;J2","2","J0;J2","2","J0;J3","2"
"1852","J0:[0,1);J1:[0,3);J2:[2,4);J3:[3,4)","J0;J2","2","J0;J2","2","J0;J2","2","J0;J3","2","J1;J3","2"
"1853","J0:[0,1);J1:[0,3);J2:[2,4);J3:[3,5)","J0;J2","2","J0;J2","2","J0;J2","2","J0;J2","2","J1;J3","2"
"1854","J0:[0,1);J1:[0,3);J2:[2,4);J3:[3,6)","J0;J2","2","J0;J2","2","J0;J2","2","J0;J2","2","J1;J3","2"
"1855","J0:[0,1);J1:[0,3);J2:[2,4);J3:[4,5)","J0;J2;J3","3","J0;J2;J3","3","J0;J2;J3","3","J0;J3;J2","3","J0;J2;J3","3"
"1856","J0:[0,1);J1:[0,3);J2:[2,4);J3:[4,6)","J0;J2;J3","3","J0;J2;J3","3","J0;J2;J3","3","J0;J2;J3","3","J0;J2;J3","3"
"1857","J0:[0,1);J1:[0,3);J2:[2,4);J3:[5,6)","J0;J2;J3","3","J0;J2;J3","3","J0;J2;J3","3","J0;J3;J2","3","J0;J2;J3","3"
"1858","J0:[0,1);J1:[0,3);J2:[2,5);J3:[2,6)","J0;J2","2","J0;J2","2","J0;J2","2","J0;J2","2","J0;J3","2"
"1859","J0:[0,1);J1:[0,3);J2:[2,5);J3:[3,4)","J0;J2","2","J0;J3","2","J0;J2","2","J0;J3","2","J1;J3","2"
"1860","J0:[0,1);J1:[0,3);J2:[2,5);J3:[3,5)","J0;J2","2","J0;J2","2","J0;J2","2","J0;J3","2","J1;J3","2"
"1861","J0:[0,1);J1:[0,3);J2:[2,5);J3:[3,6)","J0;J2","2","J0;J2","2","J0;J2","2","J0;J2","2","J1;J3","2"
"1862","J0:[0,1);J1:[0,3);J2:[2,5);J3:[4,5)","J0;J2","2","J0;J2","2","J0;J2","2","J0;J3","2","J1;J3","2"
"1863","J0:[0,1);J1:[0,3);J2:[2,5);J3:[4,6)","J0;J2","2","J0;J2","2","J0;J2","2","J0;J3","2","J1;J3","2"
"1864","J0:[0,1);J1:[0,3);J2:[2,5);J3:[5,6)","J0;J2;J3","3","J0;J2;J3","3","J0;J2;J3","3","J0;J3;J2","3","J0;J2;J3","3"
"1865","J0:[0,1);J1:[0,3);J2:[2,6);J3:[3,4)","J0;J2","2","J0;J3","2","J0;J2","2","J0;J3","2","J1;J3","2"
"1866","J0:[0,1);J1:[0,3);J2:[2,6);J3:[3,5)","J0;J2","2","J0;J3","2","J0;J2","2","J0;J3","2","J1;J3","2"
"1867","J0:[0,1);J1:[0,3);J2:[2,6);J3:[3,6)","J0;J2","2","J0;J2","2","J0;J2","2","J0;J3","2","J1;J3","2"
"1868","J0:[0,1);J1:[0,3);J2:[2,6);J3:[4,5)","J0;J2","2","J0;J3","2","J0;J2","2","J0;J3","2","J1;J3","2"
"1869","J0:[0,1);J1:[0,3);J2:[2,6);J3:[4,6)","J0;J2","2","J0;J2","2","J0;J2","2","J0;J3","2","J1;J3","2"
"1870","J0:[0,1);J1:[0,3);J2:[2,6);J3:[5,6)","J0;J2","2","J0;J2","2","J0;J2","2","J0;J3","2","J1;J3","2"
"1871","J0:[0,1);J1:[0,3);J2:[3,4);J3:[3,5)","J0;J2","2","J0;J2","2","J0;J2","2","J0;J2","2","J1;J3","2"
"1872","J0:[0,1);J1:[0,3);J2:[3,4);J3:[3,6)","J0;J2","2","J0;J2","2","J0;J2","2","J0;J2","2","J1;J3","2"
"1873","J0:[0,1);J1:[0,3);J2:[3,4);J3:[4,5)","J0;J2;J3","3","J0;J2;J3","3","J0;J2;J3","3","J0;J2;J3","3","J1;J2;J3","3"
"1874","J0:[0,1);J1:[0,3);J2:[3,4);J3:[4,6)","J0;J2;J3","3","J0;J2;J3","3","J0;J2;J3","3","J0;J2;J3","3","J1;J2;J3","3"
"1875","J0:[0,1);J1:[0,3);J2:[3,4);J3:[5,6)","J0;J2;J3","3","J0;J2;J3","3","J0;J2;J3","3","J0;J2;J3","3","J1;J2;J3","3"
"1876","J0:[0,1);J1:[0,3);J2:[3,5);J3:[3,6)","J0;J2","2","J0;J2","2","J0;J2","2","J0;J2","2","J1;J3","2"
"1877","J0:[0,1);J1:[0,3);J2:[3,5);J3:[4,5)","J0;J2","2","J0;J2","2","J0;J2","2","J0;J3","2","J1;J3","2"
"1878","J0:[0,1);J1:[0,3);J2:[3,5);J3:[4,6)","J0;J2","2","J0;J2","2","J0;J2","2","J0;J2","2","J1;J3","2"
"1879","J0:[0,1);J1:[0,3);J2:[3,5);J3:[5,6)","J0;J2;J3","3","J0;J2;J3","3","J0;J2;J3","3","J0;J3;J2","3","J1;J2;J3","3"
"1880","J0:[0,1);J1:[0,3);J2:[3,6);J3:[4,5)","J0;J2","2","J0;J3","2","J0;J2","2","J0;J3","2","J1;J3","2"
"1881","J0:[0,1);J1:[0,3);J2:[3,6);J3:[4,6)","J0;J2","2","J0;J2","2","J0;J2","2","J0;J3","2","J1;J3","2"
"1882","J0:[0,1);J1:[0,3);J2:[3,6);J3:[5,6)","J0;J2","2","J0;J2","2","J0;J2","2","J0;J3","2","J1;J3","2"
"1883","J0:[0,1);J1:[0,3);J2:[4,5);J3:[4,6)","J0;J2","2","J0;J2","2","J0;J2","2","J0;J2","2","J1;J3","2"
"1884","J0:[0,1);J1:[0,3);J2:[4,5);J3:[5,6)","J0;J2;J3","3","J0;J2;J3","3","J0;J2;J3","3","J0;J2;J3","3","J1;J2;J3","3"
"1885","J0:[0,1);J1:[0,3);J2:[4,6);J3:[5,6)","J0;J2","2","J0;J2","2","J0;J2","2","J0;J3","2","J1;J3","2"
"1886","J0:[0,1);J1:[0,4);J2:[0,5);J3:[0,6)","J0","1","J0","1","J0","1","J0","1","J3","1"
"1887","J0:[0,1);J1:[0,4);J2:[0,5);J3:[1,2)","J0;J3","2","J0;J3","2","J0;J3","2","J0;J3","2","J0;J3","2"
"1888","J0:[0,1);J1:[0,4);J2:[0,5);J3:[1,3)","J0;J3","2","J0;J3","2","J0;J3","2","J0;J3","2","J0;J3","2"
"1889","J0:[0,1);J1:[0,4);J2:[0,5);J3:[1,4)","J0;J3","2","J0;J3","2","J0;J3","2","J0;J3","2","J0;J3","2"
"1890","J0:[0,1);J1:[0,4);J2:[0,5);J3:[1,5)","J0;J3","2","J0;J3","2","J0;J3","2","J0;J3","2","J0;J3","2"
"1891","J0:[0,1);J1:[0,4);J2:[0,5);J3:[1,6)","J0;J3","2","J0;J3","2","J0;J3","2","J0;J3","2","J0;J3","2"
"1892","J0:[0,1);J1:[0,4);J2:[0,5);J3:[2,3)","J0;J3","2","J0;J3","2","J0;J3","2","J0;J3","2","J0;J3","2"
"1893","J0:[0,1);J1:[0,4);J2:[0,5);J3:[2,4)","J0;J3","2","J0;J3","2","J0;J3","2","J0;J3","2","J0;J3","2"
"1894","J0:[0,1);J1:[0,4);J2:[0,5);J3:[2,5)","J0;J3","2","J0;J3","2","J0;J3","2","J0;J3","2","J0;J3","2"
"1895","J0:[0,1);J1:[0,4);J2:[0,5);J3:[2,6)","J0;J3","2","J0;J3","2","J0;J3","2","J0;J3","2","J0;J3","2"
"1896","J0:[0,1);J1:[0,4);J2:[0,5);J3:[3,4)","J0;J3","2","J0;J3","2","J0;J3","2","J0;J3","2","J0;J3","2"
"1897","J0:[0,1);J1:[0,4);J2:[0,5);J3:[3,5)","J0;J3","2","J0;J3","2","J0;J3","2","J0;J3","2","J0;J3","2"
"1898","J0:[0,1);J1:[0,4);J2:[0,5);J3:[3,6)","J0;J3","2","J0;J3","2","J0;J3","2","J0;J3","2","J0;J3","2"
"1899","J0:[0,1);J1:[0,4);J2:[0,5);J3:[4,5)","J0;J3","2","J0;J3","2","J0;J3","2","J0;J3","2","J1;J3","2"
"1900","J0:[0,1);J1:[0,4);J2:[0,5);J3:[4,6)","J0;J3","2","J0;J3","2","J0;J3","2","J0;J3","2","J1;J3","2"
"1901","J0:[0,1);J1:[0,4);J2:[0,5);J3:[5,6)","J0;J3","2","J0;J3","2","J0;J3","2","J0;J3","2","J2;J3","2"
"1902","J0:[0,1);J1:[0,4);J2:[0,6);J3:[1,2)","J0;J3","2","J0;J3","2","J0;J3","2","J0;J3","2","J0;J3","2"
"1903","J0:[0,1);J1:[0,4);J2:[0,6);J3:[1,3)","J0;J3","2","J0;J3","2","J0;J3","2","J0;J3","2","J0;J3","2"
"1904","J0:[0,1);J1:[0,4);J2:[0,6);J3:[1,4)","J0;J3","2","J0;J3","2","J0;J3","2","J0;J3","2","J0;J3","2"
"1905","J0:[0,1);J1:[0,4);J2:[0,6);J3:[1,5)","J0;J3","2","J0;J3","2","J0;J3","2","J0;J3","2","J0;J3","2"
"1906","J0:[0,1);J1:[0,4);J2:[0,6);J3:[1,6)","J0;J3","2","J0;J3","2","J0;J3","2","J0;J3","2","J0;J3","2"
"1907","J0:[0,1);J1:[0,4);J2:[0,6);J3:[2,3)","J0;J3","2","J0;J3","2","J0;J3","2","J0;J3","2","J0;J3","2"
"1908","J0:[0,1);J1:[0,4);J2:[0,6);J3:[2,4)","J0;J3","2","J0;J3","2","J0;J3","2","J0;J3","2","J0;J3","2"
"1909","J0:[0,1);J1:[0,4);J2:[0,6);J3:[2,5)","J0;J3","2","J0;J3","2","J0;J3","2","J0;J3","2","J0;J3","2"
"1910","J0:[0,1);J1:[0,4);J2:[0,6);J3:[2,6)","J0;J3","2","J0;J3","2","J0;J3","2","J0;J3","2","J0;J3","2"
"1911","J0:[0,1);J1:[0,4);J2:[0,6);J3:[3,4)","J0;J3","2","J0;J3","2","J0;J3","2","J0;J3","2","J0;J3","2"
"1912","J0:[0,1);J1:[0,4);J2:[0,6);J3:[3,5)","J0;J3","2","J0;J3","2","J0;J3","2","J0;J3","2","J0;J3","2"
"1913","J0:[0,1);J1:[0,4);J2:[0,6);J3:[3,6)","J0;J3","2","J0;J3","2","J0;J3","2","J0;J3","2","J0;J3","2"
"1914","J0:[0,1);J1:[0,4);J2:[0,6);J3:[4,5)","J0;J3","2","J0;J3","2","J0;J3","2","J0;J3","2","J1;J3","2"
"1915","J0:[0,1);J1:[0,4);J2:[0,6);J3:[4,6)","J0;J3","2","J0;J3","2","J0;J3","2","J0;J3","2","J1;J3","2"
"1916","J0:[0,1);J1:[0,4);J2:[0,6);J3:[5,6)","J0;J3","2","J0;J3","2","J0;J3","2","J0;J3","2","J1;J3","2"
"1917","J0:[0,1);J1:[0,4);J2:[1,2);J3:[1,3)","J0;J2","2","J0;J2","2","J0;J2","2","J0;J2","2","J0;J3","2"
"1918","J0:[0,1);J1:[0,4);J2:[1,2);J3:[1,4)","J0;J2","2","J0;J2","2","J0;J2","2","J0;J2","2","J0;J3","2"
"1919","J0:[0,1);J1:[0,4);J2:[1,2);J3:[1,5)","J0;J2","2","J0;J2","2","J0;J2","2","J0;J2","2","J0;J3","2"
"1920","J0:[0,1);J1:[0,4);J2:[1,2);J3:[1,6)","J0;J2","2","J0;J2","2","J0;J2","2","J0;J2","2","J0;J3","2"
"1921","J0:[0,1);J1:[0,4);J2:[1,2);J3:[2,3)","J0;J2;J3","3","J0;J2;J3","3","J0;J2;J3","3","J0;J2;J3","3","J0;J2;J3","3"
"1922","J0:[0,1);J1:[0,4);J2:[1,2);J3:[2,4)","J0;J2;J3","3","J0;J2;J3","3","J0;J2;J3","3","J0;J2;J3","3","J0;J2;J3","3"
"1923","J0:[0,1);J1:[0,4);J2:[1,2);J3:[2,5)","J0;J2;J3","3","J0;J2;J3","3","J0;J2;J3","3","J0;J2;J3","3","J0;J2;J3","3"
"1924","J0:[0,1);J1:[0,4);J2:[1,2);J3:[2,6)","J0;J2;J3","3","J0;J2;J3","3","J0;J2;J3","3","J0;J2;J3","3","J0;J2;J3","3"
"1925","J0:[0,1);J1:[0,4);J2:[1,2);J3:[3,4)","J0;J2;J3","3","J0;J2;J3","3","J0;J2;J3","3","J0;J2;J3","3","J0;J2;J3","3"
"1926","J0:[0,1);J1:[0,4);J2:[1,2);J3:[3,5)","J0;J2;J3","3","J0;J2;J3","3","J0;J2;J3","3","J0;J2;J3","3","J0;J2;J3","3"
"1927","J0:[0,1);J1:[0,4);J2:[1,2);J3:[3,6)","J0;J2;J3","3","J0;J2;J3","3","J0;J2;J3","3","J0;J2;J3","3","J0;J2;J3","3"
"1928","J0:[0,1);J1:[0,4);J2:[1,2);J3:[4,5)","J0;J2;J3","3","J0;J2;J3","3","J0;J2;J3","3","J0;J2;J3","3","J0;J2;J3","3"
"1929","J0:[0,1);J1:[0,4);J2:[1,2);J3:[4,6)","J0;J2;J3","3","J0;J2;J3","3","J0;J2;J3","3","J0;J2;J3","3","J0;J2;J3","3"
"1930","J0:[0,1);J1:[0,4);J2:[1,2);J3:[5,6)","J0;J2;J3","3","J0;J2;J3","3","J0;J2;J3","3","J0;J2;J3","3","J0;J2;J3","3"
"1931","J0:[0,1);J1:[0,4);J2:[1,3);J3:[1,4)","J0;J2","2","J0;J2","2","J0;J2","2","J0;J2","2","J0;J3","2"
"1932","J0:[0,1);J1:[0,4);J2:[1,3);J3:[1,5)","J0;J2","2","J0;J2","2","J0;J2","2","J0;J2","2","J0;J3","2"
"1933","J0:[0,1);J1:[0,4);J2:[1,3);J3:[1,6)","J0;J2","2","J0;J2","2","J0;J2","2","J0;J2","2","J0;J3","2"
"1934","J0:[0,1);J1:[0,4);J2:[1,3);J3:[2,3)","J0;J2","2","J0;J2","2","J0;J2","2","J0;J3","2","J0;J3","2"
"1935","J0:[0,1);J1:[0,4);J2:[1,3);J3:[2,4)","J0;J2","2","J0;J2","2","J0;J2","2","J0;J2","2","J0;J3","2"
"1936","J0:[0,1);J1:[0,4);J2:[1,3);J3:[2,5)","J0;J2","2","J0;J2","2","J0;J2","2","J0;J2","2","J0;J3","2"
"1937","J0:[0,1);J1:[0,4);J2:[1,3);J3:[2,6)","J0;J2","2","J0;J2","2","J0;J2","2","J0;J2","2","J0;J3","2"
"1938","J0:[0,1);J1:[0,4);J2:[1,3);J3:[3,4)","J0;J2;J3","3","J0;J2;J3","3","J0;J2;J3","3","J0;J3;J2","3","J0;J2;J3","3"
"1939","J0:[0,1);J1:[0,4);J2:[1,3);J3:[3,5)","J0;J2;J3","3","J0;J2;J3","3","J0;J2;J3","3","J0;J2;J3","3","J0;J2;J3","3"
"1940","J0:[0,1);J1:[0,4);J2:[1,3);J3:[3,6)","J0;J2;J3","3","J0;J2;J3","3","J0;J2;J3","3","J0;J2;J3","3","J0;J2;J3","3"
"1941","J0:[0,1);J1:[0,4);J2:[1,3);J3:[4,5)","J0;J2;J3","3","J0;J2;J3","3","J0;J2;J3","3","J0;J3;J2","3","J0;J2;J3","3"
"1942","J0:[0,1);J1:[0,4);J2:[1,3);J3:[4,6)","J0;J2;J3","3","J0;J2;J3","3","J0;J2;J3","3","J0;J2;J3","3","J0;J2;J3","3"
"1943","J0:[0,1);J1:[0,4);J2:[1,3);J3:[5,6)","J0;J2;J3","3","J0;J2;J3","3","J0;J2;J3","3","J0;J3;J2","3","J0;J2;J3","3"
"1944","J0:[0,1);J1:[0,4);J2:[1,4);J3:[1,5)","J0;J2","2","J0;J2","2","J0;J2","2","J0;J2","2","J0;J3","2"
"1945","J0:[0,1);J1:[0,4);J2:[1,4);J3:[1,6)","J0;J2","2","J0;J2","2","J0;J2","2","J0;J2","2","J0;J3","2"
"1946","J0:[0,1);J1:[0,4);J2:[1,4);J3:[2,3)","J0;J2","2","J0;J3","2","J0;J2","2","J0;J3","2","J0;J3","2"
"1947","J0:[0,1);J1:[0,4);J2:[1,4);J3:[2,4)","J0;J2","2","J0;J2","2","J0;J2","2","J0;J3","2","J0;J3","2"
"1948","J0:[0,1);J1:[0,4);J2:[1,4);J3:[2,5)","J0;J2","2","J0;J2","2","J0;J2","2","J0;J2","2","J0;J3","2"
"1949","J0:[0,1);J1:[0,4);J2:[1,4);J3:[2,6)","J0;J2","2","J0;J2","2","J0;J2","2","J0;J2","2","J0;J3","2"
"1950","J0:[0,1);J1:[0,4);J2:[1,4);J3:[3,4)","J0;J2","2","J0;J2","2","J0;J2","2","J0;J3","2","J0;J3","2"
"1951","J0:[0,1);J1:[0,4);J2:[1,4);J3:[3,5)","J0;J2","2","J0;J2","2","J0;J2","2","J0;J3","2","J0;J3","2"
"1952","J0:[0,1);J1:[0,4);J2:[1,4);J3:[3,6)","J0;J2","2","J0;J2","2","J0;J2","2","J0;J2","2","J0;J3","2"
"1953","J0:[0,1);J1:[0,4);J2:[1,4);J3:[4,5)","J0;J2;J3","3","J0;J2;J3","3","J0;J2;J3","3","J0;J3;J2","3","J0;J2;J3","3"
"1954","J0:[0,1);J1:[0,4);J2:[1,4);J3:[4,6)","J0;J2;J3","3","J0;J2;J3","3","J0;J2;J3","3","J0;J3;J2","3","J0;J2;J3","3"
"1955","J0:[0,1);J1:[0,4);J2:[1,4);J3:[5,6)","J0;J2;J3","3","J0;J2;J3","3","J0;J2;J3","3","J0;J3;J2","3","J0;J2;J3","3"
"1956","J0:[0,1);J1:[0,4);J2:[1,5);J3:[1,6)","J0;J2","2","J0;J2","2","J0;J2","2","J0;J2","2","J0;J3","2"
"1957","J0:[0,1);J1:[0,4);J2:[1,5);J3:[2,3)","J0;J2","2","J0;J3","2","J0;J2","2","J0;J3","2","J0;J3","2"
"1958","J0:[0,1);J1:[0,4);J2:[1,5);J3:[2,4)","J0;J2","2","J0;J3","2","J0;J2","2","J0;J3","2","J0;J3","2"
"1959","J0:[0,1);J1:[0,4);J2:[1,5);J3:[2,5)","J0;J2","2","J0;J2","2","J0;J2","2","J0;J3","2","J0;J3","2"
"1960","J0:[0,1);J1:[0,4);J2:[1,5);J3:[2,6)","J0;J2","2","J0;J2","2","J0;J2","2","J0;J2","2","J0;J3","2"
"1961","J0:[0,1);J1:[0,4);J2:[1,5);J3:[3,4)","J0;J2","2","J0;J3","2","J0;J2","2","J0;J3","2","J0;J3","2"
"1962","J0:[0,1);J1:[0,4);J2:[1,5);J3:[3,5)","J0;J2","2","J0;J2","2","J0;J2","2","J0;J3","2","J0;J3","2"
"1963","J0:[0,1);J1:[0,4);J2:[1,5);J3:[3,6)","J0;J2","2","J0;J2","2","J0;J2","2","J0;J3","2","J0;J3","2"
"1964","J0:[0,1);J1:[0,4);J2:[1,5);J3:[4,5)","J0;J2","2","J0;J2","2","J0;J2","2","J0;J3","2","J1;J3","2"
"1965","J0:[0,1);J1:[0,4);J2:[1,5);J3:[4,6)","J0;J2","2","J0;J2","2","J0;J2","2","J0;J3","2","J1;J3","2"
"1966","J0:[0,1);J1:[0,4);J2:[1,5);J3:[5,6)","J0;J2;J3","3","J0;J2;J3","3","J0;J2;J3","3","J0;J3;J2","3","J0;J2;J3","3"
"1967","J0:[0,1);J1:[0,4);J2:[1,6);J3:[2,3)","J0;J2","2","J0;J3","2","J0;J2","2","J0;J3","2","J0;J3","2"
"1968","J0:[0,1);J1:[0,4);J2:[1,6);J3:[2,4)","J0;J2","2","J0;J3","2","J0;J2","2","J0;J3","2","J0;J3","2"
"1969","J0:[0,1);J1:[0,4);J2:[1,6);J3:[2,5)","J0;J2","2","J0;J3","2","J0;J2","2","J0;J3","2","J0;J3","2"
"1970","J0:[0,1);J1:[0,4);J2:[1,6);J3:[2,6)","J0;J2","2","J0;J2","2","J0;J2","2","J0;J3","2","J0;J3","2"
"1971","J0:[0,1);J1:[0,4);J2:[1,6);J3:[3,4)","J0;J2","2","J0;J3","2","J0;J2","2","J0;J3","2","J0;J3","2"
"1972","J0:[0,1);J1:[0,4);J2:[1,6);J3:[3,5)","J0;J2","2","J0;J3","2","J0;J2","2","J0;J3","2","J0;J3","2"
"1973","J0:[0,1);J1:[0,4);J2:[1,6);J3:[3,6)","J0;J2","2","J0;J2","2","J0;J2","2","J0;J3","2","J0;J3","2"
"1974","J0:[0,1);J1:[0,4);J2:[1,6);J3:[4,5)","J0;J2","2","J0;J3","2","J0;J2","2","J0;J3","2","J1;J3","2"
"1975","J0:[0,1);J1:[0,4);J2:[1,6);J3:[4,6)","J0;J2","2","J0;J2","2","J0;J2","2","J0;J3","2","J1;J3","2"
"1976","J0:[0,1);J1:[0,4);J2:[1,6);J3:[5,6)","J0;J2","2","J0;J2","2","J0;J2","2","J0;J3","2","J1;J3","2"
"1977","J0:[0,1);J1:[0,4);J2:[2,3);J3:[2,4)","J0;J2","2","J0;J2","2","J0;J2","2","J0;J2","2","J0;J3","2"
"1978","J0:[0,1);J1:[0,4);J2:[2,3);J3:[2,5)","J0;J2","2","J0;J2","2","J0;J2","2","J0;J2","2","J0;J3","2"
"1979","J0:[0,1);J1:[0,4);J2:[2,3);J3:[2,6)","J0;J2","2","J0;J2","2","J0;J2","2","J0;J2","2","J0;J3","2"
"1980","J0:[0,1);J1:[0,4);J2:[2,3);J3:[3,4)","J0;J2;J3","3","J0;J2;J3","3","J0;J2;J3","3","J0;J2;J3","3","J0;J2;J3","3"
"1981","J0:[0,1);J1:[0,4);J2:[2,3);J3:[3,5)","J0;J2;J3","3","J0;J2;J3","3","J0;J2;J3","3","J0;J2;J3","3","J0;J2;J3","3"
"1982","J0:[0,1);J1:[0,4);J2:[2,3);J3:[3,6)","J0;J2;J3","3","J0;J2;J3","3","J0;J2;J3","3","J0;J2;J3","3","J0;J2;J3","3"
"1983","J0:[0,1);J1:[0,4);J2:[2,3);J3:[4,5)","J0;J2;J3","3","J0;J2;J3","3","J0;J2;J3","3","J0;J2;J3","3","J0;J2;J3","3"
"1984","J0:[0,1);J1:[0,4);J2:[2,3);J3:[4,6)","J0;J2;J3","3","J0;J2;J3","3","J0;J2;J3","3","J0;J2;J3","3","J0;J2;J3","3"
"1985","J0:[0,1);J1:[0,4);J2:[2,3);J3:[5,6)","J0;J2;J3","3","J0;J2;J3","3","J0;J2;J3","3","J0;J2;J3","3","J0;J2;J3","3"
"1986","J0:[0,1);J1:[0,4);J2:[2,4);J3:[2,5)","J0;J2","2","J0;J2","2","J0;J2","2","J0;J2","2","J0;J3","2"
"1987","J0:[0,1);J1:[0,4);J2:[2,4);J3:[2,6)","J0;J2","2","J0;J2","2","J0;J2","2","J0;J2","2","J0;J3","2"
"1988","J0:[0,1);J1:[0,4);J2:[2,4);J3:[3,4)","J0;J2","2","J0;J2","2","J0;J2","2","J0;J3","2","J0;J3","2"
"1989","J0:[0,1);J1:[0,4);J2:[2,4);J3:[3,5)","J0;J2","2","J0;J2","2","J0;J2","2","J0;J2","2","J0;J3","2"
"1990","J0:[0,1);J1:[0,4);J2:[2,4);J3:[3,6)","J0;J2","2","J0;J2","2","J0;J2","2","J0;J2","2","J0;J3","2"
"1991","J0:[0,1);J1:[0,4);J2:[2,4);J3:[4,5)","J0;J2;J3","3","J0;J2;J3","3","J0;J2;J3","3","J0;J3;J2","3","J0;J2;J3","3"
"1992","J0:[0,1);J1:[0,4);J2:[2,4);J3:[4,6)","J0;J2;J3","3","J0;J2;J3","3","J0;J2;J3","3","J0;J2;J3","3","J0;J2;J3","3"
"1993","J0:[0,1);J1:[0,4);J2:[2,4);J3:[5,6)","J0;J2;J3","3","J0;J2;J3","3","J0;J2;J3","3","J0;J3;J2","3","J0;J2;J3","3"
"1994","J0:[0,1);J1:[0,4);J2:[2,5);J3:[2,6)","J0;J2","2","J0;J2","2","J0;J2","2","J0;J2","2","J0;J3","2"
"1995","J0:[0,1);J1:[0,4);J2:[2,5);J3:[3,4)","J0;J2","2","J0;J3","2","J0;J2","2","J0;J3","2","J0;J3","2"
"1996","J0:[0,1);J1:[0,4);J2:[2,5);J3:[3,5)","J0;J2","2","J0;J2","2","J0;J2","2","J0;J3","2","J0;J3","2"
"1997","J0:[0,1);J1:[0,4);J2:[2,5);J3:[3,6)","J0;J2","2","J0;J2","2","J0;J2","2","J0;J2","2","J0;J3","2"
"1998","J0:[0,1);J1:[0,4);J2:[2,5);J3:[4,5)","J0;J2","2","J0;J2","2","J0;J2","2","J0;J3","2","J1;J3","2"
"1999","J0:[0,1);J1:[0,4);J2:[2,5);J3:[4,6)","J0;J2","2","J0;J2","2","J0;J2","2","J0;J3","2","J1;J3","2"
"2000","J0:[0,1);J1:[0,4);J2:[2,5);J3:[5,6)","J0;J2;J3","3","J0;J2;J3","3","J0;J2;J3","3","J0;J3;J2","3","J0;J2;J3","3"
"2001","J0:[0,1);J1:[0,4);J2:[2,6);J3:[3,4)","J0;J2","2","J0;J3","2","J0;J2","2","J0;J3","2","J0;J3","2"
"2002","J0:[0,1);J1:[0,4);J2:[2,6);J3:[3,5)","J0;J2","2","J0;J3","2","J0;J2","2","J0;J3","2","J0;J3","2"
"2003","J0:[0,1);J1:[0,4);J2:[2,6);J3:[3,6)","J0;J2","2","J0;J2","2","J0;J2","2","J0;J3","2","J0;J3","2"
"2004","J0:[0,1);J1:[0,4);J2:[2,6);J3:[4,5)","J0;J2","2","J0;J3","2","J0;J2","2","J0;J3","2","J1;J3","2"
"2005","J0:[0,1);J1:[0,4);J2:[2,6);J3:[4,6)","J0;J2","2","J0;J2","2","J0;J2","2","J0;J3","2","J1;J3","2"
"2006","J0:[0,1);J1:[0,4);J2:[2,6);J3:[5,6)","J0;J2","2","J0;J2","2","J0;J2","2","J0;J3","2","J1;J3","2"
"2007","J0:[0,1);J1:[0,4);J2:[3,4);J3:[3,5)","J0;J2","2","J0;J2","2","J0;J2","2","J0;J2","2","J0;J3","2"
"2008","J0:[0,1);J1:[0,4);J2:[3,4);J3:[3,6)","J0;J2","2","J0;J2","2","J0;J2","2","J0;J2","2","J0;J3","2"
"2009","J0:[0,1);J1:[0,4);J2:[3,4);J3:[4,5)","J0;J2;J3","3","J0;J2;J3","3","J0;J2;J3","3","J0;J2;J3","3","J0;J2;J3","3"
"2010","J0:[0,1);J1:[0,4);J2:[3,4);J3:[4,6)","J0;J2;J3","3","J0;J2;J3","3","J0;J2;J3","3","J0;J2;J3","3","J0;J2;J3","3"
"2011","J0:[0,1);J1:[0,4);J2:[3,4);J3:[5,6)","J0;J2;J3","3","J0;J2;J3","3","J0;J2;J3","3","J0;J2;J3","3","J0;J2;J3","3"
"2012","J0:[0,1);J1:[0,4);J2:[3,5);J3:[3,6)","J0;J2","2","J0;J2","2","J0;J2","2","J0;J2","2","J0;J3","2"
"2013","J0:[0,1);J1:[0,4);J2:[3,5);J3:[4,5)","J0;J2","2","J0;J2","2","J0;J2","2","J0;J3","2","J1;J3","2"
"2014","J0:[0,1);J1:[0,4);J2:[3,5);J3:[4,6)","J0;J2","2","J0;J2","2","J0;J2","2","J0;J2","2","J1;J3","2"
"2015","J0:[0,1);J1:[0,4);J2:[3,5);J3:[5,6)","J0;J2;J3","3","J0;J2;J3","3","J0;J2;J3","3","J0;J3;J2","3","J0;J2;J3","3"
"2016","J0:[0,1);J1:[0,4);J2:[3,6);J3:[4,5)","J0;J2","2","J0;J3","2","J0;J2","2","J0;J3","2","J1;J3","2"
"2017","J0:[0,1);J1:[0,4);J2:[3,6);J3:[4,6)","J0;J2","2","J0;J2","2","J0;J2","2","J0;J3","2","J1;J3","2"
"2018","J0:[0,1);J1:[0,4);J2:[3,6);J3:[5,6)","J0;J2","2","J0;J2","2","J0;J2","2","J0;J3","2","J1;J3","2"
"2019","J0:[0,1);J1:[0,4);J2:[4,5);J3:[4,6)","J0;J2","2","J0;J2","2","J0;J2","2","J0;J2","2","J1;J3","2"
"2020","J0:[0,1);J1:[0,4);J2:[4,5);J3:[5,6)","J0;J2;J3","3","J0;J2;J3","3","J0;J2;J3","3","J0;J2;J3","3","J1;J2;J3","3"
"2021","J0:[0,1);J1:[0,4);J2:[4,6);J3:[5,6)","J0;J2","2","J0;J2","2","J0;J2","2","J0;J3","2","J1;J3","2"
"2022","J0:[0,1);J1:[0,5);J2:[0,6);J3:[1,2)","J0;J3","2","J0;J3","2","J0;J3","2","J0;J3","2","J0;J3","2"
"2023","J0:[0,1);J1:[0,5);J2:[0,6);J3:[1,3)","J0;J3","2","J0;J3","2","J0;J3","2","J0;J3","2","J0;J3","2"
"2024","J0:[0,1);J1:[0,5);J2:[0,6);J3:[1,4)","J0;J3","2","J0;J3","2","J0;J3","2","J0;J3","2","J0;J3","2"
"2025","J0:[0,1);J1:[0,5);J2:[0,6);J3:[1,5)","J0;J3","2","J0;J3","2","J0;J3","2","J0;J3","2","J0;J3","2"
"2026","J0:[0,1);J1:[0,5);J2:[0,6);J3:[1,6)","J0;J3","2","J0;J3","2","J0;J3","2","J0;J3","2","J0;J3","2"
"2027","J0:[0,1);J1:[0,5);J2:[0,6);J3:[2,3)","J0;J3","2","J0;J3","2","J0;J3","2","J0;J3","2","J0;J3","2"
"2028","J0:[0,1);J1:[0,5);J2:[0,6);J3:[2,4)","J0;J3","2","J0;J3","2","J0;J3","2","J0;J3","2","J0;J3","2"
"2029","J0:[0,1);J1:[0,5);J2:[0,6);J3:[2,5)","J0;J3","2","J0;J3","2","J0;J3","2","J0;J3","2","J0;J3","2"
"2030","J0:[0,1);J1:[0,5);J2:[0,6);J3:[2,6)","J0;J3","2","J0;J3","2","J0;J3","2","J0;J3","2","J0;J3","2"
"2031","J0:[0,1);J1:[0,5);J2:[0,6);J3:[3,4)","J0;J3","2","J0;J3","2","J0;J3","2","J0;J3","2","J0;J3","2"
"2032","J0:[0,1);J1:[0,5);J2:[0,6);J3:[3,5)","J0;J3","2","J0;J3","2","J0;J3","2","J0;J3","2","J0;J3","2"
"2033","J0:[0,1);J1:[0,5);J2:[0,6);J3:[3,6)","J0;J3","2","J0;J3","2","J0;J3","2","J0;J3","2","J0;J3","2"
"2034","J0:[0,1);J1:[0,5);J2:[0,6);J3:[4,5)","J0;J3","2","J0;J3","2","J0;J3","2","J0;J3","2","J0;J3","2"
"2035","J0:[0,1);J1:[0,5);J2:[0,6);J3:[4,6)","J0;J3","2","J0;J3","2","J0;J3","2","J0;J3","2","J0;J3","2"
"2036","J0:[0,1);J1:[0,5);J2:[0,6);J3:[5,6)","J0;J3","2","J0;J3","2","J0;J3","2","J0;J3","2","J1;J3","2"
"2037","J0:[0,1);J1:[0,5);J2:[1,2);J3:[1,3)","J0;J2","2","J0;J2","2","J0;J2","2","J0;J2","2","J0;J3","2"
"2038","J0:[0,1);J1:[0,5);J2:[1,2);J3:[1,4)","J0;J2","2","J0;J2","2","J0;J2","2","J0;J2","2","J0;J3","2"
"2039","J0:[0,1);J1:[0,5);J2:[1,2);J3:[1,5)","J0;J2","2","J0;J2","2","J0;J2","2","J0;J2","2","J0;J3","2"
"2040","J0:[0,1);J1:[0,5);J2:[1,2);J3:[1,6)","J0;J2","2","J0;J2","2","J0;J2","2","J0;J2","2","J0;J3","2"
"2041","J0:[0,1);J1:[0,5);J2:[1,2);J3:[2,3)","J0;J2;J3","3","J0;J2;J3","3","J0;J2;J3","3","J0;J2;J3","3","J0;J2;J3","3"
"2042","J0:[0,1);J1:[0,5);J2:[1,2);J3:[2,4)","J0;J2;J3","3","J0;J2;J3","3","J0;J2;J3","3","J0;J2;J3","3","J0;J2;J3","3"
"2043","J0:[0,1);J1:[0,5);J2:[1,2);J3:[2,5)","J0;J2;J3","3","J0;J2;J3","3","J0;J2;J3","3","J0;J2;J3","3","J0;J2;J3","3"
"2044","J0:[0,1);J1:[0,5);J2:[1,2);J3:[2,6)","J0;J2;J3","3","J0;J2;J3","3","J0;J2;J3","3","J0;J2;J3","3","J0;J2;J3","3"
"2045","J0:[0,1);J1:[0,5);J2:[1,2);J3:[3,4)","J0;J2;J3","3","J0;J2;J3","3","J0;J2;J3","3","J0;J2;J3","3","J0;J2;J3","3"
"2046","J0:[0,1);J1:[0,5);J2:[1,2);J3:[3,5)","J0;J2;J3","3","J0;J2;J3","3","J0;J2;J3","3","J0;J2;J3","3","J0;J2;J3","3"
"2047","J0:[0,1);J1:[0,5);J2:[1,2);J3:[3,6)","J0;J2;J3","3","J0;J2;J3","3","J0;J2;J3","3","J0;J2;J3","3","J0;J2;J3","3"
"2048","J0:[0,1);J1:[0,5);J2:[1,2);J3:[4,5)","J0;J2;J3","3","J0;J2;J3","3","J0;J2;J3","3","J0;J2;J3","3","J0;J2;J3","3"
"2049","J0:[0,1);J1:[0,5);J2:[1,2);J3:[4,6)","J0;J2;J3","3","J0;J2;J3","3","J0;J2;J3","3","J0;J2;J3","3","J0;J2;J3","3"
"2050","J0:[0,1);J1:[0,5);J2:[1,2);J3:[5,6)","J0;J2;J3","3","J0;J2;J3","3","J0;J2;J3","3","J0;J2;J3","3","J0;J2;J3","3"
"2051","J0:[0,1);J1:[0,5);J2:[1,3);J3:[1,4)","J0;J2","2","J0;J2","2","J0;J2","2","J0;J2","2","J0;J3","2"
"2052","J0:[0,1);J1:[0,5);J2:[1,3);J3:[1,5)","J0;J2","2","J0;J2","2","J0;J2","2","J0;J2","2","J0;J3","2"
"2053","J0:[0,1);J1:[0,5);J2:[1,3);J3:[1,6)","J0;J2","2","J0;J2","2","J0;J2","2","J0;J2","2","J0;J3","2"
"2054","J0:[0,1);J1:[0,5);J2:[1,3);J3:[2,3)","J0;J2","2","J0;J2","2","J0;J2","2","J0;J3","2","J0;J3","2"
"2055","J0:[0,1);J1:[0,5);J2:[1,3);J3:[2,4)","J0;J2","2","J0;J2","2","J0;J2","2","J0;J2","2","J0;J3","2"
"2056","J0:[0,1);J1:[0,5);J2:[1,3);J3:[2,5)","J0;J2","2","J0;J2","2","J0;J2","2","J0;J2","2","J0;J3","2"
"2057","J0:[0,1);J1:[0,5);J2:[1,3);J3:[2,6)","J0;J2","2","J0;J2","2","J0;J2","2","J0;J2","2","J0;J3","2"
"2058","J0:[0,1);J1:[0,5);J2:[1,3);J3:[3,4)","J0;J2;J3","3","J0;J2;J3","3","J0;J2;J3","3","J0;J3;J2","3","J0;J2;J3","3"
"2059","J0:[0,1);J1:[0,5);J2:[1,3);J3:[3,5)","J0;J2;J3","3","J0;J2;J3","3","J0;J2;J3","3","J0;J2;J3","3","J0;J2;J3","3"
"2060","J0:[0,1);J1:[0,5);J2:[1,3);J3:[3,6)","J0;J2;J3","3","J0;J2;J3","3","J0;J2;J3","3","J0;J2;J3","3","J0;J2;J3","3"
"2061","J0:[0,1);J1:[0,5);J2:[1,3);J3:[4,5)","J0;J2;J3","3","J0;J2;J3","3","J0;J2;J3","3","J0;J3;J2","3","J0;J2;J3","3"
"2062","J0:[0,1);J1:[0,5);J2:[1,3);J3:[4,6)","J0;J2;J3","3","J0;J2;J3","3","J0;J2;J3","3","J0;J2;J3","3","J0;J2;J3","3"
"2063","J0:[0,1);J1:[0,5);J2:[1,3);J3:[5,6)","J0;J2;J3","3","J0;J2;J3","3","J0;J2;J3","3","J0;J3;J2","3","J0;J2;J3","3"
"2064","J0:[0,1);J1:[0,5);J2:[1,4);J3:[1,5)","J0;J2","2","J0;J2","2","J0;J2","2","J0;J2","2","J0;J3","2"
"2065","J0:[0,1);J1:[0,5);J2:[1,4);J3:[1,6)","J0;J2","2","J0;J2","2","J0;J2","2","J0;J2","2","J0;J3","2"
"2066","J0:[0,1);J1:[0,5);J2:[1,4);J3:[2,3)","J0;J2","2","J0;J3","2","J0;J2","2","J0;J3","2","J0;J3","2"
"2067","J0:[0,1);J1:[0,5);J2:[1,4);J3:[2,4)","J0;J2","2","J0;J2","2","J0;J2","2","J0;J3","2","J0;J3","2"
"2068","J0:[0,1);J1:[0,5);J2:[1,4);J3:[2,5)","J0;J2","2","J0;J2","2","J0;J2","2","J0;J2","2","J0;J3","2"
"2069","J0:[0,1);J1:[0,5);J2:[1,4);J3:[2,6)","J0;J2","2","J0;J2","2","J0;J2","2","J0;J2","2","J0;J3","2"
"2070","J0:[0,1);J1:[0,5);J2:[1,4);J3:[3,4)","J0;J2","2","J0;J2","2","J0;J2","2","J0;J3","2","J0;J3","2"
"2071","J0:[0,1);J1:[0,5);J2:[1,4);J3:[3,5)","J0;J2","2","J0;J2","2","J0;J2","2","J0;J3","2","J0;J3","2"
"2072","J0:[0,1);J1:[0,5);J2:[1,4);J3:[3,6)","J0;J2","2","J0;J2","2","J0;J2","2","J0;J2","2","J0;J3","2"
"2073","J0:[0,1);J1:[0,5);J2:[1,4);J3:[4,5)","J0;J2;J3","3","J0;J2;J3","3","J0;J2;J3","3","J0;J3;J2","3","J0;J2;J3","3"
"2074","J0:[0,1);J1:[0,5);J2:[1,4);J3:[4,6)","J0;J2;J3","3","J0;J2;J3","3","J0;J2;J3","3","J0;J3;J2","3","J0;J2;J3","3"
"2075","J0:[0,1);J1:[0,5);J2:[1,4);J3:[5,6)","J0;J2;J3","3","J0;J2;J3","3","J0;J2;J3","3","J0;J3;J2","3","J0;J2;J3","3"
"2076","J0:[0,1);J1:[0,5);J2:[1,5);J3:[1,6)","J0;J2","2","J0;J2","2","J0;J2","2","J0;J2","2","J0;J3","2"
"2077","J0:[0,1);J1:[0,5);J2:[1,5);J3:[2,3)","J0;J2","2","J0;J3","2","J0;J2","2","J0;J3","2","J0;J3","2"
"2078","J0:[0,1);J1:[0,5);J2:[1,5);J3:[2,4)","J0;J2","2","J0;J3","2","J0;J2","2","J0;J3","2","J0;J3","2"
"2079","J0:[0,1);J1:[0,5);J2:[1,5);J3:[2,5)","J0;J2","2","J0;J2","2","J0;J2","2","J0;J3","2","J0;J3","2"
"2080","J0:[0,1);J1:[0,5);J2:[1,5);J3:[2,6)","J0;J2","2","J0;J2","2","J0;J2","2","J0;J2","2","J0;J3","2"
"2081","J0:[0,1);J1:[0,5);J2:[1,5);J3:[3,4)","J0;J2","2","J0;J3","2","J0;J2","2","J0;J3","2","J0;J3","2"
"2082","J0:[0,1);J1:[0,5);J2:[1,5);J3:[3,5)","J0;J2","2","J0;J2","2","J0;J2","2","J0;J3","2","J0;J3","2"
"2083","J0:[0,1);J1:[0,5);J2:[1,5);J3:[3,6)","J0;J2","2","J0;J2","2","J0;J2","2","J0;J3","2","J0;J3","2"
"2084","J0:[0,1);J1:[0,5);J2:[1,5);J3:[4,5)","J0;J2","2","J0;J2","2","J0;J2","2","J0;J3","2","J0;J3","2"
"2085","J0:[0,1);J1:[0,5);J2:[1,5);J3:[4,6)","J0;J2","2","J0;J2","2","J0;J2","2","J0;J3","2","J0;J3","2"
"2086","J0:[0,1);J1:[0,5);J2:[1,5);J3:[5,6)","J0;J2;J3","3","J0;J2;J3","3","J0;J2;J3","3","J0;J3;J2","3","J0;J2;J3","3"
"2087","J0:[0,1);J1:[0,5);J2:[1,6);J3:[2,3)","J0;J2","2","J0;J3","2","J0;J2","2","J0;J3","2","J0;J3","2"
"2088","J0:[0,1);J1:[0,5);J2:[1,6);J3:[2,4)","J0;J2","2","J0;J3","2","J0;J2","2","J0;J3","2","J0;J3","2"
"2089","J0:[0,1);J1:[0,5);J2:[1,6);J3:[2,5)","J0;J2","2","J0;J3","2","J0;J2","2","J0;J3","2","J0;J3","2"
"2090","J0:[0,1);J1:[0,5);J2:[1,6);J3:[2,6)","J0;J2","2","J0;J2","2","J0;J2","2","J0;J3","2","J0;J3","2"
"2091","J0:[0,1);J1:[0,5);J2:[1,6);J3:[3,4)","J0;J2","2","J0;J3","2","J0;J2","2","J0;J3","2","J0;J3","2"
"2092","J0:[0,1);J1:[0,5);J2:[1,6);J3:[3,5)","J0;J2","2","J0;J3","2","J0;J2","2","J0;J3","2","J0;J3","2"
"2093","J0:[0,1);J1:[0,5);J2:[1,6);J3:[3,6)","J0;J2","2","J0;J2","2","J0;J2","2","J0;J3","2","J0;J3","2"
"2094","J0:[0,1);J1:[0,5);J2:[1,6);J3:[4,5)","J0;J2","2","J0;J3","2","J0;J2","2","J0;J3","2","J0;J3","2"
"2095","J0:[0,1);J1:[0,5);J2:[1,6);J3:[4,6)","J0;J2","2","J0;J2","2","J0;J2","2","J0;J3","2","J0;J3","2"
"2096","J0:[0,1);J1:[0,5);J2:[1,6);J3:[5,6)","J0;J2","2","J0;J2","2","J0;J2","2","J0;J3","2","J1;J3","2"
"2097","J0:[0,1);J1:[0,5);J2:[2,3);J3:[2,4)","J0;J2","2","J0;J2","2","J0;J2","2","J0;J2","2","J0;J3","2"
"2098","J0:[0,1);J1:[0,5);J2:[2,3);J3:[2,5)","J0;J2","2","J0;J2","2","J0;J2","2","J0;J2","2","J0;J3","2"
"2099","J0:[0,1);J1:[0,5);J2:[2,3);J3:[2,6)","J0;J2","2","J0;J2","2","J0;J2","2","J0;J2","2","J0;J3","2"
"2100","J0:[0,1);J1:[0,5);J2:[2,3);J3:[3,4)","J0;J2;J3","3","J0;J2;J3","3","J0;J2;J3","3","J0;J2;J3","3","J0;J2;J3","3"
"2101","J0:[0,1);J1:[0,5);J2:[2,3);J3:[3,5)","J0;J2;J3","3","J0;J2;J3","3","J0;J2;J3","3","J0;J2;J3","3","J0;J2;J3","3"
"2102","J0:[0,1);J1:[0,5);J2:[2,3);J3:[3,6)","J0;J2;J3","3","J0;J2;J3","3","J0;J2;J3","3","J0;J2;J3","3","J0;J2;J3","3"
"2103","J0:[0,1);J1:[0,5);J2:[2,3);J3:[4,5)","J0;J2;J3","3","J0;J2;J3","3","J0;J2;J3","3","J0;J2;J3","3","J0;J2;J3","3"
"2104","J0:[0,1);J1:[0,5);J2:[2,3);J3:[4,6)","J0;J2;J3","3","J0;J2;J3","3","J0;J2;J3","3","J0;J2;J3","3","J0;J2;J3","3"
"2105","J0:[0,1);J1:[0,5);J2:[2,3);J3:[5,6)","J0;J2;J3","3","J0;J2;J3","3","J0;J2;J3","3","J0;J2;J3","3","J0;J2;J3","3"
"2106","J0:[0,1);J1:[0,5);J2:[2,4);J3:[2,5)","J0;J2","2","J0;J2","2","J0;J2","2","J0;J2","2","J0;J3","2"
"2107","J0:[0,1);J1:[0,5);J2:[2,4);J3:[2,6)","J0;J2","2","J0;J2","2","J0;J2","2","J0;J2","2","J0;J3","2"
"2108","J0:[0,1);J1:[0,5);J2:[2,4);J3:[3,4)","J0;J2","2","J0;J2","2","J0;J2","2","J0;J3","2","J0;J3","2"
"2109","J0:[0,1);J1:[0,5);J2:[2,4);J3:[3,5)","J0;J2","2","J0;J2","2","J0;J2","2","J0;J2","2","J0;J3","2"
"2110","J0:[0,1);J1:[0,5);J2:[2,4);J3:[3,6)","J0;J2","2","J0;J2","2","J0;J2","2","J0;J2","2","J0;J3","2"
"2111","J0:[0,1);J1:[0,5);J2:[2,4);J3:[4,5)","J0;J2;J3","3","J0;J2;J3","3","J0;J2;J3","3","J0;J3;J2","3","J0;J2;J3","3"
"2112","J0:[0,1);J1:[0,5);J2:[2,4);J3:[4,6)","J0;J2;J3","3","J0;J2;J3","3","J0;J2;J3","3","J0;J2;J3","3","J0;J2;J3","3"
"2113","J0:[0,1);J1:[0,5);J2:[2,4);J3:[5,6)","J0;J2;J3","3","J0;J2;J3","3","J0;J2;J3","3","J0;J3;J2","3","J0;J2;J3","3"
"2114","J0:[0,1);J1:[0,5);J2:[2,5);J3:[2,6)","J0;J2","2","J0;J2","2","J0;J2","2","J0;J2","2","J0;J3","2"
"2115","J0:[0,1);J1:[0,5);J2:[2,5);J3:[3,4)","J0;J2","2","J0;J3","2","J0;J2","2","J0;J3","2","J0;J3","2"
"2116","J0:[0,1);J1:[0,5);J2:[2,5);J3:[3,5)","J0;J2","2","J0;J2","2","J0;J2","2","J0;J3","2","J0;J3","2"
"2117","J0:[0,1);J1:[0,5);J2:[2,5);J3:[3,6)","J0;J2","2","J0;J2","2","J0;J2","2","J0;J2","2","J0;J3","2"
"2118","J0:[0,1);J1:[0,5);J2:[2,5);J3:[4,5)","J0;J2","2","J0;J2","2","J0;J2","2","J0;J3","2","J0;J3","2"
"2119","J0:[0,1);J1:[0,5);J2:[2,5);J3:[4,6)","J0;J2","2","J0;J2","2","J0;J2","2","J0;J3","2","J0;J3","2"
"2120","J0:[0,1);J1:[0,5);J2:[2,5);J3:[5,6)","J0;J2;J3","3","J0;J2;J3","3","J0;J2;J3","3","J0;J3;J2","3","J0;J2;J3","3"
"2121","J0:[0,1);J1:[0,5);J2:[2,6);J3:[3,4)","J0;J2","2","J0;J3","2","J0;J2","2","J0;J3","2","J0;J3","2"
"2122","J0:[0,1);J1:[0,5);J2:[2,6);J3:[3,5)","J0;J2","2","J0;J3","2","J0;J2","2","J0;J3","2","J0;J3","2"
"2123","J0:[0,1);J1:[0,5);J2:[2,6);J3:[3,6)","J0;J2","2","J0;J2","2","J0;J2","2","J0;J3","2","J0;J3","2"
"2124","J0:[0,1);J1:[0,5);J2:[2,6);J3:[4,5)","J0;J2","2","J0;J3","2","J0;J2","2","J0;J3","2","J0;J3","2"
"2125","J0:[0,1);J1:[0,5);J2:[2,6);J3:[4,6)","J0;J2","2","J0;J2","2","J0;J2","2","J0;J3","2","J0;J3","2"
"2126","J0:[0,1);J1:[0,5);J2:[2,6);J3:[5,6)","J0;J2","2","J0;J2","2","J0;J2","2","J0;J3","2","J1;J3","2"
"2127","J0:[0,1);J1:[0,5);J2:[3,4);J3:[3,5)","J0;J2","2","J0;J2","2","J0;J2","2","J0;J2","2","J0;J3","2"
"2128","J0:[0,1);J1:[0,5);J2:[3,4);J3:[3,6)","J0;J2","2","J0;J2","2","J0;J2","2","J0;J2","2","J0;J3","2"
"2129","J0:[0,1);J1:[0,5);J2:[3,4);J3:[4,5)","J0;J2;J3","3","J0;J2;J3","3","J0;J2;J3","3","J0;J2;J3","3","J0;J2;J3","3"
"2130","J0:[0,1);J1:[0,5);J2:[3,4);J3:[4,6)","J0;J2;J3","3","J0;J2;J3","3","J0;J2;J3","3","J0;J2;J3","3","J0;J2;J3","3"
"2131","J0:[0,1);J1:[0,5);J2:[3,4);J3:[5,6)","J0;J2;J3","3","J0;J2;J3","3","J0;J2;J3","3","J0;J2;J3","3","J0;J2;J3","3"
"2132","J0:[0,1);J1:[0,5);J2:[3,5);J3:[3,6)","J0;J2","2","J0;J2","2","J0;J2","2","J0;J2","2","J0;J3","2"
"2133","J0:[0,1);J1:[0,5);J2:[3,5);J3:[4,5)","J0;J2","2","J0;J2","2","J0;J2","2","J0;J3","2","J0;J3","2"
"2134","J0:[0,1);J1:[0,5);J2:[3,5);J3:[4,6)","J0;J2","2","J0;J2","2","J0;J2","2","J0;J2","2","J0;J3","2"
"2135","J0:[0,1);J1:[0,5);J2:[3,5);J3:[5,6)","J0;J2;J3","3","J0;J2;J3","3","J0;J2;J3","3","J0;J3;J2","3","J0;J2;J3","3"
"2136","J0:[0,1);J1:[0,5);J2:[3,6);J3:[4,5)","J0;J2","2","J0;J3","2","J0;J2","2","J0;J3","2","J0;J3","2"
"2137","J0:[0,1);J1:[0,5);J2:[3,6);J3:[4,6)","J0;J2","2","J0;J2","2","J0;J2","2","J0;J3","2","J0;J3","2"
"2138","J0:[0,1);J1:[0,5);J2:[3,6);J3:[5,6)","J0;J2","2","J0;J2","2","J0;J2","2","J0;J3","2","J1;J3","2"
"2139","J0:[0,1);J1:[0,5);J2:[4,5);J3:[4,6)","J0;J2","2","J0;J2","2","J0;J2","2","J0;J2","2","J0;J3","2"
"2140","J0:[0,1);J1:[0,5);J2:[4,5);J3:[5,6)","J0;J2;J3","3","J0;J2;J3","3","J0;J2;J3","3","J0;J2;J3","3","J0;J2;J3","3"
"2141","J0:[0,1);J1:[0,5);J2:[4,6);J3:[5,6)","J0;J2","2","J0;J2","2","J0;J2","2","J0;J3","2","J1;J3","2"
"2142","J0:[0,1);J1:[0,6);J2:[1,2);J3:[1,3)","J0;J2","2","J0;J2","2","J0;J2","2","J0;J2","2","J0;J3","2"
"2143","J0:[0,1);J1:[0,6);J2:[1,2);J3:[1,4)","J0;J2","2","J0;J2","2","J0;J2","2","J0;J2","2","J0;J3","2"
"2144","J0:[0,1);J1:[0,6);J2:[1,2);J3:[1,5)","J0;J2","2","J0;J2","2","J0;J2","2","J0;J2","2","J0;J3","2"
"2145","J0:[0,1);J1:[0,6);J2:[1,2);J3:[1,6)","J0;J2","2","J0;J2","2","J0;J2","2","J0;J2","2","J0;J3","2"
"2146","J0:[0,1);J1:[0,6);J2:[1,2);J3:[2,3)","J0;J2;J3","3","J0;J2;J3","3","J0;J2;J3","3","J0;J2;J3","3","J0;J2;J3","3"
"2147","J0:[0,1);J1:[0,6);J2:[1,2);J3:[2,4)","J0;J2;J3","3","J0;J2;J3","3","J0;J2;J3","3","J0;J2;J3","3","J0;J2;J3","3"
"2148","J0:[0,1);J1:[0,6);J2:[1,2);J3:[2,5)","J0;J2;J3","3","J0;J2;J3","3","J0;J2;J3","3","J0;J2;J3","3","J0;J2;J3","3"
"2149","J0:[0,1);J1:[0,6);J2:[1,2);J3:[2,6)","J0;J2;J3","3","J0;J2;J3","3","J0;J2;J3","3","J0;J2;J3","3","J0;J2;J3","3"
"2150","J0:[0,1);J1:[0,6);J2:[1,2);J3:[3,4)","J0;J2;J3","3","J0;J2;J3","3","J0;J2;J3","3","J0;J2;J3","3","J0;J2;J3","3"
"2151","J0:[0,1);J1:[0,6);J2:[1,2);J3:[3,5)","J0;J2;J3","3","J0;J2;J3","3","J0;J2;J3","3","J0;J2;J3","3","J0;J2;J3","3"
"2152","J0:[0,1);J1:[0,6);J2:[1,2);J3:[3,6)","J0;J2;J3","3","J0;J2;J3","3","J0;J2;J3","3","J0;J2;J3","3","J0;J2;J3","3"
"2153","J0:[0,1);J1:[0,6);J2:[1,2);J3:[4,5)","J0;J2;J3","3","J0;J2;J3","3","J0;J2;J3","3","J0;J2;J3","3","J0;J2;J3","3"
"2154","J0:[0,1);J1:[0,6);J2:[1,2);J3:[4,6)","J0;J2;J3","3","J0;J2;J3","3","J0;J2;J3","3","J0;J2;J3","3","J0;J2;J3","3"
"2155","J0:[0,1);J1:[0,6);J2:[1,2);J3:[5,6)","J0;J2;J3","3","J0;J2;J3","3","J0;J2;J3","3","J0;J2;J3","3","J0;J2;J3","3"
"2156","J0:[0,1);J1:[0,6);J2:[1,3);J3:[1,4)","J0;J2","2","J0;J2","2","J0;J2","2","J0;J2","2","J0;J3","2"
"2157","J0:[0,1);J1:[0,6);J2:[1,3);J3:[1,5)","J0;J2","2","J0;J2","2","J0;J2","2","J0;J2","2","J0;J3","2"
"2158","J0:[0,1);J1:[0,6);J2:[1,3);J3:[1,6)","J0;J2","2","J0;J2","2","J0;J2","2","J0;J2","2","J0;J3","2"
"2159","J0:[0,1);J1:[0,6);J2:[1,3);J3:[2,3)","J0;J2","2","J0;J2","2","J0;J2","2","J0;J3","2","J0;J3","2"
"2160","J0:[0,1);J1:[0,6);J2:[1,3);J3:[2,4)","J0;J2","2","J0;J2","2","J0;J2","2","J0;J2","2","J0;J3","2"
"2161","J0:[0,1);J1:[0,6);J2:[1,3);J3:[2,5)","J0;J2","2","J0;J2","2","J0;J2","2","J0;J2","2","J0;J3","2"
"2162","J0:[0,1);J1:[0,6);J2:[1,3);J3:[2,6)","J0;J2","2","J0;J2","2","J0;J2","2","J0;J2","2","J0;J3","2"
"2163","J0:[0,1);J1:[0,6);J2:[1,3);J3:[3,4)","J0;J2;J3","3","J0;J2;J3","3","J0;J2;J3","3","J0;J3;J2","3","J0;J2;J3","3"
"2164","J0:[0,1);J1:[0,6);J2:[1,3);J3:[3,5)","J0;J2;J3","3","J0;J2;J3","3","J0;J2;J3","3","J0;J2;J3","3","J0;J2;J3","3"
"2165","J0:[0,1);J1:[0,6);J2:[1,3);J3:[3,6)","J0;J2;J3","3","J0;J2;J3","3","J0;J2;J3","3","J0;J2;J3","3","J0;J2;J3","3"
"2166","J0:[0,1);J1:[0,6);J2:[1,3);J3:[4,5)","J0;J2;J3","3","J0;J2;J3","3","J0;J2;J3","3","J0;J3;J2","3","J0;J2;J3","3"
"2167","J0:[0,1);J1:[0,6);J2:[1,3);J3:[4,6)","J0;J2;J3","3","J0;J2;J3","3","J0;J2;J3","3","J0;J2;J3","3","J0;J2;J3","3"
"2168","J0:[0,1);J1:[0,6);J2:[1,3);J3:[5,6)","J0;J2;J3","3","J0;J2;J3","3","J0;J2;J3","3","J0;J3;J2","3","J0;J2;J3","3"
"2169","J0:[0,1);J1:[0,6);J2:[1,4);J3:[1,5)","J0;J2","2","J0;J2","2","J0;J2","2","J0;J2","2","J0;J3","2"
"2170","J0:[0,1);J1:[0,6);J2:[1,4);J3:[1,6)","J0;J2","2","J0;J2","2","J0;J2","2","J0;J2","2","J0;J3","2"
"2171","J0:[0,1);J1:[0,6);J2:[1,4);J3:[2,3)","J0;J2","2","J0;J3","2","J0;J2","2","J0;J3","2","J0;J3","2"
"2172","J0:[0,1);J1:[0,6);J2:[1,4);J3:[2,4)","J0;J2","2","J0;J2","2","J0;J2","2","J0;J3","2","J0;J3","2"
"2173","J0:[0,1);J1:[0,6);J2:[1,4);J3:[2,5)","J0;J2","2","J0;J2","2","J0;J2","2","J0;J2","2","J0;J3","2"
"2174","J0:[0,1);J1:[0,6);J2:[1,4);J3:[2,6)","J0;J2","2","J0;J2","2","J0;J2","2","J0;J2","2","J0;J3","2"
"2175","J0:[0,1);J1:[0,6);J2:[1,4);J3:[3,4)","J0;J2","2","J0;J2","2","J0;J2","2","J0;J3","2","J0;J3","2"
"2176","J0:[0,1);J1:[0,6);J2:[1,4);J3:[3,5)","J0;J2","2","J0;J2","2","J0;J2","2","J0;J3","2","J0;J3","2"
"2177","J0:[0,1);J1:[0,6);J2:[1,4);J3:[3,6)","J0;J2","2","J0;J2","2","J0;J2","2","J0;J2","2","J0;J3","2"
"2178","J0:[0,1);J1:[0,6);J2:[1,4);J3:[4,5)","J0;J2;J3","3","J0;J2;J3","3","J0;J2;J3","3","J0;J3;J2","3","J0;J2;J3","3"
"2179","J0:[0,1);J1:[0,6);J2:[1,4);J3:[4,6)","J0;J2;J3","3","J0;J2;J3","3","J0;J2;J3","3","J0;J3;J2","3","J0;J2;J3","3"
"2180","J0:[0,1);J1:[0,6);J2:[1,4);J3:[5,6)","J0;J2;J3","3","J0;J2;J3","3","J0;J2;J3","3","J0;J3;J2","3","J0;J2;J3","3"
"2181","J0:[0,1);J1:[0,6);J2:[1,5);J3:[1,6)","J0;J2","2","J0;J2","2","J0;J2","2","J0;J2","2","J0;J3","2"
"2182","J0:[0,1);J1:[0,6);J2:[1,5);J3:[2,3)","J0;J2","2","J0;J3","2","J0;J2","2","J0;J3","2","J0;J3","2"
"2183","J0:[0,1);J1:[0,6);J2:[1,5);J3:[2,4)","J0;J2","2","J0;J3","2","J0;J2","2","J0;J3","2","J0;J3","2"
"2184","J0:[0,1);J1:[0,6);J2:[1,5);J3:[2,5)","J0;J2","2","J0;J2","2","J0;J2","2","J0;J3","2","J0;J3","2"
"2185","J0:[0,1);J1:[0,6);J2:[1,5);J3:[2,6)","J0;J2","2","J0;J2","2","J0;J2","2","J0;J2","2","J0;J3","2"
"2186","J0:[0,1);J1:[0,6);J2:[1,5);J3:[3,4)","J0;J2","2","J0;J3","2","J0;J2","2","J0;J3","2","J0;J3","2"
"2187","J0:[0,1);J1:[0,6);J2:[1,5);J3:[3,5)","J0;J2","2","J0;J2","2","J0;J2","2","J0;J3","2","J0;J3","2"
"2188","J0:[0,1);J1:[0,6);J2:[1,5);J3:[3,6)","J0;J2","2","J0;J2","2","J0;J2","2","J0;J3","2","J0;J3","2"
"2189","J0:[0,1);J1:[0,6);J2:[1,5);J3:[4,5)","J0;J2","2","J0;J2","2","J0;J2","2","J0;J3","2","J0;J3","2"
"2190","J0:[0,1);J1:[0,6);J2:[1,5);J3:[4,6)","J0;J2","2","J0;J2","2","J0;J2","2","J0;J3","2","J0;J3","2"
"2191","J0:[0,1);J1:[0,6);J2:[1,5);J3:[5,6)","J0;J2;J3","3","J0;J2;J3","3","J0;J2;J3","3","J0;J3;J2","3","J0;J2;J3","3"
"2192","J0:[0,1);J1:[0,6);J2:[1,6);J3:[2,3)","J0;J2","2","J0;J3","2","J0;J2","2","J0;J3","2","J0;J3","2"
"2193","J0:[0,1);J1:[0,6);J2:[1,6);J3:[2,4)","J0;J2","2","J0;J3","2","J0;J2","2","J0;J3","2","J0;J3","2"
"2194","J0:[0,1);J1:[0,6);J2:[1,6);J3:[2,5)","J0;J2","2","J0;J3","2","J0;J2","2","J0;J3","2","J0;J3","2"
"2195","J0:[0,1);J1:[0,6);J2:[1,6);J3:[2,6)","J0;J2","2","J0;J2","2","J0;J2","2","J0;J3","2","J0;J3","2"
"2196","J0:[0,1);J1:[0,6);J2:[1,6);J3:[3,4)","J0;J2","2","J0;J3","2","J0;J2","2","J0;J3","2","J0;J3","2"
"2197","J0:[0,1);J1:[0,6);J2:[1,6);J3:[3,5)","J0;J2","2","J0;J3","2","J0;J2","2","J0;J3","2","J0;J3","2"
"2198","J0:[0,1);J1:[0,6);J2:[1,6);J3:[3,6)","J0;J2","2","J0;J2","2","J0;J2","2","J0;J3","2","J0;J3","2"
"2199","J0:[0,1);J1:[0,6);J2:[1,6);J3:[4,5)","J0;J2","2","J0;J3","2","J0;J2","2","J0;J3","2","J0;J3","2"
"2200","J0:[0,1);J1:[0,6);J2:[1,6);J3:[4,6)","J0;J2","2","J0;J2","2","J0;J2","2","J0;J3","2","J0;J3","2"
"2201","J0:[0,1);J1:[0,6);J2:[1,6);J3:[5,6)","J0;J2","2","J0;J2","2","J0;J2","2","J0;J3","2","J0;J3","2"
"2202","J0:[0,1);J1:[0,6);J2:[2,3);J3:[2,4)","J0;J2","2","J0;J2","2","J0;J2","2","J0;J2","2","J0;J3","2"
"2203","J0:[0,1);J1:[0,6);J2:[2,3);J3:[2,5)","J0;J2","2","J0;J2","2","J0;J2","2","J0;J2","2","J0;J3","2"
"2204","J0:[0,1);J1:[0,6);J2:[2,3);J3:[2,6)","J0;J2","2","J0;J2","2","J0;J2","2","J0;J2","2","J0;J3","2"
"2205","J0:[0,1);J1:[0,6);J2:[2,3);J3:[3,4)","J0;J2;J3","3","J0;J2;J3","3","J0;J2;J3","3","J0;J2;J3","3","J0;J2;J3","3"
"2206","J0:[0,1);J1:[0,6);J2:[2,3);J3:[3,5)","J0;J2;J3","3","J0;J2;J3","3","J0;J2;J3","3","J0;J2;J3","3","J0;J2;J3","3"
"2207","J0:[0,1);J1:[0,6);J2:[2,3);J3:[3,6)","J0;J2;J3","3","J0;J2;J3","3","J0;J2;J3","3","J0;J2;J3","3","J0;J2;J3","3"
"2208","J0:[0,1);J1:[0,6);J2:[2,3);J3:[4,5)","J0;J2;J3","3","J0;J2;J3","3","J0;J2;J3","3","J0;J2;J3","3","J0;J2;J3","3"
"2209","J0:[0,1);J1:[0,6);J2:[2,3);J3:[4,6)","J0;J2;J3","3","J0;J2;J3","3","J0;J2;J3","3","J0;J2;J3","3","J0;J2;J3","3"
"2210","J0:[0,1);J1:[0,6);J2:[2,3);J3:[5,6)","J0;J2;J3","3","J0;J2;J3","3","J0;J2;J3","3","J0;J2;J3","3","J0;J2;J3","3"
"2211","J0:[0,1);J1:[0,6);J2:[2,4);J3:[2,5)","J0;J2","2","J0;J2","2","J0;J2","2","J0;J2","2","J0;J3","2"
"2212","J0:[0,1);J1:[0,6);J2:[2,4);J3:[2,6)","J0;J2","2","J0;J2","2","J0;J2","2","J0;J2","2","J0;J3","2"
"2213","J0:[0,1);J1:[0,6);J2:[2,4);J3:[3,4)","J0;J2","2","J0;J2","2","J0;J2","2","J0;J3","2","J0;J3","2"
"2214","J0:[0,1);J1:[0,6);J2:[2,4);J3:[3,5)","J0;J2","2","J0;J2","2","J0;J2","2","J0;J2","2","J0;J3","2"
"2215","J0:[0,1);J1:[0,6);J2:[2,4);J3:[3,6)","J0;J2","2","J0;J2","2","J0;J2","2","J0;J2","2","J0;J3","2"
"2216","J0:[0,1);J1:[0,6);J2:[2,4);J3:[4,5)","J0;J2;J3","3","J0;J2;J3","3","J0;J2;J3","3","J0;J3;J2","3","J0;J2;J3","3"
"2217","J0:[0,1);J1:[0,6);J2:[2,4);J3:[4,6)","J0;J2;J3","3","J0;J2;J3","3","J0;J2;J3","3","J0;J2;J3","3","J0;J2;J3","3"
"2218","J0:[0,1);J1:[0,6);J2:[2,4);J3:[5,6)","J0;J2;J3","3","J0;J2;J3","3","J0;J2;J3","3","J0;J3;J2","3","J0;J2;J3","3"
"2219","J0:[0,1);J1:[0,6);J2:[2,5);J3:[2,6)","J0;J2","2","J0;J2","2","J0;J2","2","J0;J2","2","J0;J3","2"
"2220","J0:[0,1);J1:[0,6);J2:[2,5);J3:[3,4)","J0;J2","2","J0;J3","2","J0;J2","2","J0;J3","2","J0;J3","2"
"2221","J0:[0,1);J1:[0,6);J2:[2,5);J3:[3,5)","J0;J2","2","J0;J2","2","J0;J2","2","J0;J3","2","J0;J3","2"
"2222","J0:[0,1);J1:[0,6);J2:[2,5);J3:[3,6)","J0;J2","2","J0;J2","2","J0;J2","2","J0;J2","2","J0;J3","2"
"2223","J0:[0,1);J1:[0,6);J2:[2,5);J3:[4,5)","J0;J2","2","J0;J2","2","J0;J2","2","J0;J3","2","J0;J3","2"
"2224","J0:[0,1);J1:[0,6);J2:[2,5);J3:[4,6)","J0;J2","2","J0;J2","2","J0;J2","2","J0;J3","2","J0;J3","2"
"2225","J0:[0,1);J1:[0,6);J2:[2,5);J3:[5,6)","J0;J2;J3","3","J0;J2;J3","3","J0;J2;J3","3","J0;J3;J2","3","J0;J2;J3","3"
"2226","J0:[0,1);J1:[0,6);J2:[2,6);J3:[3,4)","J0;J2","2","J0;J3","2","J0;J2","2","J0;J3","2","J0;J3","2"
"2227","J0:[0,1);J1:[0,6);J2:[2,6);J3:[3,5)","J0;J2","2","J0;J3","2","J0;J2","2","J0;J3","2","J0;J3","2"
"2228","J0:[0,1);J1:[0,6);J2:[2,6);J3:[3,6)","J0;J2","2","J0;J2","2","J0;J2","2","J0;J3","2","J0;J3","2"
"2229","J0:[0,1);J1:[0,6);J2:[2,6);J3:[4,5)","J0;J2","2","J0;J3","2","J0;J2","2","J0;J3","2","J0;J3","2"
"2230","J0:[0,1);J1:[0,6);J2:[2,6);J3:[4,6)","J0;J2","2","J0;J2","2","J0;J2","2","J0;J3","2","J0;J3","2"
"2231","J0:[0,1);J1:[0,6);J2:[2,6);J3:[5,6)","J0;J2","2","J0;J2","2","J0;J2","2","J0;J3","2","J0;J3","2"
"2232","J0:[0,1);J1:[0,6);J2:[3,4);J3:[3,5)","J0;J2","2","J0;J2","2","J0;J2","2","J0;J2","2","J0;J3","2"
"2233","J0:[0,1);J1:[0,6);J2:[3,4);J3:[3,6)","J0;J2","2","J0;J2","2","J0;J2","2","J0;J2","2","J0;J3","2"
"2234","J0:[0,1);J1:[0,6);J2:[3,4);J3:[4,5)","J0;J2;J3","3","J0;J2;J3","3","J0;J2;J3","3","J0;J2;J3","3","J0;J2;J3","3"
"2235","J0:[0,1);J1:[0,6);J2:[3,4);J3:[4,6)","J0;J2;J3","3","J0;J2;J3","3","J0;J2;J3","3","J0;J2;J3","3","J0;J2;J3","3"
"2236","J0:[0,1);J1:[0,6);J2:[3,4);J3:[5,6)","J0;J2;J3","3","J0;J2;J3","3","J0;J2;J3","3","J0;J2;J3","3","J0;J2;J3","3"
"2237","J0:[0,1);J1:[0,6);J2:[3,5);J3:[3,6)","J0;J2","2","J0;J2","2","J0;J2","2","J0;J2","2","J0;J3","2"
"2238","J0:[0,1);J1:[0,6);J2:[3,5);J3:[4,5)","J0;J2","2","J0;J2","2","J0;J2","2","J0;J3","2","J0;J3","2"
"2239","J0:[0,1);J1:[0,6);J2:[3,5);J3:[4,6)","J0;J2","2","J0;J2","2","J0;J2","2","J0;J2","2","J0;J3","2"
"2240","J0:[0,1);J1:[0,6);J2:[3,5);J3:[5,6)","J0;J2;J3","3","J0;J2;J3","3","J0;J2;J3","3","J0;J3;J2","3","J0;J2;J3","3"
"2241","J0:[0,1);J1:[0,6);J2:[3,6);J3:[4,5)","J0;J2","2","J0;J3","2","J0;J2","2","J0;J3","2","J0;J3","2"
"2242","J0:[0,1);J1:[0,6);J2:[3,6);J3:[4,6)","J0;J2","2","J0;J2","2","J0;J2","2","J0;J3","2","J0;J3","2"
"2243","J0:[0,1);J1:[0,6);J2:[3,6);J3:[5,6)","J0;J2","2","J0;J2","2","J0;J2","2","J0;J3","2","J0;J3","2"
"2244","J0:[0,1);J1:[0,6);J2:[4,5);J3:[4,6)","J0;J2","2","J0;J2","2","J0;J2","2","J0;J2","2","J0;J3","2"
"2245","J0:[0,1);J1:[0,6);J2:[4,5);J3:[5,6)","J0;J2;J3","3","J0;J2;J3","3","J0;J2;J3","3","J0;J2;J3","3","J0;J2;J3","3"
"2246","J0:[0,1);J1:[0,6);J2:[4,6);J3:[5,6)","J0;J2","2","J0;J2","2","J0;J2","2","J0;J3","2","J0;J3","2"
"2247","J0:[0,1);J1:[1,2);J2:[1,3);J3:[1,4)","J0;J1","2","J0;J1","2","J0;J1","2","J0;J1","2","J0;J3","2"
"2248","J0:[0,1);J1:[1,2);J2:[1,3);J3:[1,5)","J0;J1","2","J0;J1","2","J0;J1","2","J0;J1","2","J0;J3","2"
"2249","J0:[0,1);J1:[1,2);J2:[1,3);J3:[1,6)","J0;J1","2","J0;J1","2","J0;J1","2","J0;J1","2","J0;J3","2"
"2250","J0:[0,1);J1:[1,2);J2:[1,3);J3:[2,3)","J0;J1;J3","3","J0;J1;J3","3","J0;J1;J3","3","J0;J1;J3","3","J0;J1;J3","3"
"2251","J0:[0,1);J1:[1,2);J2:[1,3);J3:[2,4)","J0;J1;J3","3","J0;J1;J3","3","J0;J1;J3","3","J0;J1;J3","3","J0;J1;J3","3"
"2252","J0:[0,1);J1:[1,2);J2:[1,3);J3:[2,5)","J0;J1;J3","3","J0;J1;J3","3","J0;J1;J3","3","J0;J1;J3","3","J0;J1;J3","3"
"2253","J0:[0,1);J1:[1,2);J2:[1,3);J3:[2,6)","J0;J1;J3","3","J0;J1;J3","3","J0;J1;J3","3","J0;J1;J3","3","J0;J1;J3","3"
"2254","J0:[0,1);J1:[1,2);J2:[1,3);J3:[3,4)","J0;J1;J3","3","J0;J1;J3","3","J0;J1;J3","3","J0;J1;J3","3","J0;J2;J3","3"
"2255","J0:[0,1);J1:[1,2);J2:[1,3);J3:[3,5)","J0;J1;J3","3","J0;J1;J3","3","J0;J1;J3","3","J0;J1;J3","3","J0;J2;J3","3"
"2256","J0:[0,1);J1:[1,2);J2:[1,3);J3:[3,6)","J0;J1;J3","3","J0;J1;J3","3","J0;J1;J3","3","J0;J1;J3","3","J0;J2;J3","3"
"2257","J0:[0,1);J1:[1,2);J2:[1,3);J3:[4,5)","J0;J1;J3","3","J0;J1;J3","3","J0;J1;J3","3","J0;J1;J3","3","J0;J2;J3","3"
"2258","J0:[0,1);J1:[1,2);J2:[1,3);J3:[4,6)","J0;J1;J3","3","J0;J1;J3","3","J0;J1;J3","3","J0;J1;J3","3","J0;J2;J3","3"
"2259","J0:[0,1);J1:[1,2);J2:[1,3);J3:[5,6)","J0;J1;J3","3","J0;J1;J3","3","J0;J1;J3","3","J0;J1;J3","3","J0;J2;J3","3"
"2260","J0:[0,1);J1:[1,2);J2:[1,4);J3:[1,5)","J0;J1","2","J0;J1","2","J0;J1","2","J0;J1","2","J0;J3","2"
"2261","J0:[0,1);J1:[1,2);J2:[1,4);J3:[1,6)","J0;J1","2","J0;J1","2","J0;J1","2","J0;J1","2","J0;J3","2"
"2262","J0:[0,1);J1:[1,2);J2:[1,4);J3:[2,3)","J0;J1;J3","3","J0;J1;J3","3","J0;J1;J3","3","J0;J1;J3","3","J0;J1;J3","3"
"2263","J0:[0,1);J1:[1,2);J2:[1,4);J3:[2,4)","J0;J1;J3","3","J0;J1;J3","3","J0;J1;J3","3","J0;J1;J3","3","J0;J1;J3","3"
"2264","J0:[0,1);J1:[1,2);J2:[1,4);J3:[2,5)","J0;J1;J3","3","J0;J1;J3","3","J0;J1;J3","3","J0;J1;J3","3","J0;J1;J3","3"
"2265","J0:[0,1);J1:[1,2);J2:[1,4);J3:[2,6)","J0;J1;J3","3","J0;J1;J3","3","J0;J1;J3","3","J0;J1;J3","3","J0;J1;J3","3"
"2266","J0:[0,1);J1:[1,2);J2:[1,4);J3:[3,4)","J0;J1;J3","3","J0;J1;J3","3","J0;J1;J3","3","J0;J1;J3","3","J0;J1;J3","3"
"2267","J0:[0,1);J1:[1,2);J2:[1,4);J3:[3,5)","J0;J1;J3","3","J0;J1;J3","3","J0;J1;J3","3","J0;J1;J3","3","J0;J1;J3","3"
"2268","J0:[0,1);J1:[1,2);J2:[1,4);J3:[3,6)","J0;J1;J3","3","J0;J1;J3","3","J0;J1;J3","3","J0;J1;J3","3","J0;J1;J3","3"
"2269","J0:[0,1);J1:[1,2);J2:[1,4);J3:[4,5)","J0;J1;J3","3","J0;J1;J3","3","J0;J1;J3","3","J0;J1;J3","3","J0;J2;J3","3"
"2270","J0:[0,1);J1:[1,2);J2:[1,4);J3:[4,6)","J0;J1;J3","3","J0;J1;J3","3","J0;J1;J3","3","J0;J1;J3","3","J0;J2;J3","3"
"2271","J0:[0,1);J1:[1,2);J2:[1,4);J3:[5,6)","J0;J1;J3","3","J0;J1;J3","3","J0;J1;J3","3","J0;J1;J3","3","J0;J2;J3","3"
"2272","J0:[0,1);J1:[1,2);J2:[1,5);J3:[1,6)","J0;J1","2","J0;J1","2","J0;J1","2","J0;J1","2","J0;J3","2"
"2273","J0:[0,1);J1:[1,2);J2:[1,5);J3:[2,3)","J0;J1;J3","3","J0;J1;J3","3","J0;J1;J3","3","J0;J1;J3","3","J0;J1;J3","3"
"2274","J0:[0,1);J1:[1,2);J2:[1,5);J3:[2,4)","J0;J1;J3","3","J0;J1;J3","3","J0;J1;J3","3","J0;J1;J3","3","J0;J1;J3","3"
"2275","J0:[0,1);J1:[1,2);J2:[1,5);J3:[2,5)","J0;J1;J3","3","J0;J1;J3","3","J0;J1;J3","3","J0;J1;J3","3","J0;J1;J3","3"
"2276","J0:[0,1);J1:[1,2);J2:[1,5);J3:[2,6)","J0;J1;J3","3","J0;J1;J3","3","J0;J1;J3","3","J0;J1;J3","3","J0;J1;J3","3"
"2277","J0:[0,1);J1:[1,2);J2:[1,5);J3:[3,4)","J0;J1;J3","3","J0;J1;J3","3","J0;J1;J3","3","J0;J1;J3","3","J0;J1;J3","3"
"2278","J0:[0,1);J1:[1,2);J2:[1,5);J3:[3,5)","J0;J1;J3","3","J0;J1;J3","3","J0;J1;J3","3","J0;J1;J3","3","J0;J1;J3","3"
"2279","J0:[0,1);J1:[1,2);J2:[1,5);J3:[3,6)","J0;J1;J3","3","J0;J1;J3","3","J0;J1;J3","3","J0;J1;J3","3","J0;J1;J3","3"
"2280","J0:[0,1);J1:[1,2);J2:[1,5);J3:[4,5)","J0;J1;J3","3","J0;J1;J3","3","J0;J1;J3","3","J0;J1;J3","3","J0;J1;J3","3"
"2281","J0:[0,1);J1:[1,2);J2:[1,5);J3:[4,6)","J0;J1;J3","3","J0;J1;J3","3","J0;J1;J3","3","J0;J1;J3","3","J0;J1;J3","3"
"2282","J0:[0,1);J1:[1,2);J2:[1,5);J3:[5,6)","J0;J1;J3","3","J0;J1;J3","3","J0;J1;J3","3","J0;J1;J3","3","J0;J2;J3","3"
"2283","J0:[0,1);J1:[1,2);J2:[1,6);J3:[2,3)","J0;J1;J3","3","J0;J1;J3","3","J0;J1;J3","3","J0;J1;J3","3","J0;J1;J3","3"
"2284","J0:[0,1);J1:[1,2);J2:[1,6);J3:[2,4)","J0;J1;J3","3","J0;J1;J3","3","J0;J1;J3","3","J0;J1;J3","3","J0;J1;J3","3"
"2285","J0:[0,1);J1:[1,2);J2:[1,6);J3:[2,5)","J0;J1;J3","3","J0;J1;J3","3","J0;J1;J3","3","J0;J1;J3","3","J0;J1;J3","3"
"2286","J0:[0,1);J1:[1,2);J2:[1,6);J3:[2,6)","J0;J1;J3","3","J0;J1;J3","3","J0;J1;J3","3","J0;J1;J3","3","J0;J1;J3","3"
"2287","J0:[0,1);J1:[1,2);J2:[1,6);J3:[3,4)","J0;J1;J3","3","J0;J1;J3","3","J0;J1;J3","3","J0;J1;J3","3","J0;J1;J3","3"
"2288","J0:[0,1);J1:[1,2);J2:[1,6);J3:[3,5)","J0;J1;J3","3","J0;J1;J3","3","J0;J1;J3","3","J0;J1;J3","3","J0;J1;J3","3"
"2289","J0:[0,1);J1:[1,2);J2:[1,6);J3:[3,6)","J0;J1;J3","3","J0;J1;J3","3","J0;J1;J3","3","J0;J1;J3","3","J0;J1;J3","3"
"2290","J0:[0,1);J1:[1,2);J2:[1,6);J3:[4,5)","J0;J1;J3","3","J0;J1;J3","3","J0;J1;J3","3","J0;J1;J3","3","J0;J1;J3","3"
"2291","J0:[0,1);J1:[1,2);J2:[1,6);J3:[4,6)","J0;J1;J3","3","J0;J1;J3","3","J0;J1;J3","3","J0;J1;J3","3","J0;J1;J3","3"
"2292","J0:[0,1);J1:[1,2);J2:[1,6);J3:[5,6)","J0;J1;J3","3","J0;J1;J3","3","J0;J1;J3","3","J0;J1;J3","3","J0;J1;J3","3"
"2293","J0:[0,1);J1:[1,2);J2:[2,3);J3:[2,4)","J0;J1;J2","3","J0;J1;J2","3","J0;J1;J2","3","J0;J1;J2","3","J0;J1;J3","3"
"2294","J0:[0,1);J1:[1,2);J2:[2,3);J3:[2,5)","J0;J1;J2","3","J0;J1;J2","3","J0;J1;J2","3","J0;J1;J2","3","J0;J1;J3","3"
"2295","J0:[0,1);J1:[1,2);J2:[2,3);J3:[2,6)","J0;J1;J2","3","J0;J1;J2","3","J0;J1;J2","3","J0;J1;J2","3","J0;J1;J3","3"
"2296","J0:[0,1);J1:[1,2);J2:[2,3);J3:[3,4)","J0;J1;J2;J3","4","J0;J1;J2;J3","4","J0;J1;J2;J3","4","J0;J1;J2;J3","4","J0;J1;J2;J3","4"
"2297","J0:[0,1);J1:[1,2);J2:[2,3);J3:[3,5)","J0;J1;J2;J3","4","J0;J1;J2;J3","4","J0;J1;J2;J3","4","J0;J1;J2;J3","4","J0;J1;J2;J3","4"
"2298","J0:[0,1);J1:[1,2);J2:[2,3);J3:[3,6)","J0;J1;J2;J3","4","J0;J1;J2;J3","4","J0;J1;J2;J3","4","J0;J1;J2;J3","4","J0;J1;J2;J3","4"
"2299","J0:[0,1);J1:[1,2);J2:[2,3);J3:[4,5)","J0;J1;J2;J3","4","J0;J1;J2;J3","4","J0;J1;J2;J3","4","J0;J1;J2;J3","4","J0;J1;J2;J3","4"
"2300","J0:[0,1);J1:[1,2);J2:[2,3);J3:[4,6)","J0;J1;J2;J3","4","J0;J1;J2;J3","4","J0;J1;J2;J3","4","J0;J1;J2;J3","4","J0;J1;J2;J3","4"
"2301","J0:[0,1);J1:[1,2);J2:[2,3);J3:[5,6)","J0;J1;J2;J3","4","J0;J1;J2;J3","4","J0;J1;J2;J3","4","J0;J1;J2;J3","4","J0;J1;J2;J3","4"
"2302","J0:[0,1);J1:[1,2);J2:[2,4);J3:[2,5)","J0;J1;J2","3","J0;J1;J2","3","J0;J1;J2","3","J0;J1;J2","3","J0;J1;J3","3"
"2303","J0:[0,1);J1:[1,2);J2:[2,4);J3:[2,6)","J0;J1;J2","3","J0;J1;J2","3","J0;J1;J2","3","J0;J1;J2","3","J0;J1;J3","3"
"2304","J0:[0,1);J1:[1,2);J2:[2,4);J3:[3,4)","J0;J1;J2","3","J0;J1;J2","3","J0;J1;J2","3","J0;J1;J3","3","J0;J1;J3","3"
"2305","J0:[0,1);J1:[1,2);J2:[2,4);J3:[3,5)","J0;J1;J2","3","J0;J1;J2","3","J0;J1;J2","3","J0;J1;J2","3","J0;J1;J3","3"
"2306","J0:[0,1);J1:[1,2);J2:[2,4);J3:[3,6)","J0;J1;J2","3","J0;J1;J2","3","J0;J1;J2","3","J0;J1;J2","3","J0;J1;J3","3"
"2307","J0:[0,1);J1:[1,2);J2:[2,4);J3:[4,5)","J0;J1;J2;J3","4","J0;J1;J2;J3","4","J0;J1;J2;J3","4","J0;J1;J3;J2","4","J0;J1;J2;J3","4"
"2308","J0:[0,1);J1:[1,2);J2:[2,4);J3:[4,6)","J0;J1;J2;J3","4","J0;J1;J2;J3","4","J0;J1;J2;J3","4","J0;J1;J2;J3","4","J0;J1;J2;J3","4"
"2309","J0:[0,1);J1:[1,2);J2:[2,4);J3:[5,6)","J0;J1;J2;J3","4","J0;J1;J2;J3","4","J0;J1;J2;J3","4","J0;J1;J3;J2","4","J0;J1;J2;J3","4"
"2310","J0:[0,1);J1:[1,2);J2:[2,5);J3:[2,6)","J0;J1;J2","3","J0;J1;J2","3","J0;J1;J2","3","J0;J1;J2","3","J0;J1;J3","3"
"2311","J0:[0,1);J1:[1,2);J2:[2,5);J3:[3,4)","J0;J1;J2","3","J0;J1;J3","3","J0;J1;J2","3","J0;J1;J3","3","J0;J1;J3","3"
"2312","J0:[0,1);J1:[1,2);J2:[2,5);J3:[3,5)","J0;J1;J2","3","J0;J1;J2","3","J0;J1;J2","3","J0;J1;J3","3","J0;J1;J3","3"
"2313","J0:[0,1);J1:[1,2);J2:[2,5);J3:[3,6)","J0;J1;J2","3","J0;J1;J2","3","J0;J1;J2","3","J0;J1;J2","3","J0;J1;J3","3"
"2314","J0:[0,1);J1:[1,2);J2:[2,5);J3:[4,5)","J0;J1;J2","3","J0;J1;J2","3","J0;J1;J2","3","J0;J1;J3","3","J0;J1;J3","3"
"2315","J0:[0,1);J1:[1,2);J2:[2,5);J3:[4,6)","J0;J1;J2","3","J0;J1;J2","3","J0;J1;J2","3","J0;J1;J3","3","J0;J1;J3","3"
"2316","J0:[0,1);J1:[1,2);J2:[2,5);J3:[5,6)","J0;J1;J2;J3","4","J0;J1;J2;J3","4","J0;J1;J2;J3","4","J0;J1;J3;J2","4","J0;J1;J2;J3","4"
"2317","J0:[0,1);J1:[1,2);J2:[2,6);J3:[3,4)","J0;J1;J2","3","J0;J1;J3","3","J0;J1;J2","3","J0;J1;J3","3","J0;J1;J3","3"
"2318","J0:[0,1);J1:[1,2);J2:[2,6);J3:[3,5)","J0;J1;J2","3","J0;J1;J3","3","J0;J1;J2","3","J0;J1;J3","3","J0;J1;J3","3"
"2319","J0:[0,1);J1:[1,2);J2:[2,6);J3:[3,6)","J0;J1;J2","3","J0;J1;J2","3","J0;J1;J2","3","J0;J1;J3","3","J0;J1;J3","3"
"2320","J0:[0,1);J1:[1,2);J2:[2,6);J3:[4,5)","J0;J1;J2","3","J0;J1;J3","3","J0;J1;J2","3","J0;J1;J3","3","J0;J1;J3","3"
"2321","J0:[0,1);J1:[1,2);J2:[2,6);J3:[4,6)","J0;J1;J2","3","J0;J1;J2","3","J0;J1;J2","3","J0;J1;J3","3","J0;J1;J3","3"
"2322","J0:[0,1);J1:[1,2);J2:[2,6);J3:[5,6)","J0;J1;J2","3","J0;J1;J2","3","J0;J1;J2","3","J0;J1;J3","3","J0;J1;J3","3"
"2323","J0:[0,1);J1:[1,2);J2:[3,4);J3:[3,5)","J0;J1;J2","3","J0;J1;J2","3","J0;J1;J2","3","J0;J1;J2","3","J0;J1;J3","3"
"2324","J0:[0,1);J1:[1,2);J2:[3,4);J3:[3,6)","J0;J1;J2","3","J0;J1;J2","3","J0;J1;J2","3","J0;J1;J2","3","J0;J1;J3","3"
"2325","J0:[0,1);J1:[1,2);J2:[3,4);J3:[4,5)","J0;J1;J2;J3","4","J0;J1;J2;J3","4","J0;J1;J2;J3","4","J0;J1;J2;J3","4","J0;J1;J2;J3","4"
"2326","J0:[0,1);J1:[1,2);J2:[3,4);J3:[4,6)","J0;J1;J2;J3","4","J0;J1;J2;J3","4","J0;J1;J2;J3","4","J0;J1;J2;J3","4","J0;J1;J2;J3","4"
"2327","J0:[0,1);J1:[1,2);J2:[3,4);J3:[5,6)","J0;J1;J2;J3","4","J0;J1;J2;J3","4","J0;J1;J2;J3","4","J0;J1;J2;J3","4","J0;J1;J2;J3","4"
"2328","J0:[0,1);J1:[1,2);J2:[3,5);J3:[3,6)","J0;J1;J2","3","J0;J1;J2","3","J0;J1;J2","3","J0;J1;J2","3","J0;J1;J3","3"
"2329","J0:[0,1);J1:[1,2);J2:[3,5);J3:[4,5)","J0;J1;J2","3","J0;J1;J2","3","J0;J1;J2","3","J0;J1;J3","3","J0;J1;J3","3"
"2330","J0:[0,1);J1:[1,2);J2:[3,5);J3:[4,6)","J0;J1;J2","3","J0;J1;J2","3","J0;J1;J2","3","J0;J1;J2","3","J0;J1;J3","3"
"2331","J0:[0,1);J1:[1,2);J2:[3,5);J3:[5,6)","J0;J1;J2;J3","4","J0;J1;J2;J3","4","J0;J1;J2;J3","4","J0;J1;J3;J2","4","J0;J1;J2;J3","4"
"2332","J0:[0,1);J1:[1,2);J2:[3,6);J3:[4,5)","J0;J1;J2","3","J0;J1;J3","3","J0;J1;J2","3","J0;J1;J3","3","J0;J1;J3","3"
"2333","J0:[0,1);J1:[1,2);J2:[3,6);J3:[4,6)","J0;J1;J2","3","J0;J1;J2","3","J0;J1;J2","3","J0;J1;J3","3","J0;J1;J3","3"
"2334","J0:[0,1);J1:[1,2);J2:[3,6);J3:[5,6)","J0;J1;J2","3","J0;J1;J2","3","J0;J1;J2","3","J0;J1;J3","3","J0;J1;J3","3"
"2335","J0:[0,1);J1:[1,2);J2:[4,5);J3:[4,6)","J0;J1;J2","3","J0;J1;J2","3","J0;J1;J2","3","J0;J1;J2","3","J0;J1;J3","3"
"2336","J0:[0,1);J1:[1,2);J2:[4,5);J3:[5,6)","J0;J1;J2;J3","4","J0;J1;J2;J3","4","J0;J1;J2;J3","4","J0;J1;J2;J3","4","J0;J1;J2;J3","4"
"2337","J0:[0,1);J1:[1,2);J2:[4,6);J3:[5,6)","J0;J1;J2","3","J0;J1;J2","3","J0;J1;J2","3","J0;J1;J3","3","J0;J1;J3","3"
"2338","J0:[0,1);J1:[1,3);J2:[1,4);J3:[1,5)","J0;J1","2","J0;J1","2","J0;J1","2","J0;J1","2","J0;J3","2"
"2339","J0:[0,1);J1:[1,3);J2:[1,4);J3:[1,6)","J0;J1","2","J0;J1","2","J0;J1","2","J0;J1","2","J0;J3","2"
"2340","J0:[0,1);J1:[1,3);J2:[1,4);J3:[2,3)","J0;J1","2","J0;J1","2","J0;J1","2","J0;J3","2","J0;J3","2"
"2341","J0:[0,1);J1:[1,3);J2:[1,4);J3:[2,4)","J0;J1","2","J0;J1","2","J0;J1","2","J0;J1","2","J0;J3","2"
"2342","J0:[0,1);J1:[1,3);J2:[1,4);J3:[2,5)","J0;J1","2","J0;J1","2","J0;J1","2","J0;J1","2","J0;J3","2"
"2343","J0:[0,1);J1:[1,3);J2:[1,4);J3:[2,6)","J0;J1","2","J0;J1","2","J0;J1","2","J0;J1","2","J0;J3","2"
"2344","J0:[0,1);J1:[1,3);J2:[1,4);J3:[3,4)","J0;J1;J3","3","J0;J1;J3","3","J0;J1;J3","3","J0;J3;J1","3","J0;J1;J3","3"
"2345","J0:[0,1);J1:[1,3);J2:[1,4);J3:[3,5)","J0;J1;J3","3","J0;J1;J3","3","J0;J1;J3","3","J0;J1;J3","3","J0;J1;J3","3"
"2346","J0:[0,1);J1:[1,3);J2:[1,4);J3:[3,6)","J0;J1;J3","3","J0;J1;J3","3","J0;J1;J3","3","J0;J1;J3","3","J0;J1;J3","3"
"2347","J0:[0,1);J1:[1,3);J2:[1,4);J3:[4,5)","J0;J1;J3","3","J0;J1;J3","3","J0;J1;J3","3","J0;J3;J1","3","J0;J2;J3","3"
"2348","J0:[0,1);J1:[1,3);J2:[1,4);J3:[4,6)","J0;J1;J3","3","J0;J1;J3","3","J0;J1;J3","3","J0;J1;J3","3","J0;J2;J3","3"
"2349","J0:[0,1);J1:[1,3);J2:[1,4);J3:[5,6)","J0;J1;J3","3","J0;J1;J3","3","J0;J1;J3","3","J0;J3;J1","3","J0;J2;J3","3"
"2350","J0:[0,1);J1:[1,3);J2:[1,5);J3:[1,6)","J0;J1","2","J0;J1","2","J0;J1","2","J0;J1","2","J0;J3","2"
"2351","J0:[0,1);J1:[1,3);J2:[1,5);J3:[2,3)","J0;J1","2","J0;J1","2","J0;J1","2","J0;J3","2","J0;J3","2"
"2352","J0:[0,1);J1:[1,3);J2:[1,5);J3:[2,4)","J0;J1","2","J0;J1","2","J0;J1","2","J0;J1","2","J0;J3","2"
"2353","J0:[0,1);J1:[1,3);J2:[1,5);J3:[2,5)","J0;J1","2","J0;J1","2","J0;J1","2","J0;J1","2","J0;J3","2"
"2354","J0:[0,1);J1:[1,3);J2:[1,5);J3:[2,6)","J0;J1","2","J0;J1","2","J0;J1","2","J0;J1","2","J0;J3","2"
"2355","J0:[0,1);J1:[1,3);J2:[1,5);J3:[3,4)","J0;J1;J3","3","J0;J1;J3","3","J0;J1;J3","3","J0;J3;J1","3","J0;J1;J3","3"
"2356","J0:[0,1);J1:[1,3);J2:[1,5);J3:[3,5)","J0;J1;J3","3","J0;J1;J3","3","J0;J1;J3","3","J0;J1;J3","3","J0;J1;J3","3"
"2357","J0:[0,1);J1:[1,3);J2:[1,5);J3:[3,6)","J0;J1;J3","3","J0;J1;J3","3","J0;J1;J3","3","J0;J1;J3","3","J0;J1;J3","3"
"2358","J0:[0,1);J1:[1,3);J2:[1,5);J3:[4,5)","J0;J1;J3","3","J0;J1;J3","3","J0;J1;J3","3","J0;J3;J1","3","J0;J1;J3","3"
"2359","J0:[0,1);J1:[1,3);J2:[1,5);J3:[4,6)","J0;J1;J3","3","J0;J1;J3","3","J0;J1;J3","3","J0;J1;J3","3","J0;J1;J3","3"
"2360","J0:[0,1);J1:[1,3);J2:[1,5);J3:[5,6)","J0;J1;J3","3","J0;J1;J3","3","J0;J1;J3","3","J0;J3;J1","3","J0;J2;J3","3"
"2361","J0:[0,1);J1:[1,3);J2:[1,6);J3:[2,3)","J0;J1","2","J0;J1","2","J0;J1","2","J0;J3","2","J0;J3","2"
"2362","J0:[0,1);J1:[1,3);J2:[1,6);J3:[2,4)","J0;J1","2","J0;J1","2","J0;J1","2","J0;J1","2","J0;J3","2"
"2363","J0:[0,1);J1:[1,3);J2:[1,6);J3:[2,5)","J0;J1","2","J0;J1","2","J0;J1","2","J0;J1","2","J0;J3","2"
"2364","J0:[0,1);J1:[1,3);J2:[1,6);J3:[2,6)","J0;J1","2","J0;J1","2","J0;J1","2","J0;J1","2","J0;J3","2"
"2365","J0:[0,1);J1:[1,3);J2:[1,6);J3:[3,4)","J0;J1;J3","3","J0;J1;J3","3","J0;J1;J3","3","J0;J3;J1","3","J0;J1;J3","3"
"2366","J0:[0,1);J1:[1,3);J2:[1,6);J3:[3,5)","J0;J1;J3","3","J0;J1;J3","3","J0;J1;J3","3","J0;J1;J3","3","J0;J1;J3","3"
"2367","J0:[0,1);J1:[1,3);J2:[1,6);J3:[3,6)","J0;J1;J3","3","J0;J1;J3","3","J0;J1;J3","3","J0;J1;J3","3","J0;J1;J3","3"
"2368","J0:[0,1);J1:[1,3);J2:[1,6);J3:[4,5)","J0;J1;J3","3","J0;J1;J3","3","J0;J1;J3","3","J0;J3;J1","3","J0;J1;J3","3"
"2369","J0:[0,1);J1:[1,3);J2:[1,6);J3:[4,6)","J0;J1;J3","3","J0;J1;J3","3","J0;J1;J3","3","J0;J1;J3","3","J0;J1;J3","3"
"2370","J0:[0,1);J1:[1,3);J2:[1,6);J3:[5,6)","J0;J1;J3","3","J0;J1;J3","3","J0;J1;J3","3","J0;J3;J1","3","J0;J1;J3","3"
"2371","J0:[0,1);J1:[1,3);J2:[2,3);J3:[2,4)","J0;J1","2","J0;J1","2","J0;J1","2","J0;J2","2","J0;J3","2"
"2372","J0:[0,1);J1:[1,3);J2:[2,3);J3:[2,5)","J0;J1","2","J0;J1","2","J0;J1","2","J0;J2","2","J0;J3","2"
"2373","J0:[0,1);J1:[1,3);J2:[2,3);J3:[2,6)","J0;J1","2","J0;J1","2","J0;J1","2","J0;J2","2","J0;J3","2"
"2374","J0:[0,1);J1:[1,3);J2:[2,3);J3:[3,4)","J0;J1;J3","3","J0;J1;J3","3","J0;J1;J3","3","J0;J2;J3","3","J0;J2;J3","3"
"2375","J0:[0,1);J1:[1,3);J2:[2,3);J3:[3,5)","J0;J1;J3","3","J0;J1;J3","3","J0;J1;J3","3","J0;J2;J3","3","J0;J2;J3","3"
"2376","J0:[0,1);J1:[1,3);J2:[2,3);J3:[3,6)","J0;J1;J3","3","J0;J1;J3","3","J0;J1;J3","3","J0;J2;J3","3","J0;J2;J3","3"
"2377","J0:[0,1);J1:[1,3);J2:[2,3);J3:[4,5)","J0;J1;J3","3","J0;J1;J3","3","J0;J1;J3","3","J0;J2;J3","3","J0;J2;J3","3"
"2378","J0:[0,1);J1:[1,3);J2:[2,3);J3:[4,6)","J0;J1;J3","3","J0;J1;J3","3","J0;J1;J3","3","J0;J2;J3","3","J0;J2;J3","3"
"2379","J0:[0,1);J1:[1,3);J2:[2,3);J3:[5,6)","J0;J1;J3","3","J0;J1;J3","3","J0;J1;J3","3","J0;J2;J3","3","J0;J2;J3","3"
"2380","J0:[0,1);J1:[1,3);J2:[2,4);J3:[2,5)","J0;J1","2","J0;J1","2","J0;J1","2","J0;J1","2","J0;J3","2"
"2381","J0:[0,1);J1:[1,3);J2:[2,4);J3:[2,6)","J0;J1","2","J0;J1","2","J0;J1","2","J0;J1","2","J0;J3","2"
"2382","J0:[0,1);J1:[1,3);J2:[2,4);J3:[3,4)","J0;J1;J3","3","J0;J1;J3","3","J0;J1;J3","3","J0;J3;J1","3","J0;J1;J3","3"
"2383","J0:[0,1);J1:[1,3);J2:[2,4);J3:[3,5)","J0;J1;J3","3","J0;J1;J3","3","J0;J1;J3","3","J0;J1;J3","3","J0;J1;J3","3"
"2384","J0:[0,1);J1:[1,3);J2:[2,4);J3:[3,6)","J0;J1;J3","3","J0;J1;J3","3","J0;J1;J3","3","J0;J1;J3","3","J0;J1;J3","3"
"2385","J0:[0,1);J1:[1,3);J2:[2,4);J3:[4,5)","J0;J1;J3","3","J0;J1;J3","3","J0;J1;J3","3","J0;J3;J1","3","J0;J2;J3","3"
"2386","J0:[0,1);J1:[1,3);J2:[2,4);J3:[4,6)","J0;J1;J3","3","J0;J1;J3","3","J0;J1;J3","3","J0;J1;J3","3","J0;J2;J3","3"
"2387","J0:[0,1);J1:[1,3);J2:[2,4);J3:[5,6)","J0;J1;J3","3","J0;J1;J3","3","J0;J1;J3","3","J0;J3;J1","3","J0;J2;J3","3"
"2388","J0:[0,1);J1:[1,3);J2:[2,5);J3:[2,6)","J0;J1","2","J0;J1","2","J0;J1","2","J0;J1","2","J0;J3","2"
"2389","J0:[0,1);J1:[1,3);J2:[2,5);J3:[3,4)","J0;J1;J3","3","J0;J1;J3","3","J0;J1;J3","3","J0;J3;J1","3","J0;J1;J3","3"
"2390","J0:[0,1);J1:[1,3);J2:[2,5);J3:[3,5)","J0;J1;J3","3","J0;J1;J3","3","J0;J1;J3","3","J0;J1;J3","3","J0;J1;J3","3"
"2391","J0:[0,1);J1:[1,3);J2:[2,5);J3:[3,6)","J0;J1;J3","3","J0;J1;J3","3","J0;J1;J3","3","J0;J1;J3","3","J0;J1;J3","3"
"2392","J0:[0,1);J1:[1,3);J2:[2,5);J3:[4,5)","J0;J1;J3","3","J0;J1;J3","3","J0;J1;J3","3","J0;J3;J1","3","J0;J1;J3","3"
"2393","J0:[0,1);J1:[1,3);J2:[2,5);J3:[4,6)","J0;J1;J3","3","J0;J1;J3","3","J0;J1;J3","3","J0;J1;J3","3","J0;J1;J3","3"
"2394","J0:[0,1);J1:[1,3);J2:[2,5);J3:[5,6)","J0;J1;J3","3","J0;J1;J3","3","J0;J1;J3","3","J0;J3;J1","3","J0;J2;J3","3"
"2395","J0:[0,1);J1:[1,3);J2:[2,6);J3:[3,4)","J0;J1;J3","3","J0;J1;J3","3","J0;J1;J3","3","J0;J3;J1","3","J0;J1;J3","3"
"2396","J0:[0,1);J1:[1,3);J2:[2,6);J3:[3,5)","J0;J1;J3","3","J0;J1;J3","3","J0;J1;J3","3","J0;J1;J3","3","J0;J1;J3","3"
"2397","J0:[0,1);J1:[1,3);J2:[2,6);J3:[3,6)","J0;J1;J3","3","J0;J1;J3","3","J0;J1;J3","3","J0;J1;J3","3","J0;J1;J3","3"
"2398","J0:[0,1);J1:[1,3);J2:[2,6);J3:[4,5)","J0;J1;J3","3","J0;J1;J3","3","J0;J1;J3","3","J0;J3;J1","3","J0;J1;J3","3"
"2399","J0:[0,1);J1:[1,3);J2:[2,6);J3:[4,6)","J0;J1;J3","3","J0;J1;J3","3","J0;J1;J3","3","J0;J1;J3","3","J0;J1;J3","3"
"2400","J0:[0,1);J1:[1,3);J2:[2,6);J3:[5,6)","J0;J1;J3","3","J0;J1;J3","3","J0;J1;J3","3","J0;J3;J1","3","J0;J1;J3","3"
"2401","J0:[0,1);J1:[1,3);J2:[3,4);J3:[3,5)","J0;J1;J2","3","J0;J1;J2","3","J0;J1;J2","3","J0;J2;J1","3","J0;J1;J3","3"
"2402","J0:[0,1);J1:[1,3);J2:[3,4);J3:[3,6)","J0;J1;J2","3","J0;J1;J2","3","J0;J1;J2","3","J0;J2;J1","3","J0;J1;J3","3"
"2403","J0:[0,1);J1:[1,3);J2:[3,4);J3:[4,5)","J0;J1;J2;J3","4","J0;J1;J2;J3","4","J0;J1;J2;J3","4","J0;J2;J3;J1","4","J0;J1;J2;J3","4"
"2404","J0:[0,1);J1:[1,3);J2:[3,4);J3:[4,6)","J0;J1;J2;J3","4","J0;J1;J2;J3","4","J0;J1;J2;J3","4","J0;J2;J1;J3","4","J0;J1;J2;J3","4"
"2405","J0:[0,1);J1:[1,3);J2:[3,4);J3:[5,6)","J0;J1;J2;J3","4","J0;J1;J2;J3","4","J0;J1;J2;J3","4","J0;J2;J3;J1","4","J0;J1;J2;J3","4"
"2406","J0:[0,1);J1:[1,3);J2:[3,5);J3:[3,6)","J0;J1;J2","3","J0;J1;J2","3","J0;J1;J2","3","J0;J1;J2","3","J0;J1;J3","3"
"2407","J0:[0,1);J1:[1,3);J2:[3,5);J3:[4,5)","J0;J1;J2","3","J0;J1;J2","3","J0;J1;J2","3","J0;J3;J1","3","J0;J1;J3","3"
"2408","J0:[0,1);J1:[1,3);J2:[3,5);J3:[4,6)","J0;J1;J2","3","J0;J1;J2","3","J0;J1;J2","3","J0;J1;J2","3","J0;J1;J3","3"
"2409","J0:[0,1);J1:[1,3);J2:[3,5);J3:[5,6)","J0;J1;J2;J3","4","J0;J1;J2;J3","4","J0;J1;J2;J3","4","J0;J3;J1;J2","4","J0;J1;J2;J3","4"
"2410","J0:[0,1);J1:[1,3);J2:[3,6);J3:[4,5)","J0;J1;J2","3","J0;J1;J3","3","J0;J1;J2","3","J0;J3;J1","3","J0;J1;J3","3"
"2411","J0:[0,1);J1:[1,3);J2:[3,6);J3:[4,6)","J0;J1;J2","3","J0;J1;J2","3","J0;J1;J2","3","J0;J1;J3","3","J0;J1;J3","3"
"2412","J0:[0,1);J1:[1,3);J2:[3,6);J3:[5,6)","J0;J1;J2","3","J0;J1;J2","3","J0;J1;J2","3","J0;J3;J1","3","J0;J1;J3","3"
"2413","J0:[0,1);J1:[1,3);J2:[4,5);J3:[4,6)","J0;J1;J2","3","J0;J1;J2","3","J0;J1;J2","3","J0;J2;J1","3","J0;J1;J3","3"
"2414","J0:[0,1);J1:[1,3);J2:[4,5);J3:[5,6)","J0;J1;J2;J3","4","J0;J1;J2;J3","4","J0;J1;J2;J3","4","J0;J2;J3;J1","4","J0;J1;J2;J3","4"
"2415","J0:[0,1);J1:[1,3);J2:[4,6);J3:[5,6)","J0;J1;J2","3","J0;J1;J2","3","J0;J1;J2","3","J0;J3;J1","3","J0;J1;J3","3"
"2416","J0:[0,1);J1:[1,4);J2:[1,5);J3:[1,6)","J0;J1","2","J0;J1","2","J0;J1","2","J0;J1","2","J0;J3","2"
"2417","J0:[0,1);J1:[1,4);J2:[1,5);J3:[2,3)","J0;J1","2","J0;J3","2","J0;J1","2","J0;J3","2","J0;J3","2"
"2418","J0:[0,1);J1:[1,4);J2:[1,5);J3:[2,4)","J0;J1","2","J0;J1","2","J0;J1","2","J0;J3","2","J0;J3","2"
"2419","J0:[0,1);J1:[1,4);J2:[1,5);J3:[2,5)","J0;J1","2","J0;J1","2","J0;J1","2","J0;J1","2","J0;J3","2"
"2420","J0:[0,1);J1:[1,4);J2:[1,5);J3:[2,6)","J0;J1","2","J0;J1","2","J0;J1","2","J0;J1","2","J0;J3","2"
"2421","J0:[0,1);J1:[1,4);J2:[1,5);J3:[3,4)","J0;J1","2","J0;J1","2","J0;J1","2","J0;J3","2","J0;J3","2"
"2422","J0:[0,1);J1:[1,4);J2:[1,5);J3:[3,5)","J0;J1","2","J0;J1","2","J0;J1","2","J0;J3","2","J0;J3","2"
"2423","J0:[0,1);J1:[1,4);J2:[1,5);J3:[3,6)","J0;J1","2","J0;J1","2","J0;J1","2","J0;J1","2","J0;J3","2"
"2424","J0:[0,1);J1:[1,4);J2:[1,5);J3:[4,5)","J0;J1;J3","3","J0;J1;J3","3","J0;J1;J3","3","J0;J3;J1","3","J0;J1;J3","3"
"2425","J0:[0,1);J1:[1,4);J2:[1,5);J3:[4,6)","J0;J1;J3","3","J0;J1;J3","3","J0;J1;J3","3","J0;J3;J1","3","J0;J1;J3","3"
"2426","J0:[0,1);J1:[1,4);J2:[1,5);J3:[5,6)","J0;J1;J3","3","J0;J1;J3","3","J0;J1;J3","3","J0;J3;J1","3","J0;J2;J3","3"
"2427","J0:[0,1);J1:[1,4);J2:[1,6);J3:[2,3)","J0;J1","2","J0;J3","2","J0;J1","2","J0;J3","2","J0;J3","2"
"2428","J0:[0,1);J1:[1,4);J2:[1,6);J3:[2,4)","J0;J1","2","J0;J1","2","J0;J1","2","J0;J3","2","J0;J3","2"
"2429","J0:[0,1);J1:[1,4);J2:[1,6);J3:[2,5)","J0;J1","2","J0;J1","2","J0;J1","2","J0;J1","2","J0;J3","2"
"2430","J0:[0,1);J1:[1,4);J2:[1,6);J3:[2,6)","J0;J1","2","J0;J1","2","J0;J1","2","J0;J1","2","J0;J3","2"
"2431","J0:[0,1);J1:[1,4);J2:[1,6);J3:[3,4)","J0;J1","2","J0;J1","2","J0;J1","2","J0;J3","2","J0;J3","2"
"2432","J0:[0,1);J1:[1,4);J2:[1,6);J3:[3,5)","J0;J1","2","J0;J1","2","J0;J1","2","J0;J3","2","J0;J3","2"
"2433","J0:[0,1);J1:[1,4);J2:[1,6);J3:[3,6)","J0;J1","2","J0;J1","2","J0;J1","2","J0;J1","2","J0;J3","2"
"2434","J0:[0,1);J1:[1,4);J2:[1,6);J3:[4,5)","J0;J1;J3","3","J0;J1;J3","3","J0;J1;J3","3","J0;J3;J1","3","J0;J1;J3","3"
"2435","J0:[0,1);J1:[1,4);J2:[1,6);J3:[4,6)","J0;J1;J3","3","J0;J1;J3","3","J0;J1;J3","3","J0;J3;J1","3","J0;J1;J3","3"
"2436","J0:[0,1);J1:[1,4);J2:[1,6);J3:[5,6)","J0;J1;J3","3","J0;J1;J3","3","J0;J1;J3","3","J0;J3;J1","3","J0;J1;J3","3"
"2437","J0:[0,1);J1:[1,4);J2:[2,3);J3:[2,4)","J0;J1","2","J0;J2","2","J0;J1","2","J0;J2","2","J0;J3","2"
"2438","J0:[0,1);J1:[1,4);J2:[2,3);J3:[2,5)","J0;J1","2","J0;J2","2","J0;J1","2","J0;J2","2","J0;J3","2"
"2439","J0:[0,1);J1:[1,4);J2:[2,3);J3:[2,6)","J0;J1","2","J0;J2","2","J0;J1","2","J0;J2","2","J0;J3","2"
"2440","J0:[0,1);J1:[1,4);J2:[2,3);J3:[3,4)","J0;J2;J3","3","J0;J2;J3","3","J0;J1","2","J0;J2;J3","3","J0;J2;J3","3"
"2441","J0:[0,1);J1:[1,4);J2:[2,3);J3:[3,5)","J0;J2;J3","3","J0;J2;J3","3","J0;J1","2","J0;J2;J3","3","J0;J2;J3","3"
"2442","J0:[0,1);J1:[1,4);J2:[2,3);J3:[3,6)","J0;J2;J3","3","J0;J2;J3","3","J0;J1","2","J0;J2;J3","3","J0;J2;J3","3"
"2443","J0:[0,1);J1:[1,4);J2:[2,3);J3:[4,5)","J0;J1;J3","3","J0;J2;J3","3","J0;J1;J3","3","J0;J2;J3","3","J0;J2;J3","3"
"2444","J0:[0,1);J1:[1,4);J2:[2,3);J3:[4,6)","J0;J1;J3","3","J0;J2;J3","3","J0;J1;J3","3","J0;J2;J3","3","J0;J2;J3","3"
"2445","J0:[0,1);J1:[1,4);J2:[2,3);J3:[5,6)","J0;J1;J3","3","J0;J2;J3","3","J0;J1;J3","3","J0;J2;J3","3","J0;J2;J3","3"
"2446","J0:[0,1);J1:[1,4);J2:[2,4);J3:[2,5)","J0;J1","2","J0;J1","2","J0;J1","2","J0;J2","2","J0;J3","2"
"2447","J0:[0,1);J1:[1,4);J2:[2,4);J3:[2,6)","J0;J1","2","J0;J1","2","J0;J1","2","J0;J2","2","J0;J3","2"
"2448","J0:[0,1);J1:[1,4);J2:[2,4);J3:[3,4)","J0;J1","2","J0;J1","2","J0;J1","2","J0;J3","2","J0;J3","2"
"2449","J0:[0,1);J1:[1,4);J2:[2,4);J3:[3,5)","J0;J1","2","J0;J1","2","J0;J1","2","J0;J2","2","J0;J3","2"
"2450","J0:[0,1);J1:[1,4);J2:[2,4);J3:[3,6)","J0;J1","2","J0;J1","2","J0;J1","2","J0;J2","2","J0;J3","2"
"2451","J0:[0,1);J1:[1,4);J2:[2,4);J3:[4,5)","J0;J1;J3","3","J0;J1;J3","3","J0;J1;J3","3","J0;J3;J2","3","J0;J2;J3","3"
"2452","J0:[0,1);J1:[1,4);J2:[2,4);J3:[4,6)","J0;J1;J3","3","J0;J1;J3","3","J0;J1;J3","3","J0;J2;J3","3","J0;J2;J3","3"
"2453","J0:[0,1);J1:[1,4);J2:[2,4);J3:[5,6)","J0;J1;J3","3","J0;J1;J3","3","J0;J1;J3","3","J0;J3;J2","3","J0;J2;J3","3"
"2454","J0:[0,1);J1:[1,4);J2:[2,5);J3:[2,6)","J0;J1","2","J0;J1","2","J0;J1","2","J0;J1","2","J0;J3","2"
"2455","J0:[0,1);J1:[1,4);J2:[2,5);J3:[3,4)","J0;J1","2","J0;J1","2","J0;J1","2","J0;J3","2","J0;J3","2"
"2456","J0:[0,1);J1:[1,4);J2:[2,5);J3:[3,5)","J0;J1","2","J0;J1","2","J0;J1","2","J0;J3","2","J0;J3","2"
"2457","J0:[0,1);J1:[1,4);J2:[2,5);J3:[3,6)","J0;J1","2","J0;J1","2","J0;J1","2","J0;J1","2","J0;J3","2"
"2458","J0:[0,1);J1:[1,4);J2:[2,5);J3:[4,5)","J0;J1;J3","3","J0;J1;J3","3","J0;J1;J3","3","J0;J3;J1","3","J0;J1;J3","3"
"2459","J0:[0,1);J1:[1,4);J2:[2,5);J3:[4,6)","J0;J1;J3","3","J0;J1;J3","3","J0;J1;J3","3","J0;J3;J1","3","J0;J1;J3","3"
"2460","J0:[0,1);J1:[1,4);J2:[2,5);J3:[5,6)","J0;J1;J3","3","J0;J1;J3","3","J0;J1;J3","3","J0;J3;J1","3","J0;J2;J3","3"
"2461","J0:[0,1);J1:[1,4);J2:[2,6);J3:[3,4)","J0;J1","2","J0;J1","2","J0;J1","2","J0;J3","2","J0;J3","2"
"2462","J0:[0,1);J1:[1,4);J2:[2,6);J3:[3,5)","J0;J1","2","J0;J1","2","J0;J1","2","J0;J3","2","J0;J3","2"
"2463","J0:[0,1);J1:[1,4);J2:[2,6);J3:[3,6)","J0;J1","2","J0;J1","2","J0;J1","2","J0;J1","2","J0;J3","2"
"2464","J0:[0,1);J1:[1,4);J2:[2,6);J3:[4,5)","J0;J1;J3","3","J0;J1;J3","3","J0;J1;J3","3","J0;J3;J1","3","J0;J1;J3","3"
"2465","J0:[0,1);J1:[1,4);J2:[2,6);J3:[4,6)","J0;J1;J3","3","J0;J1;J3","3","J0;J1;J3","3","J0;J3;J1","3","J0;J1;J3","3"
"2466","J0:[0,1);J1:[1,4);J2:[2,6);J3:[5,6)","J0;J1;J3","3","J0;J1;J3","3","J0;J1;J3","3","J0;J3;J1","3","J0;J1;J3","3"
"2467","J0:[0,1);J1:[1,4);J2:[3,4);J3:[3,5)","J0;J1","2","J0;J1","2","J0;J1","2","J0;J2","2","J0;J3","2"
"2468","J0:[0,1);J1:[1,4);J2:[3,4);J3:[3,6)","J0;J1","2","J0;J1","2","J0;J1","2","J0;J2","2","J0;J3","2"
"2469","J0:[0,1);J1:[1,4);J2:[3,4);J3:[4,5)","J0;J1;J3","3","J0;J1;J3","3","J0;J1;J3","3","J0;J2;J3","3","J0;J2;J3","3"
"2470","J0:[0,1);J1:[1,4);J2:[3,4);J3:[4,6)","J0;J1;J3","3","J0;J1;J3","3","J0;J1;J3","3","J0;J2;J3","3","J0;J2;J3","3"
"2471","J0:[0,1);J1:[1,4);J2:[3,4);J3:[5,6)","J0;J1;J3","3","J0;J1;J3","3","J0;J1;J3","3","J0;J2;J3","3","J0;J2;J3","3"
"2472","J0:[0,1);J1:[1,4);J2:[3,5);J3:[3,6)","J0;J1","2","J0;J1","2","J0;J1","2","J0;J2","2","J0;J3","2"
"2473","J0:[0,1);J1:[1,4);J2:[3,5);J3:[4,5)","J0;J1;J3","3","J0;J1;J3","3","J0;J1;J3","3","J0;J3;J1","3","J0;J1;J3","3"
"2474","J0:[0,1);J1:[1,4);J2:[3,5);J3:[4,6)","J0;J1;J3","3","J0;J1;J3","3","J0;J1;J3","3","J0;J2","2","J0;J1;J3","3"
"2475","J0:[0,1);J1:[1,4);J2:[3,5);J3:[5,6)","J0;J1;J3","3","J0;J1;J3","3","J0;J1;J3","3","J0;J3;J2","3","J0;J2;J3","3"
"2476","J0:[0,1);J1:[1,4);J2:[3,6);J3:[4,5)","J0;J1;J3","3","J0;J1;J3","3","J0;J1;J3","3","J0;J3;J1","3","J0;J1;J3","3"
"2477","J0:[0,1);J1:[1,4);J2:[3,6);J3:[4,6)","J0;J1;J3","3","J0;J1;J3","3","J0;J1;J3","3","J0;J3;J1","3","J0;J1;J3","3"
"2478","J0:[0,1);J1:[1,4);J2:[3,6);J3:[5,6)","J0;J1;J3","3","J0;J1;J3","3","J0;J1;J3","3","J0;J3;J1","3","J0;J1;J3","3"
"2479","J0:[0,1);J1:[1,4);J2:[4,5);J3:[4,6)","J0;J1;J2","3","J0;J1;J2","3","J0;J1;J2","3","J0;J2;J1","3","J0;J1;J3","3"
"2480","J0:[0,1);J1:[1,4);J2:[4,5);J3:[5,6)","J0;J1;J2;J3","4","J0;J1;J2;J3","4","J0;J1;J2;J3","4","J0;J2;J3;J1","4","J0;J1;J2;J3","4"
"2481","J0:[0,1);J1:[1,4);J2:[4,6);J3:[5,6)","J0;J1;J2","3","J0;J1;J2","3","J0;J1;J2","3","J0;J3;J1","3","J0;J1;J3","3"
"2482","J0:[0,1);J1:[1,5);J2:[1,6);J3:[2,3)","J0;J1","2","J0;J3","2","J0;J1","2","J0;J3","2","J0;J3","2"
"2483","J0:[0,1);J1:[1,5);J2:[1,6);J3:[2,4)","J0;J1","2","J0;J3","2","J0;J1","2","J0;J3","2","J0;J3","2"
"2484","J0:[0,1);J1:[1,5);J2:[1,6);J3:[2,5)","J0;J1","2","J0;J1","2","J0;J1","2","J0;J3","2","J0;J3","2"
"2485","J0:[0,1);J1:[1,5);J2:[1,6);J3:[2,6)","J0;J1","2","J0;J1","2","J0;J1","2","J0;J1","2","J0;J3","2"
"2486","J0:[0,1);J1:[1,5);J2:[1,6);J3:[3,4)","J0;J1","2","J0;J3","2","J0;J1","2","J0;J3","2","J0;J3","2"
"2487","J0:[0,1);J1:[1,5);J2:[1,6);J3:[3,5)","J0;J1","2","J0;J1","2","J0;J1","2","J0;J3","2","J0;J3","2"
"2488","J0:[0,1);J1:[1,5);J2:[1,6);J3:[3,6)","J0;J1","2","J0;J1","2","J0;J1","2","J0;J3","2","J0;J3","2"
"2489","J0:[0,1);J1:[1,5);J2:[1,6);J3:[4,5)","J0;J1","2","J0;J1","2","J0;J1","2","J0;J3","2","J0;J3","2"
"2490","J0:[0,1);J1:[1,5);J2:[1,6);J3:[4,6)","J0;J1","2","J0;J1","2","J0;J1","2","J0;J3","2","J0;J3","2"
"2491","J0:[0,1);J1:[1,5);J2:[1,6);J3:[5,6)","J0;J1;J3","3","J0;J1;J3","3","J0;J1;J3","3","J0;J3;J1","3","J0;J1;J3","3"
"2492","J0:[0,1);J1:[1,5);J2:[2,3);J3:[2,4)","J0;J1","2","J0;J2","2","J0;J1","2","J0;J2","2","J0;J3","2"
"2493","J0:[0,1);J1:[1,5);J2:[2,3);J3:[2,5)","J0;J1","2","J0;J2","2","J0;J1","2","J0;J2","2","J0;J3","2"
"2494","J0:[0,1);J1:[1,5);J2:[2,3);J3:[2,6)","J0;J1","2","J0;J2","2","J0;J1","2","J0;J2","2","J0;J3","2"
"2495","J0:[0,1);J1:[1,5);J2:[2,3);J3:[3,4)","J0;J2;J3","3","J0;J2;J3","3","J0;J1","2","J0;J2;J3","3","J0;J2;J3","3"
"2496","J0:[0,1);J1:[1,5);J2:[2,3);J3:[3,5)","J0;J2;J3","3","J0;J2;J3","3","J0;J1","2","J0;J2;J3","3","J0;J2;J3","3"
"2497","J0:[0,1);J1:[1,5);J2:[2,3);J3:[3,6)","J0;J2;J3","3","J0;J2;J3","3","J0;J1","2","J0;J2;J3","3","J0;J2;J3","3"
"2498","J0:[0,1);J1:[1,5);J2:[2,3);J3:[4,5)","J0;J2;J3","3","J0;J2;J3","3","J0;J1","2","J0;J2;J3","3","J0;J2;J3","3"
"2499","J0:[0,1);J1:[1,5);J2:[2,3);J3:[4,6)","J0;J2;J3","3","J0;J2;J3","3","J0;J1","2","J0;J2;J3","3","J0;J2;J3","3"
"2500","J0:[0,1);J1:[1,5);J2:[2,3);J3:[5,6)","J0;J1;J3","3","J0;J2;J3","3","J0;J1;J3","3","J0;J2;J3","3","J0;J2;J3","3"
"2501","J0:[0,1);J1:[1,5);J2:[2,4);J3:[2,5)","J0;J1","2","J0;J2","2","J0;J1","2","J0;J2","2","J0;J3","2"
"2502","J0:[0,1);J1:[1,5);J2:[2,4);J3:[2,6)","J0;J1","2","J0;J2","2","J0;J1","2","J0;J2","2","J0;J3","2"
"2503","J0:[0,1);J1:[1,5);J2:[2,4);J3:[3,4)","J0;J1","2","J0;J2","2","J0;J1","2","J0;J3","2","J0;J3","2"
"2504","J0:[0,1);J1:[1,5);J2:[2,4);J3:[3,5)","J0;J1","2","J0;J2","2","J0;J1","2","J0;J2","2","J0;J3","2"
"2505","J0:[0,1);J1:[1,5);J2:[2,4);J3:[3,6)","J0;J1","2","J0;J2","2","J0;J1","2","J0;J2","2","J0;J3","2"
"2506","J0:[0,1);J1:[1,5);J2:[2,4);J3:[4,5)","J0;J2;J3","3","J0;J2;J3","3","J0;J1","2","J0;J3;J2","3","J0;J2;J3","3"
"2507","J0:[0,1);J1:[1,5);J2:[2,4);J3:[4,6)","J0;J2;J3","3","J0;J2;J3","3","J0;J1","2","J0;J2;J3","3","J0;J2;J3","3"
"2508","J0:[0,1);J1:[1,5);J2:[2,4);J3:[5,6)","J0;J1;J3","3","J0;J2;J3","3","J0;J1;J3","3","J0;J3;J2","3","J0;J2;J3","3"
"2509","J0:[0,1);J1:[1,5);J2:[2,5);J3:[2,6)","J0;J1","2","J0;J1","2","J0;J1","2","J0;J2","2","J0;J3","2"
"2510","J0:[0,1);J1:[1,5);J2:[2,5);J3:[3,4)","J0;J1","2","J0;J3","2","J0;J1","2","J0;J3","2","J0;J3","2"
"2511","J0:[0,1);J1:[1,5);J2:[2,5);J3:[3,5)","J0;J1","2","J0;J1","2","J0;J1","2","J0;J3","2","J0;J3","2"
"2512","J0:[0,1);J1:[1,5);J2:[2,5);J3:[3,6)","J0;J1","2","J0;J1","2","J0;J1","2","J0;J2","2","J0;J3","2"
"2513","J0:[0,1);J1:[1,5);J2:[2,5);J3:[4,5)","J0;J1","2","J0;J1","2","J0;J1","2","J0;J3","2","J0;J3","2"
"2514","J0:[0,1);J1:[1,5);J2:[2,5);J3:[4,6)","J0;J1","2","J0;J1","2","J0;J1","2","J0;J3","2","J0;J3","2"
"2515","J0:[0,1);J1:[1,5);J2:[2,5);J3:[5,6)","J0;J1;J3","3","J0;J1;J3","3","J0;J1;J3","3","J0;J3;J2","3","J0;J2;J3","3"
"2516","J0:[0,1);J1:[1,5);J2:[2,6);J3:[3,4)","J0;J1","2","J0;J3","2","J0;J1","2","J0;J3","2","J0;J3","2"
"2517","J0:[0,1);J1:[1,5);J2:[2,6);J3:[3,5)","J0;J1","2","J0;J1","2","J0;J1","2","J0;J3","2","J0;J3","2"
"2518","J0:[0,1);J1:[1,5);J2:[2,6);J3:[3,6)","J0;J1","2","J0;J1","2","J0;J1","2","J0;J3","2","J0;J3","2"
"2519","J0:[0,1);J1:[1,5);J2:[2,6);J3:[4,5)","J0;J1","2","J0;J1","2","J0;J1","2","J0;J3","2","J0;J3","2"
"2520","J0:[0,1);J1:[1,5);J2:[2,6);J3:[4,6)","J0;J1","2","J0;J1","2","J0;J1","2","J0;J3","2","J0;J3","2"
"2521","J0:[0,1);J1:[1,5);J2:[2,6);J3:[5,6)","J0;J1;J3","3","J0;J1;J3","3","J0;J1;J3","3","J0;J3;J1","3","J0;J1;J3","3"
"2522","J0:[0,1);J1:[1,5);J2:[3,4);J3:[3,5)","J0;J1","2","J0;J2","2","J0;J1","2","J0;J2","2","J0;J3","2"
"2523","J0:[0,1);J1:[1,5);J2:[3,4);J3:[3,6)","J0;J1","2","J0;J2","2","J0;J1","2","J0;J2","2","J0;J3","2"
"2524","J0:[0,1);J1:[1,5);J2:[3,4);J3:[4,5)","J0;J2;J3","3","J0;J2;J3","3","J0;J1","2","J0;J2;J3","3","J0;J2;J3","3"
"2525","J0:[0,1);J1:[1,5);J2:[3,4);J3:[4,6)","J0;J2;J3","3","J0;J2;J3","3","J0;J1","2","J0;J2;J3","3","J0;J2;J3","3"
"2526","J0:[0,1);J1:[1,5);J2:[3,4);J3:[5,6)","J0;J1;J3","3","J0;J2;J3","3","J0;J1;J3","3","J0;J2;J3","3","J0;J2;J3","3"
"2527","J0:[0,1);J1:[1,5);J2:[3,5);J3:[3,6)","J0;J1","2","J0;J1","2","J0;J1","2","J0;J2","2","J0;J3","2"
"2528","J0:[0,1);J1:[1,5);J2:[3,5);J3:[4,5)","J0;J1","2","J0;J1","2","J0;J1","2","J0;J3","2","J0;J3","2"
"2529","J0:[0,1);J1:[1,5);J2:[3,5);J3:[4,6)","J0;J1","2","J0;J1","2","J0;J1","2","J0;J2","2","J0;J3","2"
"2530","J0:[0,1);J1:[1,5);J2:[3,5);J3:[5,6)","J0;J1;J3","3","J0;J1;J3","3","J0;J1;J3","3","J0;J3;J2","3","J0;J2;J3","3"
"2531","J0:[0,1);J1:[1,5);J2:[3,6);J3:[4,5)","J0;J1","2","J0;J1","2","J0;J1","2","J0;J3","2","J0;J3","2"
"2532","J0:[0,1);J1:[1,5);J2:[3,6);J3:[4,6)","J0;J1","2","J0;J1","2","J0;J1","2","J0;J3","2","J0;J3","2"
"2533","J0:[0,1);J1:[1,5);J2:[3,6);J3:[5,6)","J0;J1;J3","3","J0;J1;J3","3","J0;J1;J3","3","J0;J3;J1","3","J0;J1;J3","3"
"2534","J0:[0,1);J1:[1,5);J2:[4,5);J3:[4,6)","J0;J1","2","J0;J1","2","J0;J1","2","J0;J2","2","J0;J3","2"
"2535","J0:[0,1);J1:[1,5);J2:[4,5);J3:[5,6)","J0;J1;J3","3","J0;J1;J3","3","J0;J1;J3","3","J0;J2;J3","3","J0;J2;J3","3"
"2536","J0:[0,1);J1:[1,5);J2:[4,6);J3:[5,6)","J0;J1;J3","3","J0;J1;J3","3","J0;J1;J3","3","J0;J3;J1","3","J0;J1;J3","3"
"2537","J0:[0,1);J1:[1,6);J2:[2,3);J3:[2,4)","J0;J1","2","J0;J2","2","J0;J1","2","J0;J2","2","J0;J3","2"
"2538","J0:[0,1);J1:[1,6);J2:[2,3);J3:[2,5)","J0;J1","2","J0;J2","2","J0;J1","2","J0;J2","2","J0;J3","2"
"2539","J0:[0,1);J1:[1,6);J2:[2,3);J3:[2,6)","J0;J1","2","J0;J2","2","J0;J1","2","J0;J2","2","J0;J3","2"
"2540","J0:[0,1);J1:[1,6);J2:[2,3);J3:[3,4)","J0;J2;J3","3","J0;J2;J3","3","J0;J1","2","J0;J2;J3","3","J0;J2;J3","3"
"2541","J0:[0,1);J1:[1,6);J2:[2,3);J3:[3,5)","J0;J2;J3","3","J0;J2;J3","3","J0;J1","2","J0;J2;J3","3","J0;J2;J3","3"
"2542","J0:[0,1);J1:[1,6);J2:[2,3);J3:[3,6)","J0;J2;J3","3","J0;J2;J3","3","J0;J1","2","J0;J2;J3","3","J0;J2;J3","3"
"2543","J0:[0,1);J1:[1,6);J2:[2,3);J3:[4,5)","J0;J2;J3","3","J0;J2;J3","3","J0;J1","2","J0;J2;J3","3","J0;J2;J3","3"
"2544","J0:[0,1);J1:[1,6);J2:[2,3);J3:[4,6)","J0;J2;J3","3","J0;J2;J3","3","J0;J1","2","J0;J2;J3","3","J0;J2;J3","3"
"2545","J0:[0,1);J1:[1,6);J2:[2,3);J3:[5,6)","J0;J2;J3","3","J0;J2;J3","3","J0;J1","2","J0;J2;J3","3","J0;J2;J3","3"
"2546","J0:[0,1);J1:[1,6);J2:[2,4);J3:[2,5)","J0;J1","2","J0;J2","2","J0;J1","2","J0;J2","2","J0;J3","2"
"2547","J0:[0,1);J1:[1,6);J2:[2,4);J3:[2,6)","J0;J1","2","J0;J2","2","J0;J1","2","J0;J2","2","J0;J3","2"
"2548","J0:[0,1);J1:[1,6);J2:[2,4);J3:[3,4)","J0;J1","2","J0;J2","2","J0;J1","2","J0;J3","2","J0;J3","2"
"2549","J0:[0,1);J1:[1,6);J2:[2,4);J3:[3,5)","J0;J1","2","J0;J2","2","J0;J1","2","J0;J2","2","J0;J3","2"
"2550","J0:[0,1);J1:[1,6);J2:[2,4);J3:[3,6)","J0;J1","2","J0;J2","2","J0;J1","2","J0;J2","2","J0;J3","2"
"2551","J0:[0,1);J1:[1,6);J2:[2,4);J3:[4,5)","J0;J2;J3","3","J0;J2;J3","3","J0;J1","2","J0;J3;J2","3","J0;J2;J3","3"
"2552","J0:[0,1);J1:[1,6);J2:[2,4);J3:[4,6)","J0;J2;J3","3","J0;J2;J3","3","J0;J1","2","J0;J2;J3","3","J0;J2;J3","3"
"2553","J0:[0,1);J1:[1,6);J2:[2,4);J3:[5,6)","J0;J2;J3","3","J0;J2;J3","3","J0;J1","2","J0;J3;J2","3","J0;J2;J3","3"
"2554","J0:[0,1);J1:[1,6);J2:[2,5);J3:[2,6)","J0;J1","2","J0;J2","2","J0;J1","2","J0;J2","2","J0;J3","2"
"2555","J0:[0,1);J1:[1,6);J2:[2,5);J3:[3,4)","J0;J1","2","J0;J3","2","J0;J1","2","J0;J3","2","J0;J3","2"
"2556","J0:[0,1);J1:[1,6);J2:[2,5);J3:[3,5)","J0;J1","2","J0;J2","2","J0;J1","2","J0;J3","2","J0;J3","2"
"2557","J0:[0,1);J1:[1,6);J2:[2,5);J3:[3,6)","J0;J1","2","J0;J2","2","J0;J1","2","J0;J2","2","J0;J3","2"
"2558","J0:[0,1);J1:[1,6);J2:[2,5);J3:[4,5)","J0;J1","2","J0;J2","2","J0;J1","2","J0;J3","2","J0;J3","2"
"2559","J0:[0,1);J1:[1,6);J2:[2,5);J3:[4,6)","J0;J1","2","J0;J2","2","J0;J1","2","J0;J3","2","J0;J3","2"
"2560","J0:[0,1);J1:[1,6);J2:[2,5);J3:[5,6)","J0;J2;J3","3","J0;J2;J3","3","J0;J1","2","J0;J3;J2","3","J0;J2;J3","3"
"2561","J0:[0,1);J1:[1,6);J2:[2,6);J3:[3,4)","J0;J1","2","J0;J3","2","J0;J1","2","J0;J3","2","J0;J3","2"
"2562","J0:[0,1);J1:[1,6);J2:[2,6);J3:[3,5)","J0;J1","2","J0;J3","2","J0;J1","2","J0;J3","2","J0;J3","2"
"2563","J0:[0,1);J1:[1,6);J2:[2,6);J3:[3,6)","J0;J1","2","J0;J1","2","J0;J1","2","J0;J3","2","J0;J3","2"
"2564","J0:[0,1);J1:[1,6);J2:[2,6);J3:[4,5)","J0;J1","2","J0;J3","2","J0;J1","2","J0;J3","2","J0;J3","2"
"2565","J0:[0,1);J1:[1,6);J2:[2,6);J3:[4,6)","J0;J1","2","J0;J1","2","J0;J1","2","J0;J3","2","J0;J3","2"
"2566","J0:[0,1);J1:[1,6);J2:[2,6);J3:[5,6)","J0;J1","2","J0;J1","2","J0;J1","2","J0;J3","2","J0;J3","2"
"2567","J0:[0,1);J1:[1,6);J2:[3,4);J3:[3,5)","J0;J1","2","J0;J2","2","J0;J1","2","J0;J2","2","J0;J3","2"
"2568","J0:[0,1);J1:[1,6);J2:[3,4);J3:[3,6)","J0;J1","2","J0;J2","2","J0;J1","2","J0;J2","2","J0;J3","2"
"2569","J0:[0,1);J1:[1,6);J2:[3,4);J3:[4,5)","J0;J2;J3","3","J0;J2;J3","3","J0;J1","2","J0;J2;J3","3","J0;J2;J3","3"
"2570","J0:[0,1);J1:[1,6);J2:[3,4);J3:[4,6)","J0;J2;J3","3","J0;J2;J3","3","J0;J1","2","J0;J2;J3","3","J0;J2;J3","3"
"2571","J0:[0,1);J1:[1,6);J2:[3,4);J3:[5,6)","J0;J2;J3","3","J0;J2;J3","3","J0;J1","2","J0;J2;J3","3","J0;J2;J3","3"
"2572","J0:[0,1);J1:[1,6);J2:[3,5);J3:[3,6)","J0;J1","2","J0;J2","2","J0;J1","2","J0;J2","2","J0;J3","2"
"2573","J0:[0,1);J1:[1,6);J2:[3,5);J3:[4,5)","J0;J1","2","J0;J2","2","J0;J1","2","J0;J3","2","J0;J3","2"
"2574","J0:[0,1);J1:[1,6);J2:[3,5);J3:[4,6)","J0;J1","2","J0;J2","2","J0;J1","2","J0;J2","2","J0;J3","2"
"2575","J0:[0,1);J1:[1,6);J2:[3,5);J3:[5,6)","J0;J2;J3","3","J0;J2;J3","3","J0;J1","2","J0;J3;J2","3","J0;J2;J3","3"
"2576","J0:[0,1);J1:[1,6);J2:[3,6);J3:[4,5)","J0;J1","2","J0;J3","2","J0;J1","2","J0;J3","2","J0;J3","2"
"2577","J0:[0,1);J1:[1,6);J2:[3,6);J3:[4,6)","J0;J1","2","J0;J1","2","J0;J1","2","J0;J3","2","J0;J3","2"
"2578","J0:[0,1);J1:[1,6);J2:[3,6);J3:[5,6)","J0;J1","2","J0;J1","2","J0;J1","2","J0;J3","2","J0;J3","2"
"2579","J0:[0,1);J1:[1,6);J2:[4,5);J3:[4,6)","J0;J1","2","J0;J2","2","J0;J1","2","J0;J2","2","J0;J3","2"
"2580","J0:[0,1);J1:[1,6);J2:[4,5);J3:[5,6)","J0;J2;J3","3","J0;J2;J3","3","J0;J1","2","J0;J2;J3","3","J0;J2;J3","3"
"2581","J0:[0,1);J1:[1,6);J2:[4,6);J3:[5,6)","J0;J1","2","J0;J1","2","J0;J1","2","J0;J3","2","J0;J3","2"
"2582","J0:[0,1);J1:[2,3);J2:[2,4);J3:[2,5)","J0;J1","2","J0;J1","2","J0;J1","2","J0;J1","2","J0;J3","2"
"2583","J0:[0,1);J1:[2,3);J2:[2,4);J3:[2,6)","J0;J1","2","J0;J1","2","J0;J1","2","J0;J1","2","J0;J3","2"
"2584","J0:[0,1);J1:[2,3);J2:[2,4);J3:[3,4)","J0;J1;J3","3","J0;J1;J3","3","J0;J1;J3","3","J0;J1;J3","3","J0;J1;J3","3"
"2585","J0:[0,1);J1:[2,3);J2:[2,4);J3:[3,5)","J0;J1;J3","3","J0;J1;J3","3","J0;J1;J3","3","J0;J1;J3","3","J0;J1;J3","3"
"2586","J0:[0,1);J1:[2,3);J2:[2,4);J3:[3,6)","J0;J1;J3","3","J0;J1;J3","3","J0;J1;J3","3","J0;J1;J3","3","J0;J1;J3","3"
"2587","J0:[0,1);J1:[2,3);J2:[2,4);J3:[4,5)","J0;J1;J3","3","J0;J1;J3","3","J0;J1;J3","3","J0;J1;J3","3","J0;J2;J3","3"
"2588","J0:[0,1);J1:[2,3);J2:[2,4);J3:[4,6)","J0;J1;J3","3","J0;J1;J3","3","J0;J1;J3","3","J0;J1;J3","3","J0;J2;J3","3"
"2589","J0:[0,1);J1:[2,3);J2:[2,4);J3:[5,6)","J0;J1;J3","3","J0;J1;J3","3","J0;J1;J3","3","J0;J1;J3","3","J0;J2;J3","3"
"2590","J0:[0,1);J1:[2,3);J2:[2,5);J3:[2,6)","J0;J1","2","J0;J1","2","J0;J1","2","J0;J1","2","J0;J3","2"
"2591","J0:[0,1);J1:[2,3);J2:[2,5);J3:[3,4)","J0;J1;J3","3","J0;J1;J3","3","J0;J1;J3","3","J0;J1;J3","3","J0;J1;J3","3"
"2592","J0:[0,1);J1:[2,3);J2:[2,5);J3:[3,5)","J0;J1;J3","3","J0;J1;J3","3","J0;J1;J3","3","J0;J1;J3","3","J0;J1;J3","3"
"2593","J0:[0,1);J1:[2,3);J2:[2,5);J3:[3,6)","J0;J1;J3","3","J0;J1;J3","3","J0;J1;J3","3","J0;J1;J3","3","J0;J1;J3","3"
"2594","J0:[0,1);J1:[2,3);J2:[2,5);J3:[4,5)","J0;J1;J3","3","J0;J1;J3","3","J0;J1;J3","3","J0;J1;J3","3","J0;J1;J3","3"
"2595","J0:[0,1);J1:[2,3);J2:[2,5);J3:[4,6)","J0;J1;J3","3","J0;J1;J3","3","J0;J1;J3","3","J0;J1;J3","3","J0;J1;J3","3"
"2596","J0:[0,1);J1:[2,3);J2:[2,5);J3:[5,6)","J0;J1;J3","3","J0;J1;J3","3","J0;J1;J3","3","J0;J1;J3","3","J0;J2;J3","3"
"2597","J0:[0,1);J1:[2,3);J2:[2,6);J3:[3,4)","J0;J1;J3","3","J0;J1;J3","3","J0;J1;J3","3","J0;J1;J3","3","J0;J1;J3","3"
"2598","J0:[0,1);J1:[2,3);J2:[2,6);J3:[3,5)","J0;J1;J3","3","J0;J1;J3","3","J0;J1;J3","3","J0;J1;J3","3","J0;J1;J3","3"
"2599","J0:[0,1);J1:[2,3);J2:[2,6);J3:[3,6)","J0;J1;J3","3","J0;J1;J3","3","J0;J1;J3","3","J0;J1;J3","3","J0;J1;J3","3"
"2600","J0:[0,1);J1:[2,3);J2:[2,6);J3:[4,5)","J0;J1;J3","3","J0;J1;J3","3","J0;J1;J3","3","J0;J1;J3","3","J0;J1;J3","3"
"2601","J0:[0,1);J1:[2,3);J2:[2,6);J3:[4,6)","J0;J1;J3","3","J0;J1;J3","3","J0;J1;J3","3","J0;J1;J3","3","J0;J1;J3","3"
"2602","J0:[0,1);J1:[2,3);J2:[2,6);J3:[5,6)","J0;J1;J3","3","J0;J1;J3","3","J0;J1;J3","3","J0;J1;J3","3","J0;J1;J3","3"
"2603","J0:[0,1);J1:[2,3);J2:[3,4);J3:[3,5)","J0;J1;J2","3","J0;J1;J2","3","J0;J1;J2","3","J0;J1;J2","3","J0;J1;J3","3"
"2604","J0:[0,1);J1:[2,3);J2:[3,4);J3:[3,6)","J0;J1;J2","3","J0;J1;J2","3","J0;J1;J2","3","J0;J1;J2","3","J0;J1;J3","3"
"2605","J0:[0,1);J1:[2,3);J2:[3,4);J3:[4,5)","J0;J1;J2;J3","4","J0;J1;J2;J3","4","J0;J1;J2;J3","4","J0;J1;J2;J3","4","J0;J1;J2;J3","4"
"2606","J0:[0,1);J1:[2,3);J2:[3,4);J3:[4,6)","J0;J1;J2;J3","4","J0;J1;J2;J3","4","J0;J1;J2;J3","4","J0;J1;J2;J3","4","J0;J1;J2;J3","4"
"2607","J0:[0,1);J1:[2,3);J2:[3,4);J3:[5,6)","J0;J1;J2;J3","4","J0;J1;J2;J3","4","J0;J1;J2;J3","4","J0;J1;J2;J3","4","J0;J1;J2;J3","4"
"2608","J0:[0,1);J1:[2,3);J2:[3,5);J3:[3,6)","J0;J1;J2","3","J0;J1;J2","3","J0;J1;J2","3","J0;J1;J2","3","J0;J1;J3","3"
"2609","J0:[0,1);J1:[2,3);J2:[3,5);J3:[4,5)","J0;J1;J2","3","J0;J1;J2","3","J0;J1;J2","3","J0;J1;J3","3","J0;J1;J3","3"
"2610","J0:[0,1);J1:[2,3);J2:[3,5);J3:[4,6)","J0;J1;J2","3","J0;J1;J2","3","J0;J1;J2","3","J0;J1;J2","3","J0;J1;J3","3"
"2611","J0:[0,1);J1:[2,3);J2:[3,5);J3:[5,6)","J0;J1;J2;J3","4","J0;J1;J2;J3","4","J0;J1;J2;J3","4","J0;J1;J3;J2","4","J0;J1;J2;J3","4"
"2612","J0:[0,1);J1:[2,3);J2:[3,6);J3:[4,5)","J0;J1;J2","3","J0;J1;J3","3","J0;J1;J2","3","J0;J1;J3","3","J0;J1;J3","3"
"2613","J0:[0,1);J1:[2,3);J2:[3,6);J3:[4,6)","J0;J1;J2","3","J0;J1;J2","3","J0;J1;J2","3","J0;J1;J3","3","J0;J1;J3","3"
"2614","J0:[0,1);J1:[2,3);J2:[3,6);J3:[5,6)","J0;J1;J2","3","J0;J1;J2","3","J0;J1;J2","3","J0;J1;J3","3","J0;J1;J3","3"
"2615","J0:[0,1);J1:[2,3);J2:[4,5);J3:[4,6)","J0;J1;J2","3","J0;J1;J2","3","J0;J1;J2","3","J0;J1;J2","3","J0;J1;J3","3"
"2616","J0:[0,1);J1:[2,3);J2:[4,5);J3:[5,6)","J0;J1;J2;J3","4","J0;J1;J2;J3","4","J0;J1;J2;J3","4","J0;J1;J2;J3","4","J0;J1;J2;J3","4"
"2617","J0:[0,1);J1:[2,3);J2:[4,6);J3:[5,6)","J0;J1;J2","3","J0;J1;J2","3","J0;J1;J2","3","J0;J1;J3","3","J0;J1;J3","3"
"2618","J0:[0,1);J1:[2,4);J2:[2,5);J3:[2,6)","J0;J1","2","J0;J1","2","J0;J1","2","J0;J1","2","J0;J3","2"
"2619","J0:[0,1);J1:[2,4);J2:[2,5);J3:[3,4)","J0;J1","2","J0;J1","2","J0;J1","2","J0;J3","2","J0;J3","2"
"2620","J0:[0,1);J1:[2,4);J2:[2,5);J3:[3,5)","J0;J1","2","J0;J1","2","J0;J1","2","J0;J1","2","J0;J3","2"
"2621","J0:[0,1);J1:[2,4);J2:[2,5);J3:[3,6)","J0;J1","2","J0;J1","2","J0;J1","2","J0;J1","2","J0;J3","2"
"2622","J0:[0,1);J1:[2,4);J2:[2,5);J3:[4,5)","J0;J1;J3","3","J0;J1;J3","3","J0;J1;J3","3","J0;J3;J1","3","J0;J1;J3","3"
"2623","J0:[0,1);J1:[2,4);J2:[2,5);J3:[4,6)","J0;J1;J3","3","J0;J1;J3","3","J0;J1;J3","3","J0;J1;J3","3","J0;J1;J3","3"
"2624","J0:[0,1);J1:[2,4);J2:[2,5);J3:[5,6)","J0;J1;J3","3","J0;J1;J3","3","J0;J1;J3","3","J0;J3;J1","3","J0;J2;J3","3"
"2625","J0:[0,1);J1:[2,4);J2:[2,6);J3:[3,4)","J0;J1","2","J0;J1","2","J0;J1","2","J0;J3","2","J0;J3","2"
"2626","J0:[0,1);J1:[2,4);J2:[2,6);J3:[3,5)","J0;J1","2","J0;J1","2","J0;J1","2","J0;J1","2","J0;J3","2"
"2627","J0:[0,1);J1:[2,4);J2:[2,6);J3:[3,6)","J0;J1","2","J0;J1","2","J0;J1","2","J0;J1","2","J0;J3","2"
"2628","J0:[0,1);J1:[2,4);J2:[2,6);J3:[4,5)","J0;J1;J3","3","J0;J1;J3","3","J0;J1;J3","3","J0;J3;J1","3","J0;J1;J3","3"
"2629","J0:[0,1);J1:[2,4);J2:[2,6);J3:[4,6)","J0;J1;J3","3","J0;J1;J3","3","J0;J1;J3","3","J0;J1;J3","3","J0;J1;J3","3"
"2630","J0:[0,1);J1:[2,4);J2:[2,6);J3:[5,6)","J0;J1;J3","3","J0;J1;J3","3","J0;J1;J3","3","J0;J3;J1","3","J0;J1;J3","3"
"2631","J0:[0,1);J1:[2,4);J2:[3,4);J3:[3,5)","J0;J1","2","J0;J1","2","J0;J1","2","J0;J2","2","J0;J3","2"
"2632","J0:[0,1);J1:[2,4);J2:[3,4);J3:[3,6)","J0;J1","2","J0;J1","2","J0;J1","2","J0;J2","2","J0;J3","2"
"2633","J0:[0,1);J1:[2,4);J2:[3,4);J3:[4,5)","J0;J1;J3","3","J0;J1;J3","3","J0;J1;J3","3","J0;J2;J3","3","J0;J2;J3","3"
"2634","J0:[0,1);J1:[2,4);J2:[3,4);J3:[4,6)","J0;J1;J3","3","J0;J1;J3","3","J0;J1;J3","3","J0;J2;J3","3","J0;J2;J3","3"
"2635","J0:[0,1);J1:[2,4);J2:[3,4);J3:[5,6)","J0;J1;J3","3","J0;J1;J3","3","J0;J1;J3","3","J0;J2;J3","3","J0;J2;J3","3"
"2636","J0:[0,1);J1:[2,4);J2:[3,5);J3:[3,6)","J0;J1","2","J0;J1","2","J0;J1","2","J0;J1","2","J0;J3","2"
"2637","J0:[0,1);J1:[2,4);J2:[3,5);J3:[4,5)","J0;J1;J3","3","J0;J1;J3","3","J0;J1;J3","3","J0;J3;J1","3","J0;J1;J3","3"
"2638","J0:[0,1);J1:[2,4);J2:[3,5);J3:[4,6)","J0;J1;J3","3","J0;J1;J3","3","J0;J1;J3","3","J0;J1;J3","3","J0;J1;J3","3"
"2639","J0:[0,1);J1:[2,4);J2:[3,5);J3:[5,6)","J0;J1;J3","3","J0;J1;J3","3","J0;J1;J3","3","J0;J3;J1","3","J0;J2;J3","3"
"2640","J0:[0,1);J1:[2,4);J2:[3,6);J3:[4,5)","J0;J1;J3","3","J0;J1;J3","3","J0;J1;J3","3","J0;J3;J1","3","J0;J1;J3","3"
"2641","J0:[0,1);J1:[2,4);J2:[3,6);J3:[4,6)","J0;J1;J3","3","J0;J1;J3","3","J0;J1;J3","3","J0;J1;J3","3","J0;J1;J3","3"
"2642","J0:[0,1);J1:[2,4);J2:[3,6);J3:[5,6)","J0;J1;J3","3","J0;J1;J3","3","J0;J1;J3","3","J0;J3;J1","3","J0;J1;J3","3"
"2643","J0:[0,1);J1:[2,4);J2:[4,5);J3:[4,6)","J0;J1;J2","3","J0;J1;J2","3","J0;J1;J2","3","J0;J2;J1","3","J0;J1;J3","3"
"2644","J0:[0,1);J1:[2,4);J2:[4,5);J3:[5,6)","J0;J1;J2;J3","4","J0;J1;J2;J3","4","J0;J1;J2;J3","4","J0;J2;J3;J1","4","J0;J1;J2;J3","4"
"2645","J0:[0,1);J1:[2,4);J2:[4,6);J3:[5,6)","J0;J1;J2","3","J0;J1;J2","3","J0;J1;J2","3","J0;J3;J1","3","J0;J1;J3","3"
"2646","J0:[0,1);J1:[2,5);J2:[2,6);J3:[3,4)","J0;J1","2","J0;J3","2","J0;J1","2","J0;J3","2","J0;J3","2"
"2647","J0:[0,1);J1:[2,5);J2:[2,6);J3:[3,5)","J0;J1","2","J0;J1","2","J0;J1","2","J0;J3","2","J0;J3","2"
"2648","J0:[0,1);J1:[2,5);J2:[2,6);J3:[3,6)","J0;J1","2","J0;J1","2","J0;J1","2","J0;J1","2","J0;J3","2"
"2649","J0:[0,1);J1:[2,5);J2:[2,6);J3:[4,5)","J0;J1","2","J0;J1","2","J0;J1","2","J0;J3","2","J0;J3","2"
"2650","J0:[0,1);J1:[2,5);J2:[2,6);J3:[4,6)","J0;J1","2","J0;J1","2","J0;J1","2","J0;J3","2","J0;J3","2"
"2651","J0:[0,1);J1:[2,5);J2:[2,6);J3:[5,6)","J0;J1;J3","3","J0;J1;J3","3","J0;J1;J3","3","J0;J3;J1","3","J0;J1;J3","3"
"2652","J0:[0,1);J1:[2,5);J2:[3,4);J3:[3,5)","J0;J1","2","J0;J2","2","J0;J1","2","J0;J2","2","J0;J3","2"
"2653","J0:[0,1);J1:[2,5);J2:[3,4);J3:[3,6)","J0;J1","2","J0;J2","2","J0;J1","2","J0;J2","2","J0;J3","2"
"2654","J0:[0,1);J1:[2,5);J2:[3,4);J3:[4,5)","J0;J2;J3","3","J0;J2;J3","3","J0;J1","2","J0;J2;J3","3","J0;J2;J3","3"
"2655","J0:[0,1);J1:[2,5);J2:[3,4);J3:[4,6)","J0;J2;J3","3","J0;J2;J3","3","J0;J1","2","J0;J2;J3","3","J0;J2;J3","3"
"2656","J0:[0,1);J1:[2,5);J2:[3,4);J3:[5,6)","J0;J1;J3","3","J0;J2;J3","3","J0;J1;J3","3","J0;J2;J3","3","J0;J2;J3","3"
"2657","J0:[0,1);J1:[2,5);J2:[3,5);J3:[3,6)","J0;J1","2","J0;J1","2","J0;J1","2","J0;J2","2","J0;J3","2"
"2658","J0:[0,1);J1:[2,5);J2:[3,5);J3:[4,5)","J0;J1","2","J0;J1","2","J0;J1","2","J0;J3","2","J0;J3","2"
"2659","J0:[0,1);J1:[2,5);J2:[3,5);J3:[4,6)","J0;J1","2","J0;J1","2","J0;J1","2","J0;J2","2","J0;J3","2"
"2660","J0:[0,1);J1:[2,5);J2:[3,5);J3:[5,6)","J0;J1;J3","3","J0;J1;J3","3","J0;J1;J3","3","J0;J3;J2","3","J0;J2;J3","3"
"2661","J0:[0,1);J1:[2,5);J2:[3,6);J3:[4,5)","J0;J1","2","J0;J1","2","J0;J1","2","J0;J3","2","J0;J3","2"
"2662","J0:[0,1);J1:[2,5);J2:[3,6);J3:[4,6)","J0;J1","2","J0;J1","2","J0;J1","2","J0;J3","2","J0;J3","2"
"2663","J0:[0,1);J1:[2,5);J2:[3,6);J3:[5,6)","J0;J1;J3","3","J0;J1;J3","3","J0;J1;J3","3","J0;J3;J1","3","J0;J1;J3","3"
"2664","J0:[0,1);J1:[2,5);J2:[4,5);J3:[4,6)","J0;J1","2","J0;J1","2","J0;J1","2","J0;J2","2","J0;J3","2"
"2665","J0:[0,1);J1:[2,5);J2:[4,5);J3:[5,6)","J0;J1;J3","3","J0;J1;J3","3","J0;J1;J3","3","J0;J2;J3","3","J0;J2;J3","3"
"2666","J0:[0,1);J1:[2,5);J2:[4,6);J3:[5,6)","J0;J1;J3","3","J0;J1;J3","3","J0;J1;J3","3","J0;J3;J1","3","J0;J1;J3","3"
"2667","J0:[0,1);J1:[2,6);J2:[3,4);J3:[3,5)","J0;J1","2","J0;J2","2","J0;J1","2","J0;J2","2","J0;J3","2"
"2668","J0:[0,1);J1:[2,6);J2:[3,4);J3:[3,6)","J0;J1","2","J0;J2","2","J0;J1","2","J0;J2","2","J0;J3","2"
"2669","J0:[0,1);J1:[2,6);J2:[3,4);J3:[4,5)","J0;J2;J3","3","J0;J2;J3","3","J0;J1","2","J0;J2;J3","3","J0;J2;J3","3"
"2670","J0:[0,1);J1:[2,6);J2:[3,4);J3:[4,6)","J0;J2;J3","3","J0;J2;J3","3","J0;J1","2","J0;J2;J3","3","J0;J2;J3","3"
"2671","J0:[0,1);J1:[2,6);J2:[3,4);J3:[5,6)","J0;J2;J3","3","J0;J2;J3","3","J0;J1","2","J0;J2;J3","3","J0;J2;J3","3"
"2672","J0:[0,1);J1:[2,6);J2:[3,5);J3:[3,6)","J0;J1","2","J0;J2","2","J0;J1","2","J0;J2","2","J0;J3","2"
"2673","J0:[0,1);J1:[2,6);J2:[3,5);J3:[4,5)","J0;J1","2","J0;J2","2","J0;J1","2","J0;J3","2","J0;J3","2"
"2674","J0:[0,1);J1:[2,6);J2:[3,5);J3:[4,6)","J0;J1","2","J0;J2","2","J0;J1","2","J0;J2","2","J0;J3","2"
"2675","J0:[0,1);J1:[2,6);J2:[3,5);J3:[5,6)","J0;J2;J3","3","J0;J2;J3","3","J0;J1","2","J0;J3;J2","3","J0;J2;J3","3"
"2676","J0:[0,1);J1:[2,6);J2:[3,6);J3:[4,5)","J0;J1","2","J0;J3","2","J0;J1","2","J0;J3","2","J0;J3","2"
"2677","J0:[0,1);J1:[2,6);J2:[3,6);J3:[4,6)","J0;J1","2","J0;J1","2","J0;J1","2","J0;J3","2","J0;J3","2"
"2678","J0:[0,1);J1:[2,6);J2:[3,6);J3:[5,6)","J0;J1","2","J0;J1","2","J0;J1","2","J0;J3","2","J0;J3","2"
"2679","J0:[0,1);J1:[2,6);J2:[4,5);J3:[4,6)","J0;J1","2","J0;J2","2","J0;J1","2","J0;J2","2","J0;J3","2"
"2680","J0:[0,1);J1:[2,6);J2:[4,5);J3:[5,6)","J0;J2;J3","3","J0;J2;J3","3","J0;J1","2","J0;J2;J3","3","J0;J2;J3","3"
"2681","J0:[0,1);J1:[2,6);J2:[4,6);J3:[5,6)","J0;J1","2","J0;J1","2","J0;J1","2","J0;J3","2","J0;J3","2"
"2682","J0:[0,1);J1:[3,4);J2:[3,5);J3:[3,6)","J0;J1","2","J0;J1","2","J0;J1","2","J0;J1","2","J0;J3","2"
"2683","J0:[0,1);J1:[3,4);J2:[3,5);J3:[4,5)","J0;J1;J3","3","J0;J1;J3","3","J0;J1;J3","3","J0;J1;J3","3","J0;J1;J3","3"
"2684","J0:[0,1);J1:[3,4);J2:[3,5);J3:[4,6)","J0;J1;J3","3","J0;J1;J3","3","J0;J1;J3","3","J0;J1;J3","3","J0;J1;J3","3"
"2685","J0:[0,1);J1:[3,4);J2:[3,5);J3:[5,6)","J0;J1;J3","3","J0;J1;J3","3","J0;J1;J3","3","J0;J1;J3","3","J0;J2;J3","3"
"2686","J0:[0,1);J1:[3,4);J2:[3,6);J3:[4,5)","J0;J1;J3","3","J0;J1;J3","3","J0;J1;J3","3","J0;J1;J3","3","J0;J1;J3","3"
"2687","J0:[0,1);J1:[3,4);J2:[3,6);J3:[4,6)","J0;J1;J3","3","J0;J1;J3","3","J0;J1;J3","3","J0;J1;J3","3","J0;J1;J3","3"
"2688","J0:[0,1);J1:[3,4);J2:[3,6);J3:[5,6)","J0;J1;J3","3","J0;J1;J3","3","J0;J1;J3","3","J0;J1;J3","3","J0;J1;J3","3"
"2689","J0:[0,1);J1:[3,4);J2:[4,5);J3:[4,6)","J0;J1;J2","3","J0;J1;J2","3","J0;J1;J2","3","J0;J1;J2","3","J0;J1;J3","3"
"2690","J0:[0,1);J1:[3,4);J2:[4,5);J3:[5,6)","J0;J1;J2;J3","4","J0;J1;J2;J3","4","J0;J1;J2;J3","4","J0;J1;J2;J3","4","J0;J1;J2;J3","4"
"2691","J0:[0,1);J1:[3,4);J2:[4,6);J3:[5,6)","J0;J1;J2","3","J0;J1;J2","3","J0;J1;J2","3","J0;J1;J3","3","J0;J1;J3","3"
"2692","J0:[0,1);J1:[3,5);J2:[3,6);J3:[4,5)","J0;J1","2","J0;J1","2","J0;J1","2","J0;J3","2","J0;J3","2"
"2693","J0:[0,1);J1:[3,5);J2:[3,6);J3:[4,6)","J0;J1","2","J0;J1","2","J0;J1","2","J0;J1","2","J0;J3","2"
"2694","J0:[0,1);J1:[3,5);J2:[3,6);J3:[5,6)","J0;J1;J3","3","J0;J1;J3","3","J0;J1;J3","3","J0;J3;J1","3","J0;J1;J3","3"
"2695","J0:[0,1);J1:[3,5);J2:[4,5);J3:[4,6)","J0;J1","2","J0;J1","2","J0;J1","2","J0;J2","2","J0;J3","2"
"2696","J0:[0,1);J1:[3,5);J2:[4,5);J3:[5,6)","J0;J1;J3","3","J0;J1;J3","3","J0;J1;J3","3","J0;J2;J3","3","J0;J2;J3","3"
"2697","J0:[0,1);J1:[3,5);J2:[4,6);J3:[5,6)","J0;J1;J3","3","J0;J1;J3","3","J0;J1;J3","3","J0;J3;J1","3","J0;J1;J3","3"
"2698","J0:[0,1);J1:[3,6);J2:[4,5);J3:[4,6)","J0;J1","2","J0;J2","2","J0;J1","2","J0;J2","2","J0;J3","2"
"2699","J0:[0,1);J1:[3,6);J2:[4,5);J3:[5,6)","J0;J2;J3","3","J0;J2;J3","3","J0;J1","2","J0;J2;J3","3","J0;J2;J3","3"
"2700","J0:[0,1);J1:[3,6);J2:[4,6);J3:[5,6)","J0;J1","2","J0;J1","2","J0;J1","2","J0;J3","2","J0;J3","2"
"2701","J0:[0,1);J1:[4,5);J2:[4,6);J3:[5,6)","J0;J1;J3","3","J0;J1;J3","3","J0;J1;J3","3","J0;J1;J3","3","J0;J1;J3","3"
"2702","J0:[0,2);J1:[0,3);J2:[0,4);J3:[0,5)","J0","1","J0","1","J0","1","J0","1","J3","1"
"2703","J0:[0,2);J1:[0,3);J2:[0,4);J3:[0,6)","J0","1","J0","1","J0","1","J0","1","J3","1"
"2704","J0:[0,2);J1:[0,3);J2:[0,4);J3:[1,2)","J0","1","J0","1","J0","1","J3","1","J3","1"
"2705","J0:[0,2);J1:[0,3);J2:[0,4);J3:[1,3)","J0","1","J0","1","J0","1","J0","1","J3","1"
"2706","J0:[0,2);J1:[0,3);J2:[0,4);J3:[1,4)","J0","1","J0","1","J0","1","J0","1","J3","1"
"2707","J0:[0,2);J1:[0,3);J2:[0,4);J3:[1,5)","J0","1","J0","1","J0","1","J0","1","J3","1"
"2708","J0:[0,2);J1:[0,3);J2:[0,4);J3:[1,6)","J0","1","J0","1","J0","1","J0","1","J3","1"
"2709","J0:[0,2);J1:[0,3);J2:[0,4);J3:[2,3)","J0;J3","2","J0;J3","2","J0;J3","2","J3;J0","2","J0;J3","2"
"2710","J0:[0,2);J1:[0,3);J2:[0,4);J3:[2,4)","J0;J3","2","J0;J3","2","J0;J3","2","J0;J3","2","J0;J3","2"
"2711","J0:[0,2);J1:[0,3);J2:[0,4);J3:[2,5)","J0;J3","2","J0;J3","2","J0;J3","2","J0;J3","2","J0;J3","2"
"2712","J0:[0,2);J1:[0,3);J2:[0,4);J3:[2,6)","J0;J3","2","J0;J3","2","J0;J3","2","J0;J3","2","J0;J3","2"
"2713","J0:[0,2);J1:[0,3);J2:[0,4);J3:[3,4)","J0;J3","2","J0;J3","2","J0;J3","2","J3;J0","2","J1;J3","2"
"2714","J0:[0,2);J1:[0,3);J2:[0,4);J3:[3,5)","J0;J3","2","J0;J3","2","J0;J3","2","J0;J3","2","J1;J3","2"
"2715","J0:[0,2);J1:[0,3);J2:[0,4);J3:[3,6)","J0;J3","2","J0;J3","2","J0;J3","2","J0;J3","2","J1;J3","2"
"2716","J0:[0,2);J1:[0,3);J2:[0,4);J3:[4,5)","J0;J3","2","J0;J3","2","J0;J3","2","J3;J0","2","J2;J3","2"
"2717","J0:[0,2);J1:[0,3);J2:[0,4);J3:[4,6)","J0;J3","2","J0;J3","2","J0;J3","2","J0;J3","2","J2;J3","2"
"2718","J0:[0,2);J1:[0,3);J2:[0,4);J3:[5,6)","J0;J3","2","J0;J3","2","J0;J3","2","J3;J0","2","J2;J3","2"
"2719","J0:[0,2);J1:[0,3);J2:[0,5);J3:[0,6)","J0","1","J0","1","J0","1","J0","1","J3","1"
"2720","J0:[0,2);J1:[0,3);J2:[0,5);J3:[1,2)","J0","1","J0","1","J0","1","J3","1","J3","1"
"2721","J0:[0,2);J1:[0,3);J2:[0,5);J3:[1,3)","J0","1","J0","1","J0","1","J0","1","J3","1"
"2722","J0:[0,2);J1:[0,3);J2:[0,5);J3:[1,4)","J0","1","J0","1","J0","1","J0","1","J3","1"
"2723","J0:[0,2);J1:[0,3);J2:[0,5);J3:[1,5)","J0","1","J0","1","J0","1","J0","1","J3","1"
"2724","J0:[0,2);J1:[0,3);J2:[0,5);J3:[1,6)","J0","1","J0","1","J0","1","J0","1","J3","1"
"2725","J0:[0,2);J1:[0,3);J2:[0,5);J3:[2,3)","J0;J3","2","J0;J3","2","J0;J3","2","J3;J0","2","J0;J3","2"
"2726","J0:[0,2);J1:[0,3);J2:[0,5);J3:[2,4)","J0;J3","2","J0;J3","2","J0;J3","2","J0;J3","2","J0;J3","2"
"2727","J0:[0,2);J1:[0,3);J2:[0,5);J3:[2,5)","J0;J3","2","J0;J3","2","J0;J3","2","J0;J3","2","J0;J3","2"
"2728","J0:[0,2);J1:[0,3);J2:[0,5);J3:[2,6)","J0;J3","2","J0;J3","2","J0;J3","2","J0;J3","2","J0;J3","2"
"2729","J0:[0,2);J1:[0,3);J2:[0,5);J3:[3,4)","J0;J3","2","J0;J3","2","J0;J3","2","J3;J0","2","J1;J3","2"
"2730","J0:[0,2);J1:[0,3);J2:[0,5);J3:[3,5)","J0;J3","2","J0;J3","2","J0;J3","2","J0;J3","2","J1;J3","2"
"2731","J0:[0,2);J1:[0,3);J2:[0,5);J3:[3,6)","J0;J3","2","J0;J3","2","J0;J3","2","J0;J3","2","J1;J3","2"
"2732","J0:[0,2);J1:[0,3);J2:[0,5);J3:[4,5)","J0;J3","2","J0;J3","2","J0;J3","2","J3;J0","2","J1;J3","2"
"2733","J0:[0,2);J1:[0,3);J2:[0,5);J3:[4,6)","J0;J3","2","J0;J3","2","J0;J3","2","J0;J3","2","J1;J3","2"
"2734","J0:[0,2);J1:[0,3);J2:[0,5);J3:[5,6)","J0;J3","2","J0;J3","2","J0;J3","2","J3;J0","2","J2;J3","2"
"2735","J0:[0,2);J1:[0,3);J2:[0,6);J3:[1,2)","J0","1","J0","1","J0","1","J3","1","J3","1"
"2736","J0:[0,2);J1:[0,3);J2:[0,6);J3:[1,3)","J0","1","J0","1","J0","1","J0","1","J3","1"
"2737","J0:[0,2);J1:[0,3);J2:[0,6);J3:[1,4)","J0","1","J0","1","J0","1","J0","1","J3","1"
"2738","J0:[0,2);J1:[0,3);J2:[0,6);J3:[1,5)","J0","1","J0","1","J0","1","J0","1","J3","1"
"2739","J0:[0,2);J1:[0,3);J2:[0,6);J3:[1,6)","J0","1","J0","1","J0","1","J0","1","J3","1"
"2740","J0:[0,2);J1:[0,3);J2:[0,6);J3:[2,3)","J0;J3","2","J0;J3","2","J0;J3","2","J3;J0","2","J0;J3","2"
"2741","J0:[0,2);J1:[0,3);J2:[0,6);J3:[2,4)","J0;J3","2","J0;J3","2","J0;J3","2","J0;J3","2","J0;J3","2"
"2742","J0:[0,2);J1:[0,3);J2:[0,6);J3:[2,5)","J0;J3","2","J0;J3","2","J0;J3","2","J0;J3","2","J0;J3","2"
"2743","J0:[0,2);J1:[0,3);J2:[0,6);J3:[2,6)","J0;J3","2","J0;J3","2","J0;J3","2","J0;J3","2","J0;J3","2"
"2744","J0:[0,2);J1:[0,3);J2:[0,6);J3:[3,4)","J0;J3","2","J0;J3","2","J0;J3","2","J3;J0","2","J1;J3","2"
"2745","J0:[0,2);J1:[0,3);J2:[0,6);J3:[3,5)","J0;J3","2","J0;J3","2","J0;J3","2","J0;J3","2","J1;J3","2"
"2746","J0:[0,2);J1:[0,3);J2:[0,6);J3:[3,6)","J0;J3","2","J0;J3","2","J0;J3","2","J0;J3","2","J1;J3","2"
"2747","J0:[0,2);J1:[0,3);J2:[0,6);J3:[4,5)","J0;J3","2","J0;J3","2","J0;J3","2","J3;J0","2","J1;J3","2"
"2748","J0:[0,2);J1:[0,3);J2:[0,6);J3:[4,6)","J0;J3","2","J0;J3","2","J0;J3","2","J0;J3","2","J1;J3","2"
"2749","J0:[0,2);J1:[0,3);J2:[0,6);J3:[5,6)","J0;J3","2","J0;J3","2","J0;J3","2","J3;J0","2","J1;J3","2"
"2750","J0:[0,2);J1:[0,3);J2:[1,2);J3:[1,3)","J0","1","J0","1","J0","1","J2","1","J3","1"
"2751","J0:[0,2);J1:[0,3);J2:[1,2);J3:[1,4)","J0","1","J0","1","J0","1","J2","1","J3","1"
"2752","J0:[0,2);J1:[0,3);J2:[1,2);J3:[1,5)","J0","1","J0","1","J0","1","J2","1","J3","1"
"2753","J0:[0,2);J1:[0,3);J2:[1,2);J3:[1,6)","J0","1","J0","1","J0","1","J2","1","J3","1"
"2754","J0:[0,2);J1:[0,3);J2:[1,2);J3:[2,3)","J0;J3","2","J0;J3","2","J0;J3","2","J2;J3","2","J2;J3","2"
"2755","J0:[0,2);J1:[0,3);J2:[1,2);J3:[2,4)","J0;J3","2","J0;J3","2","J0;J3","2","J2;J3","2","J2;J3","2"
"2756","J0:[0,2);J1:[0,3);J2:[1,2);J3:[2,5)","J0;J3","2","J0;J3","2","J0;J3","2","J2;J3","2","J2;J3","2"
"2757","J0:[0,2);J1:[0,3);J2:[1,2);J3:[2,6)","J0;J3","2","J0;J3","2","J0;J3","2","J2;J3","2","J2;J3","2"
"2758","J0:[0,2);J1:[0,3);J2:[1,2);J3:[3,4)","J0;J3","2","J0;J3","2","J0;J3","2","J2;J3","2","J2;J3","2"
"2759","J0:[0,2);J1:[0,3);J2:[1,2);J3:[3,5)","J0;J3","2","J0;J3","2","J0;J3","2","J2;J3","2","J2;J3","2"
"2760","J0:[0,2);J1:[0,3);J2:[1,2);J3:[3,6)","J0;J3","2","J0;J3","2","J0;J3","2","J2;J3","2","J2;J3","2"
"2761","J0:[0,2);J1:[0,3);J2:[1,2);J3:[4,5)","J0;J3","2","J0;J3","2","J0;J3","2","J2;J3","2","J2;J3","2"
"2762","J0:[0,2);J1:[0,3);J2:[1,2);J3:[4,6)","J0;J3","2","J0;J3","2","J0;J3","2","J2;J3","2","J2;J3","2"
"2763","J0:[0,2);J1:[0,3);J2:[1,2);J3:[5,6)","J0;J3","2","J0;J3","2","J0;J3","2","J2;J3","2","J2;J3","2"
"2764","J0:[0,2);J1:[0,3);J2:[1,3);J3:[1,4)","J0","1","J0","1","J0","1","J0","1","J3","1"
"2765","J0:[0,2);J1:[0,3);J2:[1,3);J3:[1,5)","J0","1","J0","1","J0","1","J0","1","J3","1"
"2766","J0:[0,2);J1:[0,3);J2:[1,3);J3:[1,6)","J0","1","J0","1","J0","1","J0","1","J3","1"
"2767","J0:[0,2);J1:[0,3);J2:[1,3);J3:[2,3)","J0;J3","2","J0;J3","2","J0;J3","2","J3;J0","2","J0;J3","2"
"2768","J0:[0,2);J1:[0,3);J2:[1,3);J3:[2,4)","J0;J3","2","J0;J3","2","J0;J3","2","J0;J3","2","J0;J3","2"
"2769","J0:[0,2);J1:[0,3);J2:[1,3);J3:[2,5)","J0;J3","2","J0;J3","2","J0;J3","2","J0;J3","2","J0;J3","2"
"2770","J0:[0,2);J1:[0,3);J2:[1,3);J3:[2,6)","J0;J3","2","J0;J3","2","J0;J3","2","J0;J3","2","J0;J3","2"
"2771","J0:[0,2);J1:[0,3);J2:[1,3);J3:[3,4)","J0;J3","2","J0;J3","2","J0;J3","2","J3;J0","2","J2;J3","2"
"2772","J0:[0,2);J1:[0,3);J2:[1,3);J3:[3,5)","J0;J3","2","J0;J3","2","J0;J3","2","J0;J3","2","J2;J3","2"
"2773","J0:[0,2);J1:[0,3);J2:[1,3);J3:[3,6)","J0;J3","2","J0;J3","2","J0;J3","2","J0;J3","2","J2;J3","2"
"2774","J0:[0,2);J1:[0,3);J2:[1,3);J3:[4,5)","J0;J3","2","J0;J3","2","J0;J3","2","J3;J0","2","J2;J3","2"
"2775","J0:[0,2);J1:[0,3);J2:[1,3);J3:[4,6)","J0;J3","2","J0;J3","2","J0;J3","2","J0;J3","2","J2;J3","2"
"2776","J0:[0,2);J1:[0,3);J2:[1,3);J3:[5,6)","J0;J3","2","J0;J3","2","J0;J3","2","J3;J0","2","J2;J3","2"
"2777","J0:[0,2);J1:[0,3);J2:[1,4);J3:[1,5)","J0","1","J0","1","J0","1","J0","1","J3","1"
"2778","J0:[0,2);J1:[0,3);J2:[1,4);J3:[1,6)","J0","1","J0","1","J0","1","J0","1","J3","1"
"2779","J0:[0,2);J1:[0,3);J2:[1,4);J3:[2,3)","J0;J3","2","J0;J3","2","J0;J3","2","J3;J0","2","J0;J3","2"
"2780","J0:[0,2);J1:[0,3);J2:[1,4);J3:[2,4)","J0;J3","2","J0;J3","2","J0;J3","2","J0;J3","2","J0;J3","2"
"2781","J0:[0,2);J1:[0,3);J2:[1,4);J3:[2,5)","J0;J3","2","J0;J3","2","J0;J3","2","J0;J3","2","J0;J3","2"
"2782","J0:[0,2);J1:[0,3);J2:[1,4);J3:[2,6)","J0;J3","2","J0;J3","2","J0;J3","2","J0;J3","2","J0;J3","2"
"2783","J0:[0,2);J1:[0,3);J2:[1,4);J3:[3,4)","J0;J3","2","J0;J3","2","J0;J3","2","J3;J0","2","J1;J3","2"
"2784","J0:[0,2);J1:[0,3);J2:[1,4);J3:[3,5)","J0;J3","2","J0;J3","2","J0;J3","2","J0;J3","2","J1;J3","2"
"2785","J0:[0,2);J1:[0,3);J2:[1,4);J3:[3,6)","J0;J3","2","J0;J3","2","J0;J3","2","J0;J3","2","J1;J3","2"
"2786","J0:[0,2);J1:[0,3);J2:[1,4);J3:[4,5)","J0;J3","2","J0;J3","2","J0;J3","2","J3;J0","2","J2;J3","2"
"2787","J0:[0,2);J1:[0,3);J2:[1,4);J3:[4,6)","J0;J3","2","J0;J3","2","J0;J3","2","J0;J3","2","J2;J3","2"
"2788","J0:[0,2);J1:[0,3);J2:[1,4);J3:[5,6)","J0;J3","2","J0;J3","2","J0;J3","2","J3;J0","2","J2;J3","2"
"2789","J0:[0,2);J1:[0,3);J2:[1,5);J3:[1,6)","J0","1","J0","1","J0","1","J0","1","J3","1"
"2790","J0:[0,2);J1:[0,3);J2:[1,5);J3:[2,3)","J0;J3","2","J0;J3","2","J0;J3","2","J3;J0","2","J0;J3","2"
"2791","J0:[0,2);J1:[0,3);J2:[1,5);J3:[2,4)","J0;J3","2","J0;J3","2","J0;J3","2","J0;J3","2","J0;J3","2"
"2792","J0:[0,2);J1:[0,3);J2:[1,5);J3:[2,5)","J0;J3","2","J0;J3","2","J0;J3","2","J0;J3","2","J0;J3","2"
"2793","J0:[0,2);J1:[0,3);J2:[1,5);J3:[2,6)","J0;J3","2","J0;J3","2","J0;J3","2","J0;J3","2","J0;J3","2"
"2794","J0:[0,2);J1:[0,3);J2:[1,5);J3:[3,4)","J0;J3","2","J0;J3","2","J0;J3","2","J3;J0","2","J1;J3","2"
"2795","J0:[0,2);J1:[0,3);J2:[1,5);J3:[3,5)","J0;J3","2","J0;J3","2","J0;J3","2","J0;J3","2","J1;J3","2"
"2796","J0:[0,2);J1:[0,3);J2:[1,5);J3:[3,6)","J0;J3","2","J0;J3","2","J0;J3","2","J0;J3","2","J1;J3","2"
"2797","J0:[0,2);J1:[0,3);J2:[1,5);J3:[4,5)","J0;J3","2","J0;J3","2","J0;J3","2","J3;J0","2","J1;J3","2"
"2798","J0:[0,2);J1:[0,3);J2:[1,5);J3:[4,6)","J0;J3","2","J0;J3","2","J0;J3","2","J0;J3","2","J1;J3","2"
"2799","J0:[0,2);J1:[0,3);J2:[1,5);J3:[5,6)","J0;J3","2","J0;J3","2","J0;J3","2","J3;J0","2","J2;J3","2"
"2800","J0:[0,2);J1:[0,3);J2:[1,6);J3:[2,3)","J0;J3","2","J0;J3","2","J0;J3","2","J3;J0","2","J0;J3","2"
"2801","J0:[0,2);J1:[0,3);J2:[1,6);J3:[2,4)","J0;J3","2","J0;J3","2","J0;J3","2","J0;J3","2","J0;J3","2"
"2802","J0:[0,2);J1:[0,3);J2:[1,6);J3:[2,5)","J0;J3","2","J0;J3","2","J0;J3","2","J0;J3","2","J0;J3","2"
"2803","J0:[0,2);J1:[0,3);J2:[1,6);J3:[2,6)","J0;J3","2","J0;J3","2","J0;J3","2","J0;J3","2","J0;J3","2"
"2804","J0:[0,2);J1:[0,3);J2:[1,6);J3:[3,4)","J0;J3","2","J0;J3","2","J0;J3","2","J3;J0","2","J1;J3","2"
"2805","J0:[0,2);J1:[0,3);J2:[1,6);J3:[3,5)","J0;J3","2","J0;J3","2","J0;J3","2","J0;J3","2","J1;J3","2"
"2806","J0:[0,2);J1:[0,3);J2:[1,6);J3:[3,6)","J0;J3","2","J0;J3","2","J0;J3","2","J0;J3","2","J1;J3","2"
"2807","J0:[0,2);J1:[0,3);J2:[1,6);J3:[4,5)","J0;J3","2","J0;J3","2","J0;J3","2","J3;J0","2","J1;J3","2"
"2808","J0:[0,2);J1:[0,3);J2:[1,6);J3:[4,6)","J0;J3","2","J0;J3","2","J0;J3","2","J0;J3","2","J1;J3","2"
"2809","J0:[0,2);J1:[0,3);J2:[1,6);J3:[5,6)","J0;J3","2","J0;J3","2","J0;J3","2","J3;J0","2","J1;J3","2"
"2810","J0:[0,2);J1:[0,3);J2:[2,3);J3:[2,4)","J0;J2","2","J0;J2","2","J0;J2","2","J2;J0","2","J0;J3","2"
"2811","J0:[0,2);J1:[0,3);J2:[2,3);J3:[2,5)","J0;J2","2","J0;J2","2","J0;J2","2","J2;J0","2","J0;J3","2"
"2812","J0:[0,2);J1:[0,3);J2:[2,3);J3:[2,6)","J0;J2","2","J0;J2","2","J0;J2","2","J2;J0","2","J0;J3","2"
"2813","J0:[0,2);J1:[0,3);J2:[2,3);J3:[3,4)","J0;J2;J3","3","J0;J2;J3","3","J0;J2;J3","3","J2;J3;J0","3","J0;J2;J3","3"
"2814","J0:[0,2);J1:[0,3);J2:[2,3);J3:[3,5)","J0;J2;J3","3","J0;J2;J3","3","J0;J2;J3","3","J2;J0;J3","3","J0;J2;J3","3"
"2815","J0:[0,2);J1:[0,3);J2:[2,3);J3:[3,6)","J0;J2;J3","3","J0;J2;J3","3","J0;J2;J3","3","J2;J0;J3","3","J0;J2;J3","3"
"2816","J0:[0,2);J1:[0,3);J2:[2,3);J3:[4,5)","J0;J2;J3","3","J0;J2;J3","3","J0;J2;J3","3","J2;J3;J0","3","J0;J2;J3","3"
"2817","J0:[0,2);J1:[0,3);J2:[2,3);J3:[4,6)","J0;J2;J3","3","J0;J2;J3","3","J0;J2;J3","3","J2;J0;J3","3","J0;J2;J3","3"
"2818","J0:[0,2);J1:[0,3);J2:[2,3);J3:[5,6)","J0;J2;J3","3","J0;J2;J3","3","J0;J2;J3","3","J2;J3;J0","3","J0;J2;J3","3"
"2819","J0:[0,2);J1:[0,3);J2:[2,4);J3:[2,5)","J0;J2","2","J0;J2","2","J0;J2","2","J0;J2","2","J0;J3","2"
"2820","J0:[0,2);J1:[0,3);J2:[2,4);J3:[2,6)","J0;J2","2","J0;J2","2","J0;J2","2","J0;J2","2","J0;J3","2"
"2821","J0:[0,2);J1:[0,3);J2:[2,4);J3:[3,4)","J0;J2","2","J0;J2","2","J0;J2","2","J3;J0","2","J1;J3","2"
"2822","J0:[0,2);J1:[0,3);J2:[2,4);J3:[3,5)","J0;J2","2","J0;J2","2","J0;J2","2","J0;J2","2","J1;J3","2"
"2823","J0:[0,2);J1:[0,3);J2:[2,4);J3:[3,6)","J0;J2","2","J0;J2","2","J0;J2","2","J0;J2","2","J1;J3","2"
"2824","J0:[0,2);J1:[0,3);J2:[2,4);J3:[4,5)","J0;J2;J3","3","J0;J2;J3","3","J0;J2;J3","3","J3;J0;J2","3","J0;J2;J3","3"
"2825","J0:[0,2);J1:[0,3);J2:[2,4);J3:[4,6)","J0;J2;J3","3","J0;J2;J3","3","J0;J2;J3","3","J0;J2;J3","3","J0;J2;J3","3"
"2826","J0:[0,2);J1:[0,3);J2:[2,4);J3:[5,6)","J0;J2;J3","3","J0;J2;J3","3","J0;J2;J3","3","J3;J0;J2","3","J0;J2;J3","3"
"2827","J0:[0,2);J1:[0,3);J2:[2,5);J3:[2,6)","J0;J2","2","J0;J2","2","J0;J2","2","J0;J2","2","J0;J3","2"
"2828","J0:[0,2);J1:[0,3);J2:[2,5);J3:[3,4)","J0;J2","2","J0;J3","2","J0;J2","2","J3;J0","2","J1;J3","2"
"2829","J0:[0,2);J1:[0,3);J2:[2,5);J3:[3,5)","J0;J2","2","J0;J2","2","J0;J2","2","J0;J3","2","J1;J3","2"
"2830","J0:[0,2);J1:[0,3);J2:[2,5);J3:[3,6)","J0;J2","2","J0;J2","2","J0;J2","2","J0;J2","2","J1;J3","2"
"2831","J0:[0,2);J1:[0,3);J2:[2,5);J3:[4,5)","J0;J2","2","J0;J2","2","J0;J2","2","J3;J0","2","J1;J3","2"
"2832","J0:[0,2);J1:[0,3);J2:[2,5);J3:[4,6)","J0;J2","2","J0;J2","2","J0;J2","2","J0;J3","2","J1;J3","2"
"2833","J0:[0,2);J1:[0,3);J2:[2,5);J3:[5,6)","J0;J2;J3","3","J0;J2;J3","3","J0;J2;J3","3","J3;J0;J2","3","J0;J2;J3","3"
"2834","J0:[0,2);J1:[0,3);J2:[2,6);J3:[3,4)","J0;J2","2","J0;J3","2","J0;J2","2","J3;J0","2","J1;J3","2"
"2835","J0:[0,2);J1:[0,3);J2:[2,6);J3:[3,5)","J0;J2","2","J0;J3","2","J0;J2","2","J0;J3","2","J1;J3","2"
"2836","J0:[0,2);J1:[0,3);J2:[2,6);J3:[3,6)","J0;J2","2","J0;J2","2","J0;J2","2","J0;J3","2","J1;J3","2"
"2837","J0:[0,2);J1:[0,3);J2:[2,6);J3:[4,5)","J0;J2","2","J0;J3","2","J0;J2","2","J3;J0","2","J1;J3","2"
"2838","J0:[0,2);J1:[0,3);J2:[2,6);J3:[4,6)","J0;J2","2","J0;J2","2","J0;J2","2","J0;J3","2","J1;J3","2"
"2839","J0:[0,2);J1:[0,3);J2:[2,6);J3:[5,6)","J0;J2","2","J0;J2","2","J0;J2","2","J3;J0","2","J1;J3","2"
"2840","J0:[0,2);J1:[0,3);J2:[3,4);J3:[3,5)","J0;J2","2","J0;J2","2","J0;J2","2","J2;J0","2","J1;J3","2"
"2841","J0:[0,2);J1:[0,3);J2:[3,4);J3:[3,6)","J0;J2","2","J0;J2","2","J0;J2","2","J2;J0","2","J1;J3","2"
"2842","J0:[0,2);J1:[0,3);J2:[3,4);J3:[4,5)","J0;J2;J3","3","J0;J2;J3","3","J0;J2;J3","3","J2;J3;J0","3","J1;J2;J3","3"
"2843","J0:[0,2);J1:[0,3);J2:[3,4);J3:[4,6)","J0;J2;J3","3","J0;J2;J3","3","J0;J2;J3","3","J2;J0;J3","3","J1;J2;J3","3"
"2844","J0:[0,2);J1:[0,3);J2:[3,4);J3:[5,6)","J0;J2;J3","3","J0;J2;J3","3","J0;J2;J3","3","J2;J3;J0","3","J1;J2;J3","3"
"2845","J0:[0,2);J1:[0,3);J2:[3,5);J3:[3,6)","J0;J2","2","J0;J2","2","J0;J2","2","J0;J2","2","J1;J3","2"
"2846","J0:[0,2);J1:[0,3);J2:[3,5);J3:[4,5)","J0;J2","2","J0;J2","2","J0;J2","2","J3;J0","2","J1;J3","2"
"2847","J0:[0,2);J1:[0,3);J2:[3,5);J3:[4,6)","J0;J2","2","J0;J2","2","J0;J2","2","J0;J2","2","J1;J3","2"
"2848","J0:[0,2);J1:[0,3);J2:[3,5);J3:[5,6)","J0;J2;J3","3","J0;J2;J3","3","J0;J2;J3","3","J3;J0;J2","3","J1;J2;J3","3"
"2849","J0:[0,2);J1:[0,3);J2:[3,6);J3:[4,5)","J0;J2","2","J0;J3","2","J0;J2","2","J3;J0","2","J1;J3","2"
"2850","J0:[0,2);J1:[0,3);J2:[3,6);J3:[4,6)","J0;J2","2","J0;J2","2","J0;J2","2","J0;J3","2","J1;J3","2"
"2851","J0:[0,2);J1:[0,3);J2:[3,6);J3:[5,6)","J0;J2","2","J0;J2","2","J0;J2","2","J3;J0","2","J1;J3","2"
"2852","J0:[0,2);J1:[0,3);J2:[4,5);J3:[4,6)","J0;J2","2","J0;J2","2","J0;J2","2","J2;J0","2","J1;J3","2"
"2853","J0:[0,2);J1:[0,3);J2:[4,5);J3:[5,6)","J0;J2;J3","3","J0;J2;J3","3","J0;J2;J3","3","J2;J3;J0","3","J1;J2;J3","3"
"2854","J0:[0,2);J1:[0,3);J2:[4,6);J3:[5,6)","J0;J2","2","J0;J2","2","J0;J2","2","J3;J0","2","J1;J3","2"
"2855","J0:[0,2);J1:[0,4);J2:[0,5);J3:[0,6)","J0","1","J0","1","J0","1","J0","1","J3","1"
"2856","J0:[0,2);J1:[0,4);J2:[0,5);J3:[1,2)","J0","1","J0","1","J0","1","J3","1","J3","1"
"2857","J0:[0,2);J1:[0,4);J2:[0,5);J3:[1,3)","J0","1","J0","1","J0","1","J0","1","J3","1"
"2858","J0:[0,2);J1:[0,4);J2:[0,5);J3:[1,4)","J0","1","J0","1","J0","1","J0","1","J3","1"
"2859","J0:[0,2);J1:[0,4);J2:[0,5);J3:[1,5)","J0","1","J0","1","J0","1","J0","1","J3","1"
"2860","J0:[0,2);J1:[0,4);J2:[0,5);J3:[1,6)","J0","1","J0","1","J0","1","J0","1","J3","1"
"2861","J0:[0,2);J1:[0,4);J2:[0,5);J3:[2,3)","J0;J3","2","J0;J3","2","J0;J3","2","J3;J0","2","J0;J3","2"
"2862","J0:[0,2);J1:[0,4);J2:[0,5);J3:[2,4)","J0;J3","2","J0;J3","2","J0;J3","2","J0;J3","2","J0;J3","2"
"2863","J0:[0,2);J1:[0,4);J2:[0,5);J3:[2,5)","J0;J3","2","J0;J3","2","J0;J3","2","J0;J3","2","J0;J3","2"
"2864","J0:[0,2);J1:[0,4);J2:[0,5);J3:[2,6)","J0;J3","2","J0;J3","2","J0;J3","2","J0;J3","2","J0;J3","2"
"2865","J0:[0,2);J1:[0,4);J2:[0,5);J3:[3,4)","J0;J3","2","J0;J3","2","J0;J3","2","J3;J0","2","J0;J3","2"
"2866","J0:[0,2);J1:[0,4);J2:[0,5);J3:[3,5)","J0;J3","2","J0;J3","2","J0;J3","2","J0;J3","2","J0;J3","2"
"2867","J0:[0,2);J1:[0,4);J2:[0,5);J3:[3,6)","J0;J3","2","J0;J3","2","J0;J3","2","J0;J3","2","J0;J3","2"
"2868","J0:[0,2);J1:[0,4);J2:[0,5);J3:[4,5)","J0;J3","2","J0;J3","2","J0;J3","2","J3;J0","2","J1;J3","2"
"2869","J0:[0,2);J1:[0,4);J2:[0,5);J3:[4,6)","J0;J3","2","J0;J3","2","J0;J3","2","J0;J3","2","J1;J3","2"
"2870","J0:[0,2);J1:[0,4);J2:[0,5);J3:[5,6)","J0;J3","2","J0;J3","2","J0;J3","2","J3;J0","2","J2;J3","2"
"2871","J0:[0,2);J1:[0,4);J2:[0,6);J3:[1,2)","J0","1","J0","1","J0","1","J3","1","J3","1"
"2872","J0:[0,2);J1:[0,4);J2:[0,6);J3:[1,3)","J0","1","J0","1","J0","1","J0","1","J3","1"
"2873","J0:[0,2);J1:[0,4);J2:[0,6);J3:[1,4)","J0","1","J0","1","J0","1","J0","1","J3","1"
"2874","J0:[0,2);J1:[0,4);J2:[0,6);J3:[1,5)","J0","1","J0","1","J0","1","J0","1","J3","1"
"2875","J0:[0,2);J1:[0,4);J2:[0,6);J3:[1,6)","J0","1","J0","1","J0","1","J0","1","J3","1"
"2876","J0:[0,2);J1:[0,4);J2:[0,6);J3:[2,3)","J0;J3","2","J0;J3","2","J0;J3","2","J3;J0","2","J0;J3","2"
"2877","J0:[0,2);J1:[0,4);J2:[0,6);J3:[2,4)","J0;J3","2","J0;J3","2","J0;J3","2","J0;J3","2","J0;J3","2"
"2878","J0:[0,2);J1:[0,4);J2:[0,6);J3:[2,5)","J0;J3","2","J0;J3","2","J0;J3","2","J0;J3","2","J0;J3","2"
"2879","J0:[0,2);J1:[0,4);J2:[0,6);J3:[2,6)","J0;J3","2","J0;J3","2","J0;J3","2","J0;J3","2","J0;J3","2"
"2880","J0:[0,2);J1:[0,4);J2:[0,6);J3:[3,4)","J0;J3","2","J0;J3","2","J0;J3","2","J3;J0","2","J0;J3","2"
"2881","J0:[0,2);J1:[0,4);J2:[0,6);J3:[3,5)","J0;J3","2","J0;J3","2","J0;J3","2","J0;J3","2","J0;J3","2"
"2882","J0:[0,2);J1:[0,4);J2:[0,6);J3:[3,6)","J0;J3","2","J0;J3","2","J0;J3","2","J0;J3","2","J0;J3","2"
"2883","J0:[0,2);J1:[0,4);J2:[0,6);J3:[4,5)","J0;J3","2","J0;J3","2","J0;J3","2","J3;J0","2","J1;J3","2"
"2884","J0:[0,2);J1:[0,4);J2:[0,6);J3:[4,6)","J0;J3","2","J0;J3","2","J0;J3","2","J0;J3","2","J1;J3","2"
"2885","J0:[0,2);J1:[0,4);J2:[0,6);J3:[5,6)","J0;J3","2","J0;J3","2","J0;J3","2","J3;J0","2","J1;J3","2"
"2886","J0:[0,2);J1:[0,4);J2:[1,2);J3:[1,3)","J0","1","J0","1","J0","1","J2","1","J3","1"
"2887","J0:[0,2);J1:[0,4);J2:[1,2);J3:[1,4)","J0","1","J0","1","J0","1","J2","1","J3","1"
"2888","J0:[0,2);J1:[0,4);J2:[1,2);J3:[1,5)","J0","1","J0","1","J0","1","J2","1","J3","1"
"2889","J0:[0,2);J1:[0,4);J2:[1,2);J3:[1,6)","J0","1","J0","1","J0","1","J2","1","J3","1"
"2890","J0:[0,2);J1:[0,4);J2:[1,2);J3:[2,3)","J0;J3","2","J0;J3","2","J0;J3","2","J2;J3","2","J2;J3","2"
"2891","J0:[0,2);J1:[0,4);J2:[1,2);J3:[2,4)","J0;J3","2","J0;J3","2","J0;J3","2","J2;J3","2","J2;J3","2"
"2892","J0:[0,2);J1:[0,4);J2:[1,2);J3:[2,5)","J0;J3","2","J0;J3","2","J0;J3","2","J2;J3","2","J2;J3","2"
"2893","J0:[0,2);J1:[0,4);J2:[1,2);J3:[2,6)","J0;J3","2","J0;J3","2","J0;J3","2","J2;J3","2","J2;J3","2"
"2894","J0:[0,2);J1:[0,4);J2:[1,2);J3:[3,4)","J0;J3","2","J0;J3","2","J0;J3","2","J2;J3","2","J2;J3","2"
"2895","J0:[0,2);J1:[0,4);J2:[1,2);J3:[3,5)","J0;J3","2","J0;J3","2","J0;J3","2","J2;J3","2","J2;J3","2"
"2896","J0:[0,2);J1:[0,4);J2:[1,2);J3:[3,6)","J0;J3","2","J0;J3","2","J0;J3","2","J2;J3","2","J2;J3","2"
"2897","J0:[0,2);J1:[0,4);J2:[1,2);J3:[4,5)","J0;J3","2","J0;J3","2","J0;J3","2","J2;J3","2","J2;J3","2"
"2898","J0:[0,2);J1:[0,4);J2:[1,2);J3:[4,6)","J0;J3","2","J0;J3","2","J0;J3","2","J2;J3","2","J2;J3","2"
"2899","J0:[0,2);J1:[0,4);J2:[1,2);J3:[5,6)","J0;J3","2","J0;J3","2","J0;J3","2","J2;J3","2","J2;J3","2"
"2900","J0:[0,2);J1:[0,4);J2:[1,3);J3:[1,4)","J0","1","J0","1","J0","1","J0","1","J3","1"
"2901","J0:[0,2);J1:[0,4);J2:[1,3);J3:[1,5)","J0","1","J0","1","J0","1","J0","1","J3","1"
"2902","J0:[0,2);J1:[0,4);J2:[1,3);J3:[1,6)","J0","1","J0","1","J0","1","J0","1","J3","1"
"2903","J0:[0,2);J1:[0,4);J2:[1,3);J3:[2,3)","J0;J3","2","J0;J3","2","J0;J3","2","J3;J0","2","J0;J3","2"
"2904","J0:[0,2);J1:[0,4);J2:[1,3);J3:[2,4)","J0;J3","2","J0;J3","2","J0;J3","2","J0;J3","2","J0;J3","2"
"2905","J0:[0,2);J1:[0,4);J2:[1,3);J3:[2,5)","J0;J3","2","J0;J3","2","J0;J3","2","J0;J3","2","J0;J3","2"
"2906","J0:[0,2);J1:[0,4);J2:[1,3);J3:[2,6)","J0;J3","2","J0;J3","2","J0;J3","2","J0;J3","2","J0;J3","2"
"2907","J0:[0,2);J1:[0,4);J2:[1,3);J3:[3,4)","J0;J3","2","J0;J3","2","J0;J3","2","J3;J0","2","J2;J3","2"
"2908","J0:[0,2);J1:[0,4);J2:[1,3);J3:[3,5)","J0;J3","2","J0;J3","2","J0;J3","2","J0;J3","2","J2;J3","2"
"2909","J0:[0,2);J1:[0,4);J2:[1,3);J3:[3,6)","J0;J3","2","J0;J3","2","J0;J3","2","J0;J3","2","J2;J3","2"
"2910","J0:[0,2);J1:[0,4);J2:[1,3);J3:[4,5)","J0;J3","2","J0;J3","2","J0;J3","2","J3;J0","2","J2;J3","2"
"2911","J0:[0,2);J1:[0,4);J2:[1,3);J3:[4,6)","J0;J3","2","J0;J3","2","J0;J3","2","J0;J3","2","J2;J3","2"
"2912","J0:[0,2);J1:[0,4);J2:[1,3);J3:[5,6)","J0;J3","2","J0;J3","2","J0;J3","2","J3;J0","2","J2;J3","2"
"2913","J0:[0,2);J1:[0,4);J2:[1,4);J3:[1,5)","J0","1","J0","1","J0","1","J0","1","J3","1"
"2914","J0:[0,2);J1:[0,4);J2:[1,4);J3:[1,6)","J0","1","J0","1","J0","1","J0","1","J3","1"
"2915","J0:[0,2);J1:[0,4);J2:[1,4);J3:[2,3)","J0;J3","2","J0;J3","2","J0;J3","2","J3;J0","2","J0;J3","2"
"2916","J0:[0,2);J1:[0,4);J2:[1,4);J3:[2,4)","J0;J3","2","J0;J3","2","J0;J3","2","J0;J3","2","J0;J3","2"
"2917","J0:[0,2);J1:[0,4);J2:[1,4);J3:[2,5)","J0;J3","2","J0;J3","2","J0;J3","2","J0;J3","2","J0;J3","2"
"2918","J0:[0,2);J1:[0,4);J2:[1,4);J3:[2,6)","J0;J3","2","J0;J3","2","J0;J3","2","J0;J3","2","J0;J3","2"
"2919","J0:[0,2);J1:[0,4);J2:[1,4);J3:[3,4)","J0;J3","2","J0;J3","2","J0;J3","2","J3;J0","2","J0;J3","2"
"2920","J0:[0,2);J1:[0,4);J2:[1,4);J3:[3,5)","J0;J3","2","J0;J3","2","J0;J3","2","J0;J3","2","J0;J3","2"
"2921","J0:[0,2);J1:[0,4);J2:[1,4);J3:[3,6)","J0;J3","2","J0;J3","2","J0;J3","2","J0;J3","2","J0;J3","2"
"2922","J0:[0,2);J1:[0,4);J2:[1,4);J3:[4,5)","J0;J3","2","J0;J3","2","J0;J3","2","J3;J0","2","J2;J3","2"
"2923","J0:[0,2);J1:[0,4);J2:[1,4);J3:[4,6)","J0;J3","2","J0;J3","2","J0;J3","2","J0;J3","2","J2;J3","2"
"2924","J0:[0,2);J1:[0,4);J2:[1,4);J3:[5,6)","J0;J3","2","J0;J3","2","J0;J3","2","J3;J0","2","J2;J3","2"
"2925","J0:[0,2);J1:[0,4);J2:[1,5);J3:[1,6)","J0","1","J0","1","J0","1","J0","1","J3","1"
"2926","J0:[0,2);J1:[0,4);J2:[1,5);J3:[2,3)","J0;J3","2","J0;J3","2","J0;J3","2","J3;J0","2","J0;J3","2"
"2927","J0:[0,2);J1:[0,4);J2:[1,5);J3:[2,4)","J0;J3","2","J0;J3","2","J0;J3","2","J0;J3","2","J0;J3","2"
"2928","J0:[0,2);J1:[0,4);J2:[1,5);J3:[2,5)","J0;J3","2","J0;J3","2","J0;J3","2","J0;J3","2","J0;J3","2"
"2929","J0:[0,2);J1:[0,4);J2:[1,5);J3:[2,6)","J0;J3","2","J0;J3","2","J0;J3","2","J0;J3","2","J0;J3","2"
"2930","J0:[0,2);J1:[0,4);J2:[1,5);J3:[3,4)","J0;J3","2","J0;J3","2","J0;J3","2","J3;J0","2","J0;J3","2"
"2931","J0:[0,2);J1:[0,4);J2:[1,5);J3:[3,5)","J0;J3","2","J0;J3","2","J0;J3","2","J0;J3","2","J0;J3","2"
"2932","J0:[0,2);J1:[0,4);J2:[1,5);J3:[3,6)","J0;J3","2","J0;J3","2","J0;J3","2","J0;J3","2","J0;J3","2"
"2933","J0:[0,2);J1:[0,4);J2:[1,5);J3:[4,5)","J0;J3","2","J0;J3","2","J0;J3","2","J3;J0","2","J1;J3","2"
"2934","J0:[0,2);J1:[0,4);J2:[1,5);J3:[4,6)","J0;J3","2","J0;J3","2","J0;J3","2","J0;J3","2","J1;J3","2"
"2935","J0:[0,2);J1:[0,4);J2:[1,5);J3:[5,6)","J0;J3","2","J0;J3","2","J0;J3","2","J3;J0","2","J2;J3","2"
"2936","J0:[0,2);J1:[0,4);J2:[1,6);J3:[2,3)","J0;J3","2","J0;J3","2","J0;J3","2","J3;J0","2","J0;J3","2"
"2937","J0:[0,2);J1:[0,4);J2:[1,6);J3:[2,4)","J0;J3","2","J0;J3","2","J0;J3","2","J0;J3","2","J0;J3","2"
"2938","J0:[0,2);J1:[0,4);J2:[1,6);J3:[2,5)","J0;J3","2","J0;J3","2","J0;J3","2","J0;J3","2","J0;J3","2"
"2939","J0:[0,2);J1:[0,4);J2:[1,6);J3:[2,6)","J0;J3","2","J0;J3","2","J0;J3","2","J0;J3","2","J0;J3","2"
"2940","J0:[0,2);J1:[0,4);J2:[1,6);J3:[3,4)","J0;J3","2","J0;J3","2","J0;J3","2","J3;J0","2","J0;J3","2"
"2941","J0:[0,2);J1:[0,4);J2:[1,6);J3:[3,5)","J0;J3","2","J0;J3","2","J0;J3","2","J0;J3","2","J0;J3","2"
"2942","J0:[0,2);J1:[0,4);J2:[1,6);J3:[3,6)","J0;J3","2","J0;J3","2","J0;J3","2","J0;J3","2","J0;J3","2"
"2943","J0:[0,2);J1:[0,4);J2:[1,6);J3:[4,5)","J0;J3","2","J0;J3","2","J0;J3","2","J3;J0","2","J1;J3","2"
"2944","J0:[0,2);J1:[0,4);J2:[1,6);J3:[4,6)","J0;J3","2","J0;J3","2","J0;J3","2","J0;J3","2","J1;J3","2"
"2945","J0:[0,2);J1:[0,4);J2:[1,6);J3:[5,6)","J0;J3","2","J0;J3","2","J0;J3","2","J3;J0","2","J1;J3","2"
"2946","J0:[0,2);J1:[0,4);J2:[2,3);J3:[2,4)","J0;J2","2","J0;J2","2","J0;J2","2","J2;J0","2","J0;J3","2"
"2947","J0:[0,2);J1:[0,4);J2:[2,3);J3:[2,5)","J0;J2","2","J0;J2","2","J0;J2","2","J2;J0","2","J0;J3","2"
"2948","J0:[0,2);J1:[0,4);J2:[2,3);J3:[2,6)","J0;J2","2","J0;J2","2","J0;J2","2","J2;J0","2","J0;J3","2"
"2949","J0:[0,2);J1:[0,4);J2:[2,3);J3:[3,4)","J0;J2;J3","3","J0;J2;J3","3","J0;J2;J3","3","J2;J3;J0","3","J0;J2;J3","3"
"2950","J0:[0,2);J1:[0,4);J2:[2,3);J3:[3,5)","J0;J2;J3","3","J0;J2;J3","3","J0;J2;J3","3","J2;J0;J3","3","J0;J2;J3","3"
"2951","J0:[0,2);J1:[0,4);J2:[2,3);J3:[3,6)","J0;J2;J3","3","J0;J2;J3","3","J0;J2;J3","3","J2;J0;J3","3","J0;J2;J3","3"
"2952","J0:[0,2);J1:[0,4);J2:[2,3);J3:[4,5)","J0;J2;J3","3","J0;J2;J3","3","J0;J2;J3","3","J2;J3;J0","3","J0;J2;J3","3"
"2953","J0:[0,2);J1:[0,4);J2:[2,3);J3:[4,6)","J0;J2;J3","3","J0;J2;J3","3","J0;J2;J3","3","J2;J0;J3","3","J0;J2;J3","3"
"2954","J0:[0,2);J1:[0,4);J2:[2,3);J3:[5,6)","J0;J2;J3","3","J0;J2;J3","3","J0;J2;J3","3","J2;J3;J0","3","J0;J2;J3","3"
"2955","J0:[0,2);J1:[0,4);J2:[2,4);J3:[2,5)","J0;J2","2","J0;J2","2","J0;J2","2","J0;J2","2","J0;J3","2"
"2956","J0:[0,2);J1:[0,4);J2:[2,4);J3:[2,6)","J0;J2","2","J0;J2","2","J0;J2","2","J0;J2","2","J0;J3","2"
"2957","J0:[0,2);J1:[0,4);J2:[2,4);J3:[3,4)","J0;J2","2","J0;J2","2","J0;J2","2","J3;J0","2","J0;J3","2"
"2958","J0:[0,2);J1:[0,4);J2:[2,4);J3:[3,5)","J0;J2","2","J0;J2","2","J0;J2","2","J0;J2","2","J0;J3","2"
"2959","J0:[0,2);J1:[0,4);J2:[2,4);J3:[3,6)","J0;J2","2","J0;J2","2","J0;J2","2","J0;J2","2","J0;J3","2"
"2960","J0:[0,2);J1:[0,4);J2:[2,4);J3:[4,5)","J0;J2;J3","3","J0;J2;J3","3","J0;J2;J3","3","J3;J0;J2","3","J0;J2;J3","3"
"2961","J0:[0,2);J1:[0,4);J2:[2,4);J3:[4,6)","J0;J2;J3","3","J0;J2;J3","3","J0;J2;J3","3","J0;J2;J3","3","J0;J2;J3","3"
"2962","J0:[0,2);J1:[0,4);J2:[2,4);J3:[5,6)","J0;J2;J3","3","J0;J2;J3","3","J0;J2;J3","3","J3;J0;J2","3","J0;J2;J3","3"
"2963","J0:[0,2);J1:[0,4);J2:[2,5);J3:[2,6)","J0;J2","2","J0;J2","2","J0;J2","2","J0;J2","2","J0;J3","2"
"2964","J0:[0,2);J1:[0,4);J2:[2,5);J3:[3,4)","J0;J2","2","J0;J3","2","J0;J2","2","J3;J0","2","J0;J3","2"
"2965","J0:[0,2);J1:[0,4);J2:[2,5);J3:[3,5)","J0;J2","2","J0;J2","2","J0;J2","2","J0;J3","2","J0;J3","2"
"2966","J0:[0,2);J1:[0,4);J2:[2,5);J3:[3,6)","J0;J2","2","J0;J2","2","J0;J2","2","J0;J2","2","J0;J3","2"
"2967","J0:[0,2);J1:[0,4);J2:[2,5);J3:[4,5)","J0;J2","2","J0;J2","2","J0;J2","2","J3;J0","2","J1;J3","2"
"2968","J0:[0,2);J1:[0,4);J2:[2,5);J3:[4,6)","J0;J2","2","J0;J2","2","J0;J2","2","J0;J3","2","J1;J3","2"
"2969","J0:[0,2);J1:[0,4);J2:[2,5);J3:[5,6)","J0;J2;J3","3","J0;J2;J3","3","J0;J2;J3","3","J3;J0;J2","3","J0;J2;J3","3"
"2970","J0:[0,2);J1:[0,4);J2:[2,6);J3:[3,4)","J0;J2","2","J0;J3","2","J0;J2","2","J3;J0","2","J0;J3","2"
"2971","J0:[0,2);J1:[0,4);J2:[2,6);J3:[3,5)","J0;J2","2","J0;J3","2","J0;J2","2","J0;J3","2","J0;J3","2"
"2972","J0:[0,2);J1:[0,4);J2:[2,6);J3:[3,6)","J0;J2","2","J0;J2","2","J0;J2","2","J0;J3","2","J0;J3","2"
"2973","J0:[0,2);J1:[0,4);J2:[2,6);J3:[4,5)","J0;J2","2","J0;J3","2","J0;J2","2","J3;J0","2","J1;J3","2"
"2974","J0:[0,2);J1:[0,4);J2:[2,6);J3:[4,6)","J0;J2","2","J0;J2","2","J0;J2","2","J0;J3","2","J1;J3","2"
"2975","J0:[0,2);J1:[0,4);J2:[2,6);J3:[5,6)","J0;J2","2","J0;J2","2","J0;J2","2","J3;J0","2","J1;J3","2"
"2976","J0:[0,2);J1:[0,4);J2:[3,4);J3:[3,5)","J0;J2","2","J0;J2","2","J0;J2","2","J2;J0","2","J0;J3","2"
"2977","J0:[0,2);J1:[0,4);J2:[3,4);J3:[3,6)","J0;J2","2","J0;J2","2","J0;J2","2","J2;J0","2","J0;J3","2"
"2978","J0:[0,2);J1:[0,4);J2:[3,4);J3:[4,5)","J0;J2;J3","3","J0;J2;J3","3","J0;J2;J3","3","J2;J3;J0","3","J0;J2;J3","3"
"2979","J0:[0,2);J1:[0,4);J2:[3,4);J3:[4,6)","J0;J2;J3","3","J0;J2;J3","3","J0;J2;J3","3","J2;J0;J3","3","J0;J2;J3","3"
"2980","J0:[0,2);J1:[0,4);J2:[3,4);J3:[5,6)","J0;J2;J3","3","J0;J2;J3","3","J0;J2;J3","3","J2;J3;J0","3","J0;J2;J3","3"
"2981","J0:[0,2);J1:[0,4);J2:[3,5);J3:[3,6)","J0;J2","2","J0;J2","2","J0;J2","2","J0;J2","2","J0;J3","2"
"2982","J0:[0,2);J1:[0,4);J2:[3,5);J3:[4,5)","J0;J2","2","J0;J2","2","J0;J2","2","J3;J0","2","J1;J3","2"
"2983","J0:[0,2);J1:[0,4);J2:[3,5);J3:[4,6)","J0;J2","2","J0;J2","2","J0;J2","2","J0;J2","2","J1;J3","2"
"2984","J0:[0,2);J1:[0,4);J2:[3,5);J3:[5,6)","J0;J2;J3","3","J0;J2;J3","3","J0;J2;J3","3","J3;J0;J2","3","J0;J2;J3","3"
"2985","J0:[0,2);J1:[0,4);J2:[3,6);J3:[4,5)","J0;J2","2","J0;J3","2","J0;J2","2","J3;J0","2","J1;J3","2"
"2986","J0:[0,2);J1:[0,4);J2:[3,6);J3:[4,6)","J0;J2","2","J0;J2","2","J0;J2","2","J0;J3","2","J1;J3","2"
"2987","J0:[0,2);J1:[0,4);J2:[3,6);J3:[5,6)","J0;J2","2","J0;J2","2","J0;J2","2","J3;J0","2","J1;J3","2"
"2988","J0:[0,2);J1:[0,4);J2:[4,5);J3:[4,6)","J0;J2","2","J0;J2","2","J0;J2","2","J2;J0","2","J1;J3","2"
"2989","J0:[0,2);J1:[0,4);J2:[4,5);J3:[5,6)","J0;J2;J3","3","J0;J2;J3","3","J0;J2;J3","3","J2;J3;J0","3","J1;J2;J3","3"
"2990","J0:[0,2);J1:[0,4);J2:[4,6);J3:[5,6)","J0;J2","2","J0;J2","2","J0;J2","2","J3;J0","2","J1;J3","2"
"2991","J0:[0,2);J1:[0,5);J2:[0,6);J3:[1,2)","J0","1","J0","1","J0","1","J3","1","J3","1"
"2992","J0:[0,2);J1:[0,5);J2:[0,6);J3:[1,3)","J0","1","J0","1","J0","1","J0","1","J3","1"
"2993","J0:[0,2);J1:[0,5);J2:[0,6);J3:[1,4)","J0","1","J0","1","J0","1","J0","1","J3","1"
"2994","J0:[0,2);J1:[0,5);J2:[0,6);J3:[1,5)","J0","1","J0","1","J0","1","J0","1","J3","1"
"2995","J0:[0,2);J1:[0,5);J2:[0,6);J3:[1,6)","J0","1","J0","1","J0","1","J0","1","J3","1"
"2996","J0:[0,2);J1:[0,5);J2:[0,6);J3:[2,3)","J0;J3","2","J0;J3","2","J0;J3","2","J3;J0","2","J0;J3","2"
"2997","J0:[0,2);J1:[0,5);J2:[0,6);J3:[2,4)","J0;J3","2","J0;J3","2","J0;J3","2","J0;J3","2","J0;J3","2"
"2998","J0:[0,2);J1:[0,5);J2:[0,6);J3:[2,5)","J0;J3","2","J0;J3","2","J0;J3","2","J0;J3","2","J0;J3","2"
"2999","J0:[0,2);J1:[0,5);J2:[0,6);J3:[2,6)","J0;J3","2","J0;J3","2","J0;J3","2","J0;J3","2","J0;J3","2"
"3000","J0:[0,2);J1:[0,5);J2:[0,6);J3:[3,4)","J0;J3","2","J0;J3","2","J0;J3","2","J3;J0","2","J0;J3","2"
"3001","J0:[0,2);J1:[0,5);J2:[0,6);J3:[3,5)","J0;J3","2","J0;J3","2","J0;J3","2","J0;J3","2","J0;J3","2"
"3002","J0:[0,2);J1:[0,5);J2:[0,6);J3:[3,6)","J0;J3","2","J0;J3","2","J0;J3","2","J0;J3","2","J0;J3","2"
"3003","J0:[0,2);J1:[0,5);J2:[0,6);J3:[4,5)","J0;J3","2","J0;J3","2","J0;J3","2","J3;J0","2","J0;J3","2"
"3004","J0:[0,2);J1:[0,5);J2:[0,6);J3:[4,6)","J0;J3","2","J0;J3","2","J0;J3","2","J0;J3","2","J0;J3","2"
"3005","J0:[0,2);J1:[0,5);J2:[0,6);J3:[5,6)","J0;J3","2","J0;J3","2","J0;J3","2","J3;J0","2","J1;J3","2"
"3006","J0:[0,2);J1:[0,5);J2:[1,2);J3:[1,3)","J0","1","J0","1","J0","1","J2","1","J3","1"
"3007","J0:[0,2);J1:[0,5);J2:[1,2);J3:[1,4)","J0","1","J0","1","J0","1","J2","1","J3","1"
"3008","J0:[0,2);J1:[0,5);J2:[1,2);J3:[1,5)","J0","1","J0","1","J0","1","J2","1","J3","1"
"3009","J0:[0,2);J1:[0,5);J2:[1,2);J3:[1,6)","J0","1","J0","1","J0","1","J2","1","J3","1"
"3010","J0:[0,2);J1:[0,5);J2:[1,2);J3:[2,3)","J0;J3","2","J0;J3","2","J0;J3","2","J2;J3","2","J2;J3","2"
"3011","J0:[0,2);J1:[0,5);J2:[1,2);J3:[2,4)","J0;J3","2","J0;J3","2","J0;J3","2","J2;J3","2","J2;J3","2"
"3012","J0:[0,2);J1:[0,5);J2:[1,2);J3:[2,5)","J0;J3","2","J0;J3","2","J0;J3","2","J2;J3","2","J2;J3","2"
"3013","J0:[0,2);J1:[0,5);J2:[1,2);J3:[2,6)","J0;J3","2","J0;J3","2","J0;J3","2","J2;J3","2","J2;J3","2"
"3014","J0:[0,2);J1:[0,5);J2:[1,2);J3:[3,4)","J0;J3","2","J0;J3","2","J0;J3","2","J2;J3","2","J2;J3","2"
"3015","J0:[0,2);J1:[0,5);J2:[1,2);J3:[3,5)","J0;J3","2","J0;J3","2","J0;J3","2","J2;J3","2","J2;J3","2"
"3016","J0:[0,2);J1:[0,5);J2:[1,2);J3:[3,6)","J0;J3","2","J0;J3","2","J0;J3","2","J2;J3","2","J2;J3","2"
"3017","J0:[0,2);J1:[0,5);J2:[1,2);J3:[4,5)","J0;J3","2","J0;J3","2","J0;J3","2","J2;J3","2","J2;J3","2"
"3018","J0:[0,2);J1:[0,5);J2:[1,2);J3:[4,6)","J0;J3","2","J0;J3","2","J0;J3","2","J2;J3","2","J2;J3","2"
"3019","J0:[0,2);J1:[0,5);J2:[1,2);J3:[5,6)","J0;J3","2","J0;J3","2","J0;J3","2","J2;J3","2","J2;J3","2"
"3020","J0:[0,2);J1:[0,5);J2:[1,3);J3:[1,4)","J0","1","J0","1","J0","1","J0","1","J3","1"
"3021","J0:[0,2);J1:[0,5);J2:[1,3);J3:[1,5)","J0","1","J0","1","J0","1","J0","1","J3","1"
"3022","J0:[0,2);J1:[0,5);J2:[1,3);J3:[1,6)","J0","1","J0","1","J0","1","J0","1","J3","1"
"3023","J0:[0,2);J1:[0,5);J2:[1,3);J3:[2,3)","J0;J3","2","J0;J3","2","J0;J3","2","J3;J0","2","J0;J3","2"
"3024","J0:[0,2);J1:[0,5);J2:[1,3);J3:[2,4)","J0;J3","2","J0;J3","2","J0;J3","2","J0;J3","2","J0;J3","2"
"3025","J0:[0,2);J1:[0,5);J2:[1,3);J3:[2,5)","J0;J3","2","J0;J3","2","J0;J3","2","J0;J3","2","J0;J3","2"
"3026","J0:[0,2);J1:[0,5);J2:[1,3);J3:[2,6)","J0;J3","2","J0;J3","2","J0;J3","2","J0;J3","2","J0;J3","2"
"3027","J0:[0,2);J1:[0,5);J2:[1,3);J3:[3,4)","J0;J3","2","J0;J3","2","J0;J3","2","J3;J0","2","J2;J3","2"
"3028","J0:[0,2);J1:[0,5);J2:[1,3);J3:[3,5)","J0;J3","2","J0;J3","2","J0;J3","2","J0;J3","2","J2;J3","2"
"3029","J0:[0,2);J1:[0,5);J2:[1,3);J3:[3,6)","J0;J3","2","J0;J3","2","J0;J3","2","J0;J3","2","J2;J3","2"
"3030","J0:[0,2);J1:[0,5);J2:[1,3);J3:[4,5)","J0;J3","2","J0;J3","2","J0;J3","2","J3;J0","2","J2;J3","2"
"3031","J0:[0,2);J1:[0,5);J2:[1,3);J3:[4,6)","J0;J3","2","J0;J3","2","J0;J3","2","J0;J3","2","J2;J3","2"
"3032","J0:[0,2);J1:[0,5);J2:[1,3);J3:[5,6)","J0;J3","2","J0;J3","2","J0;J3","2","J3;J0","2","J2;J3","2"
"3033","J0:[0,2);J1:[0,5);J2:[1,4);J3:[1,5)","J0","1","J0","1","J0","1","J0","1","J3","1"
"3034","J0:[0,2);J1:[0,5);J2:[1,4);J3:[1,6)","J0","1","J0","1","J0","1","J0","1","J3","1"
"3035","J0:[0,2);J1:[0,5);J2:[1,4);J3:[2,3)","J0;J3","2","J0;J3","2","J0;J3","2","J3;J0","2","J0;J3","2"
"3036","J0:[0,2);J1:[0,5);J2:[1,4);J3:[2,4)","J0;J3","2","J0;J3","2","J0;J3","2","J0;J3","2","J0;J3","2"
"3037","J0:[0,2);J1:[0,5);J2:[1,4);J3:[2,5)","J0;J3","2","J0;J3","2","J0;J3","2","J0;J3","2","J0;J3","2"
"3038","J0:[0,2);J1:[0,5);J2:[1,4);J3:[2,6)","J0;J3","2","J0;J3","2","J0;J3","2","J0;J3","2","J0;J3","2"
"3039","J0:[0,2);J1:[0,5);J2:[1,4);J3:[3,4)","J0;J3","2","J0;J3","2","J0;J3","2","J3;J0","2","J0;J3","2"
"3040","J0:[0,2);J1:[0,5);J2:[1,4);J3:[3,5)","J0;J3","2","J0;J3","2","J0;J3","2","J0;J3","2","J0;J3","2"
"3041","J0:[0,2);J1:[0,5);J2:[1,4);J3:[3,6)","J0;J3","2","J0;J3","2","J0;J3","2","J0;J3","2","J0;J3","2"
"3042","J0:[0,2);J1:[0,5);J2:[1,4);J3:[4,5)","J0;J3","2","J0;J3","2","J0;J3","2","J3;J0","2","J2;J3","2"
"3043","J0:[0,2);J1:[0,5);J2:[1,4);J3:[4,6)","J0;J3","2","J0;J3","2","J0;J3","2","J0;J3","2","J2;J3","2"
"3044","J0:[0,2);J1:[0,5);J2:[1,4);J3:[5,6)","J0;J3","2","J0;J3","2","J0;J3","2","J3;J0","2","J2;J3","2"
"3045","J0:[0,2);J1:[0,5);J2:[1,5);J3:[1,6)","J0","1","J0","1","J0","1","J0","1","J3","1"
"3046","J0:[0,2);J1:[0,5);J2:[1,5);J3:[2,3)","J0;J3","2","J0;J3","2","J0;J3","2","J3;J0","2","J0;J3","2"
"3047","J0:[0,2);J1:[0,5);J2:[1,5);J3:[2,4)","J0;J3","2","J0;J3","2","J0;J3","2","J0;J3","2","J0;J3","2"
"3048","J0:[0,2);J1:[0,5);J2:[1,5);J3:[2,5)","J0;J3","2","J0;J3","2","J0;J3","2","J0;J3","2","J0;J3","2"
"3049","J0:[0,2);J1:[0,5);J2:[1,5);J3:[2,6)","J0;J3","2","J0;J3","2","J0;J3","2","J0;J3","2","J0;J3","2"
"3050","J0:[0,2);J1:[0,5);J2:[1,5);J3:[3,4)","J0;J3","2","J0;J3","2","J0;J3","2","J3;J0","2","J0;J3","2"
"3051","J0:[0,2);J1:[0,5);J2:[1,5);J3:[3,5)","J0;J3","2","J0;J3","2","J0;J3","2","J0;J3","2","J0;J3","2"
"3052","J0:[0,2);J1:[0,5);J2:[1,5);J3:[3,6)","J0;J3","2","J0;J3","2","J0;J3","2","J0;J3","2","J0;J3","2"
"3053","J0:[0,2);J1:[0,5);J2:[1,5);J3:[4,5)","J0;J3","2","J0;J3","2","J0;J3","2","J3;J0","2","J0;J3","2"
"3054","J0:[0,2);J1:[0,5);J2:[1,5);J3:[4,6)","J0;J3","2","J0;J3","2","J0;J3","2","J0;J3","2","J0;J3","2"
"3055","J0:[0,2);J1:[0,5);J2:[1,5);J3:[5,6)","J0;J3","2","J0;J3","2","J0;J3","2","J3;J0","2","J2;J3","2"
"3056","J0:[0,2);J1:[0,5);J2:[1,6);J3:[2,3)","J0;J3","2","J0;J3","2","J0;J3","2","J3;J0","2","J0;J3","2"
"3057","J0:[0,2);J1:[0,5);J2:[1,6);J3:[2,4)","J0;J3","2","J0;J3","2","J0;J3","2","J0;J3","2","J0;J3","2"
"3058","J0:[0,2);J1:[0,5);J2:[1,6);J3:[2,5)","J0;J3","2","J0;J3","2","J0;J3","2","J0;J3","2","J0;J3","2"
"3059","J0:[0,2);J1:[0,5);J2:[1,6);J3:[2,6)","J0;J3","2","J0;J3","2","J0;J3","2","J0;J3","2","J0;J3","2"
"3060","J0:[0,2);J1:[0,5);J2:[1,6);J3:[3,4)","J0;J3","2","J0;J3","2","J0;J3","2","J3;J0","2","J0;J3","2"
"3061","J0:[0,2);J1:[0,5);J2:[1,6);J3:[3,5)","J0;J3","2","J0;J3","2","J0;J3","2","J0;J3","2","J0;J3","2"
"3062","J0:[0,2);J1:[0,5);J2:[1,6);J3:[3,6)","J0;J3","2","J0;J3","2","J0;J3","2","J0;J3","2","J0;J3","2"
"3063","J0:[0,2);J1:[0,5);J2:[1,6);J3:[4,5)","J0;J3","2","J0;J3","2","J0;J3","2","J3;J0","2","J0;J3","2"
"3064","J0:[0,2);J1:[0,5);J2:[1,6);J3:[4,6)","J0;J3","2","J0;J3","2","J0;J3","2","J0;J3","2","J0;J3","2"
"3065","J0:[0,2);J1:[0,5);J2:[1,6);J3:[5,6)","J0;J3","2","J0;J3","2","J0;J3","2","J3;J0","2","J1;J3","2"
"3066","J0:[0,2);J1:[0,5);J2:[2,3);J3:[2,4)","J0;J2","2","J0;J2","2","J0;J2","2","J2;J0","2","J0;J3","2"
"3067","J0:[0,2);J1:[0,5);J2:[2,3);J3:[2,5)","J0;J2","2","J0;J2","2","J0;J2","2","J2;J0","2","J0;J3","2"
"3068","J0:[0,2);J1:[0,5);J2:[2,3);J3:[2,6)","J0;J2","2","J0;J2","2","J0;J2","2","J2;J0","2","J0;J3","2"
"3069","J0:[0,2);J1:[0,5);J2:[2,3);J3:[3,4)","J0;J2;J3","3","J0;J2;J3","3","J0;J2;J3","3","J2;J3;J0","3","J0;J2;J3","3"
"3070","J0:[0,2);J1:[0,5);J2:[2,3);J3:[3,5)","J0;J2;J3","3","J0;J2;J3","3","J0;J2;J3","3","J2;J0;J3","3","J0;J2;J3","3"
"3071","J0:[0,2);J1:[0,5);J2:[2,3);J3:[3,6)","J0;J2;J3","3","J0;J2;J3","3","J0;J2;J3","3","J2;J0;J3","3","J0;J2;J3","3"
"3072","J0:[0,2);J1:[0,5);J2:[2,3);J3:[4,5)","J0;J2;J3","3","J0;J2;J3","3","J0;J2;J3","3","J2;J3;J0","3","J0;J2;J3","3"
"3073","J0:[0,2);J1:[0,5);J2:[2,3);J3:[4,6)","J0;J2;J3","3","J0;J2;J3","3","J0;J2;J3","3","J2;J0;J3","3","J0;J2;J3","3"
"3074","J0:[0,2);J1:[0,5);J2:[2,3);J3:[5,6)","J0;J2;J3","3","J0;J2;J3","3","J0;J2;J3","3","J2;J3;J0","3","J0;J2;J3","3"
"3075","J0:[0,2);J1:[0,5);J2:[2,4);J3:[2,5)","J0;J2","2","J0;J2","2","J0;J2","2","J0;J2","2","J0;J3","2"
"3076","J0:[0,2);J1:[0,5);J2:[2,4);J3:[2,6)","J0;J2","2","J0;J2","2","J0;J2","2","J0;J2","2","J0;J3","2"
"3077","J0:[0,2);J1:[0,5);J2:[2,4);J3:[3,4)","J0;J2","2","J0;J2","2","J0;J2","2","J3;J0","2","J0;J3","2"
"3078","J0:[0,2);J1:[0,5);J2:[2,4);J3:[3,5)","J0;J2","2","J0;J2","2","J0;J2","2","J0;J2","2","J0;J3","2"
"3079","J0:[0,2);J1:[0,5);J2:[2,4);J3:[3,6)","J0;J2","2","J0;J2","2","J0;J2","2","J0;J2","2","J0;J3","2"
"3080","J0:[0,2);J1:[0,5);J2:[2,4);J3:[4,5)","J0;J2;J3","3","J0;J2;J3","3","J0;J2;J3","3","J3;J0;J2","3","J0;J2;J3","3"
"3081","J0:[0,2);J1:[0,5);J2:[2,4);J3:[4,6)","J0;J2;J3","3","J0;J2;J3","3","J0;J2;J3","3","J0;J2;J3","3","J0;J2;J3","3"
"3082","J0:[0,2);J1:[0,5);J2:[2,4);J3:[5,6)","J0;J2;J3","3","J0;J2;J3","3","J0;J2;J3","3","J3;J0;J2","3","J0;J2;J3","3"
"3083","J0:[0,2);J1:[0,5);J2:[2,5);J3:[2,6)","J0;J2","2","J0;J2","2","J0;J2","2","J0;J2","2","J0;J3","2"
"3084","J0:[0,2);J1:[0,5);J2:[2,5);J3:[3,4)","J0;J2","2","J0;J3","2","J0;J2","2","J3;J0","2","J0;J3","2"
"3085","J0:[0,2);J1:[0,5);J2:[2,5);J3:[3,5)","J0;J2","2","J0;J2","2","J0;J2","2","J0;J3","2","J0;J3","2"
"3086","J0:[0,2);J1:[0,5);J2:[2,5);J3:[3,6)","J0;J2","2","J0;J2","2","J0;J2","2","J0;J2","2","J0;J3","2"
"3087","J0:[0,2);J1:[0,5);J2:[2,5);J3:[4,5)","J0;J2","2","J0;J2","2","J0;J2","2","J3;J0","2","J0;J3","2"
"3088","J0:[0,2);J1:[0,5);J2:[2,5);J3:[4,6)","J0;J2","2","J0;J2","2","J0;J2","2","J0;J3","2","J0;J3","2"
"3089","J0:[0,2);J1:[0,5);J2:[2,5);J3:[5,6)","J0;J2;J3","3","J0;J2;J3","3","J0;J2;J3","3","J3;J0;J2","3","J0;J2;J3","3"
"3090","J0:[0,2);J1:[0,5);J2:[2,6);J3:[3,4)","J0;J2","2","J0;J3","2","J0;J2","2","J3;J0","2","J0;J3","2"
"3091","J0:[0,2);J1:[0,5);J2:[2,6);J3:[3,5)","J0;J2","2","J0;J3","2","J0;J2","2","J0;J3","2","J0;J3","2"
"3092","J0:[0,2);J1:[0,5);J2:[2,6);J3:[3,6)","J0;J2","2","J0;J2","2","J0;J2","2","J0;J3","2","J0;J3","2"
"3093","J0:[0,2);J1:[0,5);J2:[2,6);J3:[4,5)","J0;J2","2","J0;J3","2","J0;J2","2","J3;J0","2","J0;J3","2"
"3094","J0:[0,2);J1:[0,5);J2:[2,6);J3:[4,6)","J0;J2","2","J0;J2","2","J0;J2","2","J0;J3","2","J0;J3","2"
"3095","J0:[0,2);J1:[0,5);J2:[2,6);J3:[5,6)","J0;J2","2","J0;J2","2","J0;J2","2","J3;J0","2","J1;J3","2"
"3096","J0:[0,2);J1:[0,5);J2:[3,4);J3:[3,5)","J0;J2","2","J0;J2","2","J0;J2","2","J2;J0","2","J0;J3","2"
"3097","J0:[0,2);J1:[0,5);J2:[3,4);J3:[3,6)","J0;J2","2","J0;J2","2","J0;J2","2","J2;J0","2","J0;J3","2"
"3098","J0:[0,2);J1:[0,5);J2:[3,4);J3:[4,5)","J0;J2;J3","3","J0;J2;J3","3","J0;J2;J3","3","J2;J3;J0","3","J0;J2;J3","3"
"3099","J0:[0,2);J1:[0,5);J2:[3,4);J3:[4,6)","J0;J2;J3","3","J0;J2;J3","3","J0;J2;J3","3","J2;J0;J3","3","J0;J2;J3","3"
"3100","J0:[0,2);J1:[0,5);J2:[3,4);J3:[5,6)","J0;J2;J3","3","J0;J2;J3","3","J0;J2;J3","3","J2;J3;J0","3","J0;J2;J3","3"
"3101","J0:[0,2);J1:[0,5);J2:[3,5);J3:[3,6)","J0;J2","2","J0;J2","2","J0;J2","2","J0;J2","2","J0;J3","2"
"3102","J0:[0,2);J1:[0,5);J2:[3,5);J3:[4,5)","J0;J2","2","J0;J2","2","J0;J2","2","J3;J0","2","J0;J3","2"
"3103","J0:[0,2);J1:[0,5);J2:[3,5);J3:[4,6)","J0;J2","2","J0;J2","2","J0;J2","2","J0;J2","2","J0;J3","2"
"3104","J0:[0,2);J1:[0,5);J2:[3,5);J3:[5,6)","J0;J2;J3","3","J0;J2;J3","3","J0;J2;J3","3","J3;J0;J2","3","J0;J2;J3","3"
"3105","J0:[0,2);J1:[0,5);J2:[3,6);J3:[4,5)","J0;J2","2","J0;J3","2","J0;J2","2","J3;J0","2","J0;J3","2"
"3106","J0:[0,2);J1:[0,5);J2:[3,6);J3:[4,6)","J0;J2","2","J0;J2","2","J0;J2","2","J0;J3","2","J0;J3","2"
"3107","J0:[0,2);J1:[0,5);J2:[3,6);J3:[5,6)","J0;J2","2","J0;J2","2","J0;J2","2","J3;J0","2","J1;J3","2"
"3108","J0:[0,2);J1:[0,5);J2:[4,5);J3:[4,6)","J0;J2","2","J0;J2","2","J0;J2","2","J2;J0","2","J0;J3","2"
"3109","J0:[0,2);J1:[0,5);J2:[4,5);J3:[5,6)","J0;J2;J3","3","J0;J2;J3","3","J0;J2;J3","3","J2;J3;J0","3","J0;J2;J3","3"
"3110","J0:[0,2);J1:[0,5);J2:[4,6);J3:[5,6)","J0;J2","2","J0;J2","2","J0;J2","2","J3;J0","2","J1;J3","2"
"3111","J0:[0,2);J1:[0,6);J2:[1,2);J3:[1,3)","J0","1","J0","1","J0","1","J2","1","J3","1"
"3112","J0:[0,2);J1:[0,6);J2:[1,2);J3:[1,4)","J0","1","J0","1","J0","1","J2","1","J3","1"
"3113","J0:[0,2);J1:[0,6);J2:[1,2);J3:[1,5)","J0","1","J0","1","J0","1","J2","1","J3","1"
"3114","J0:[0,2);J1:[0,6);J2:[1,2);J3:[1,6)","J0","1","J0","1","J0","1","J2","1","J3","1"
"3115","J0:[0,2);J1:[0,6);J2:[1,2);J3:[2,3)","J0;J3","2","J0;J3","2","J0;J3","2","J2;J3","2","J2;J3","2"
"3116","J0:[0,2);J1:[0,6);J2:[1,2);J3:[2,4)","J0;J3","2","J0;J3","2","J0;J3","2","J2;J3","2","J2;J3","2"
"3117","J0:[0,2);J1:[0,6);J2:[1,2);J3:[2,5)","J0;J3","2","J0;J3","2","J0;J3","2","J2;J3","2","J2;J3","2"
"3118","J0:[0,2);J1:[0,6);J2:[1,2);J3:[2,6)","J0;J3","2","J0;J3","2","J0;J3","2","J2;J3","2","J2;J3","2"
"3119","J0:[0,2);J1:[0,6);J2:[1,2);J3:[3,4)","J0;J3","2","J0;J3","2","J0;J3","2","J2;J3","2","J2;J3","2"
"3120","J0:[0,2);J1:[0,6);J2:[1,2);J3:[3,5)","J0;J3","2","J0;J3","2","J0;J3","2","J2;J3","2","J2;J3","2"
"3121","J0:[0,2);J1:[0,6);J2:[1,2);J3:[3,6)","J0;J3","2","J0;J3","2","J0;J3","2","J2;J3","2","J2;J3","2"
"3122","J0:[0,2);J1:[0,6);J2:[1,2);J3:[4,5)","J0;J3","2","J0;J3","2","J0;J3","2","J2;J3","2","J2;J3","2"
"3123","J0:[0,2);J1:[0,6);J2:[1,2);J3:[4,6)","J0;J3","2","J0;J3","2","J0;J3","2","J2;J3","2","J2;J3","2"
"3124","J0:[0,2);J1:[0,6);J2:[1,2);J3:[5,6)","J0;J3","2","J0;J3","2","J0;J3","2","J2;J3","2","J2;J3","2"
"3125","J0:[0,2);J1:[0,6);J2:[1,3);J3:[1,4)","J0","1","J0","1","J0","1","J0","1","J3","1"
"3126","J0:[0,2);J1:[0,6);J2:[1,3);J3:[1,5)","J0","1","J0","1","J0","1","J0","1","J3","1"
"3127","J0:[0,2);J1:[0,6);J2:[1,3);J3:[1,6)","J0","1","J0","1","J0","1","J0","1","J3","1"
"3128","J0:[0,2);J1:[0,6);J2:[1,3);J3:[2,3)","J0;J3","2","J0;J3","2","J0;J3","2","J3;J0","2","J0;J3","2"
"3129","J0:[0,2);J1:[0,6);J2:[1,3);J3:[2,4)","J0;J3","2","J0;J3","2","J0;J3","2","J0;J3","2","J0;J3","2"
"3130","J0:[0,2);J1:[0,6);J2:[1,3);J3:[2,5)","J0;J3","2","J0;J3","2","J0;J3","2","J0;J3","2","J0;J3","2"
"3131","J0:[0,2);J1:[0,6);J2:[1,3);J3:[2,6)","J0;J3","2","J0;J3","2","J0;J3","2","J0;J3","2","J0;J3","2"
"3132","J0:[0,2);J1:[0,6);J2:[1,3);J3:[3,4)","J0;J3","2","J0;J3","2","J0;J3","2","J3;J0","2","J2;J3","2"
"3133","J0:[0,2);J1:[0,6);J2:[1,3);J3:[3,5)","J0;J3","2","J0;J3","2","J0;J3","2","J0;J3","2","J2;J3","2"
"3134","J0:[0,2);J1:[0,6);J2:[1,3);J3:[3,6)","J0;J3","2","J0;J3","2","J0;J3","2","J0;J3","2","J2;J3","2"
"3135","J0:[0,2);J1:[0,6);J2:[1,3);J3:[4,5)","J0;J3","2","J0;J3","2","J0;J3","2","J3;J0","2","J2;J3","2"
"3136","J0:[0,2);J1:[0,6);J2:[1,3);J3:[4,6)","J0;J3","2","J0;J3","2","J0;J3","2","J0;J3","2","J2;J3","2"
"3137","J0:[0,2);J1:[0,6);J2:[1,3);J3:[5,6)","J0;J3","2","J0;J3","2","J0;J3","2","J3;J0","2","J2;J3","2"
"3138","J0:[0,2);J1:[0,6);J2:[1,4);J3:[1,5)","J0","1","J0","1","J0","1","J0","1","J3","1"
"3139","J0:[0,2);J1:[0,6);J2:[1,4);J3:[1,6)","J0","1","J0","1","J0","1","J0","1","J3","1"
"3140","J0:[0,2);J1:[0,6);J2:[1,4);J3:[2,3)","J0;J3","2","J0;J3","2","J0;J3","2","J3;J0","2","J0;J3","2"
"3141","J0:[0,2);J1:[0,6);J2:[1,4);J3:[2,4)","J0;J3","2","J0;J3","2","J0;J3","2","J0;J3","2","J0;J3","2"
"3142","J0:[0,2);J1:[0,6);J2:[1,4);J3:[2,5)","J0;J3","2","J0;J3","2","J0;J3","2","J0;J3","2","J0;J3","2"
"3143","J0:[0,2);J1:[0,6);J2:[1,4);J3:[2,6)","J0;J3","2","J0;J3","2","J0;J3","2","J0;J3","2","J0;J3","2"
"3144","J0:[0,2);J1:[0,6);J2:[1,4);J3:[3,4)","J0;J3","2","J0;J3","2","J0;J3","2","J3;J0","2","J0;J3","2"
"3145","J0:[0,2);J1:[0,6);J2:[1,4);J3:[3,5)","J0;J3","2","J0;J3","2","J0;J3","2","J0;J3","2","J0;J3","2"
"3146","J0:[0,2);J1:[0,6);J2:[1,4);J3:[3,6)","J0;J3","2","J0;J3","2","J0;J3","2","J0;J3","2","J0;J3","2"
"3147","J0:[0,2);J1:[0,6);J2:[1,4);J3:[4,5)","J0;J3","2","J0;J3","2","J0;J3","2","J3;J0","2","J2;J3","2"
"3148","J0:[0,2);J1:[0,6);J2:[1,4);J3:[4,6)","J0;J3","2","J0;J3","2","J0;J3","2","J0;J3","2","J2;J3","2"
"3149","J0:[0,2);J1:[0,6);J2:[1,4);J3:[5,6)","J0;J3","2","J0;J3","2","J0;J3","2","J3;J0","2","J2;J3","2"
"3150","J0:[0,2);J1:[0,6);J2:[1,5);J3:[1,6)","J0","1","J0","1","J0","1","J0","1","J3","1"
"3151","J0:[0,2);J1:[0,6);J2:[1,5);J3:[2,3)","J0;J3","2","J0;J3","2","J0;J3","2","J3;J0","2","J0;J3","2"
"3152","J0:[0,2);J1:[0,6);J2:[1,5);J3:[2,4)","J0;J3","2","J0;J3","2","J0;J3","2","J0;J3","2","J0;J3","2"
"3153","J0:[0,2);J1:[0,6);J2:[1,5);J3:[2,5)","J0;J3","2","J0;J3","2","J0;J3","2","J0;J3","2","J0;J3","2"
"3154","J0:[0,2);J1:[0,6);J2:[1,5);J3:[2,6)","J0;J3","2","J0;J3","2","J0;J3","2","J0;J3","2","J0;J3","2"
"3155","J0:[0,2);J1:[0,6);J2:[1,5);J3:[3,4)","J0;J3","2","J0;J3","2","J0;J3","2","J3;J0","2","J0;J3","2"
"3156","J0:[0,2);J1:[0,6);J2:[1,5);J3:[3,5)","J0;J3","2","J0;J3","2","J0;J3","2","J0;J3","2","J0;J3","2"
"3157","J0:[0,2);J1:[0,6);J2:[1,5);J3:[3,6)","J0;J3","2","J0;J3","2","J0;J3","2","J0;J3","2","J0;J3","2"
"3158","J0:[0,2);J1:[0,6);J2:[1,5);J3:[4,5)","J0;J3","2","J0;J3","2","J0;J3","2","J3;J0","2","J0;J3","2"
"3159","J0:[0,2);J1:[0,6);J2:[1,5);J3:[4,6)","J0;J3","2","J0;J3","2","J0;J3","2","J0;J3","2","J0;J3","2"
"3160","J0:[0,2);J1:[0,6);J2:[1,5);J3:[5,6)","J0;J3","2","J0;J3","2","J0;J3","2","J3;J0","2","J2;J3","2"
"3161","J0:[0,2);J1:[0,6);J2:[1,6);J3:[2,3)","J0;J3","2","J0;J3","2","J0;J3","2","J3;J0","2","J0;J3","2"
"3162","J0:[0,2);J1:[0,6);J2:[1,6);J3:[2,4)","J0;J3","2","J0;J3","2","J0;J3","2","J0;J3","2","J0;J3","2"
"3163","J0:[0,2);J1:[0,6);J2:[1,6);J3:[2,5)","J0;J3","2","J0;J3","2","J0;J3","2","J0;J3","2","J0;J3","2"
"3164","J0:[0,2);J1:[0,6);J2:[1,6);J3:[2,6)","J0;J3","2","J0;J3","2","J0;J3","2","J0;J3","2","J0;J3","2"
"3165","J0:[0,2);J1:[0,6);J2:[1,6);J3:[3,4)","J0;J3","2","J0;J3","2","J0;J3","2","J3;J0","2","J0;J3","2"
"3166","J0:[0,2);J1:[0,6);J2:[1,6);J3:[3,5)","J0;J3","2","J0;J3","2","J0;J3","2","J0;J3","2","J0;J3","2"
"3167","J0:[0,2);J1:[0,6);J2:[1,6);J3:[3,6)","J0;J3","2","J0;J3","2","J0;J3","2","J0;J3","2","J0;J3","2"
"3168","J0:[0,2);J1:[0,6);J2:[1,6);J3:[4,5)","J0;J3","2","J0;J3","2","J0;J3","2","J3;J0","2","J0;J3","2"
"3169","J0:[0,2);J1:[0,6);J2:[1,6);J3:[4,6)","J0;J3","2","J0;J3","2","J0;J3","2","J0;J3","2","J0;J3","2"
"3170","J0:[0,2);J1:[0,6);J2:[1,6);J3:[5,6)","J0;J3","2","J0;J3","2","J0;J3","2","J3;J0","2","J0;J3","2"
"3171","J0:[0,2);J1:[0,6);J2:[2,3);J3:[2,4)","J0;J2","2","J0;J2","2","J0;J2","2","J2;J0","2","J0;J3","2"
"3172","J0:[0,2);J1:[0,6);J2:[2,3);J3:[2,5)","J0;J2","2","J0;J2","2","J0;J2","2","J2;J0","2","J0;J3","2"
"3173","J0:[0,2);J1:[0,6);J2:[2,3);J3:[2,6)","J0;J2","2","J0;J2","2","J0;J2","2","J2;J0","2","J0;J3","2"
"3174","J0:[0,2);J1:[0,6);J2:[2,3);J3:[3,4)","J0;J2;J3","3","J0;J2;J3","3","J0;J2;J3","3","J2;J3;J0","3","J0;J2;J3","3"
"3175","J0:[0,2);J1:[0,6);J2:[2,3);J3:[3,5)","J0;J2;J3","3","J0;J2;J3","3","J0;J2;J3","3","J2;J0;J3","3","J0;J2;J3","3"
"3176","J0:[0,2);J1:[0,6);J2:[2,3);J3:[3,6)","J0;J2;J3","3","J0;J2;J3","3","J0;J2;J3","3","J2;J0;J3","3","J0;J2;J3","3"
"3177","J0:[0,2);J1:[0,6);J2:[2,3);J3:[4,5)","J0;J2;J3","3","J0;J2;J3","3","J0;J2;J3","3","J2;J3;J0","3","J0;J2;J3","3"
"3178","J0:[0,2);J1:[0,6);J2:[2,3);J3:[4,6)","J0;J2;J3","3","J0;J2;J3","3","J0;J2;J3","3","J2;J0;J3","3","J0;J2;J3","3"
"3179","J0:[0,2);J1:[0,6);J2:[2,3);J3:[5,6)","J0;J2;J3","3","J0;J2;J3","3","J0;J2;J3","3","J2;J3;J0","3","J0;J2;J3","3"
"3180","J0:[0,2);J1:[0,6);J2:[2,4);J3:[2,5)","J0;J2","2","J0;J2","2","J0;J2","2","J0;J2","2","J0;J3","2"
"3181","J0:[0,2);J1:[0,6);J2:[2,4);J3:[2,6)","J0;J2","2","J0;J2","2","J0;J2","2","J0;J2","2","J0;J3","2"
"3182","J0:[0,2);J1:[0,6);J2:[2,4);J3:[3,4)","J0;J2","2","J0;J2","2","J0;J2","2","J3;J0","2","J0;J3","2"
"3183","J0:[0,2);J1:[0,6);J2:[2,4);J3:[3,5)","J0;J2","2","J0;J2","2","J0;J2","2","J0;J2","2","J0;J3","2"
"3184","J0:[0,2);J1:[0,6);J2:[2,4);J3:[3,6)","J0;J2","2","J0;J2","2","J0;J2","2","J0;J2","2","J0;J3","2"
"3185","J0:[0,2);J1:[0,6);J2:[2,4);J3:[4,5)","J0;J2;J3","3","J0;J2;J3","3","J0;J2;J3","3","J3;J0;J2","3","J0;J2;J3","3"
"3186","J0:[0,2);J1:[0,6);J2:[2,4);J3:[4,6)","J0;J2;J3","3","J0;J2;J3","3","J0;J2;J3","3","J0;J2;J3","3","J0;J2;J3","3"
"3187","J0:[0,2);J1:[0,6);J2:[2,4);J3:[5,6)","J0;J2;J3","3","J0;J2;J3","3","J0;J2;J3","3","J3;J0;J2","3","J0;J2;J3","3"
"3188","J0:[0,2);J1:[0,6);J2:[2,5);J3:[2,6)","J0;J2","2","J0;J2","2","J0;J2","2","J0;J2","2","J0;J3","2"
"3189","J0:[0,2);J1:[0,6);J2:[2,5);J3:[3,4)","J0;J2","2","J0;J3","2","J0;J2","2","J3;J0","2","J0;J3","2"
"3190","J0:[0,2);J1:[0,6);J2:[2,5);J3:[3,5)","J0;J2","2","J0;J2","2","J0;J2","2","J0;J3","2","J0;J3","2"
"3191","J0:[0,2);J1:[0,6);J2:[2,5);J3:[3,6)","J0;J2","2","J0;J2","2","J0;J2","2","J0;J2","2","J0;J3","2"
"3192","J0:[0,2);J1:[0,6);J2:[2,5);J3:[4,5)","J0;J2","2","J0;J2","2","J0;J2","2","J3;J0","2","J0;J3","2"
"3193","J0:[0,2);J1:[0,6);J2:[2,5);J3:[4,6)","J0;J2","2","J0;J2","2","J0;J2","2","J0;J3","2","J0;J3","2"
"3194","J0:[0,2);J1:[0,6);J2:[2,5);J3:[5,6)","J0;J2;J3","3","J0;J2;J3","3","J0;J2;J3","3","J3;J0;J2","3","J0;J2;J3","3"
"3195","J0:[0,2);J1:[0,6);J2:[2,6);J3:[3,4)","J0;J2","2","J0;J3","2","J0;J2","2","J3;J0","2","J0;J3","2"
"3196","J0:[0,2);J1:[0,6);J2:[2,6);J3:[3,5)","J0;J2","2","J0;J3","2","J0;J2","2","J0;J3","2","J0;J3","2"
"3197","J0:[0,2);J1:[0,6);J2:[2,6);J3:[3,6)","J0;J2","2","J0;J2","2","J0;J2","2","J0;J3","2","J0;J3","2"
"3198","J0:[0,2);J1:[0,6);J2:[2,6);J3:[4,5)","J0;J2","2","J0;J3","2","J0;J2","2","J3;J0","2","J0;J3","2"
"3199","J0:[0,2);J1:[0,6);J2:[2,6);J3:[4,6)","J0;J2","2","J0;J2","2","J0;J2","2","J0;J3","2","J0;J3","2"
"3200","J0:[0,2);J1:[0,6);J2:[2,6);J3:[5,6)","J0;J2","2","J0;J2","2","J0;J2","2","J3;J0","2","J0;J3","2"
"3201","J0:[0,2);J1:[0,6);J2:[3,4);J3:[3,5)","J0;J2","2","J0;J2","2","J0;J2","2","J2;J0","2","J0;J3","2"
"3202","J0:[0,2);J1:[0,6);J2:[3,4);J3:[3,6)","J0;J2","2","J0;J2","2","J0;J2","2","J2;J0","2","J0;J3","2"
"3203","J0:[0,2);J1:[0,6);J2:[3,4);J3:[4,5)","J0;J2;J3","3","J0;J2;J3","3","J0;J2;J3","3","J2;J3;J0","3","J0;J2;J3","3"
"3204","J0:[0,2);J1:[0,6);J2:[3,4);J3:[4,6)","J0;J2;J3","3","J0;J2;J3","3","J0;J2;J3","3","J2;J0;J3","3","J0;J2;J3","3"
"3205","J0:[0,2);J1:[0,6);J2:[3,4);J3:[5,6)","J0;J2;J3","3","J0;J2;J3","3","J0;J2;J3","3","J2;J3;J0","3","J0;J2;J3","3"
"3206","J0:[0,2);J1:[0,6);J2:[3,5);J3:[3,6)","J0;J2","2","J0;J2","2","J0;J2","2","J0;J2","2","J0;J3","2"
"3207","J0:[0,2);J1:[0,6);J2:[3,5);J3:[4,5)","J0;J2","2","J0;J2","2","J0;J2","2","J3;J0","2","J0;J3","2"
"3208","J0:[0,2);J1:[0,6);J2:[3,5);J3:[4,6)","J0;J2","2","J0;J2","2","J0;J2","2","J0;J2","2","J0;J3","2"
"3209","J0:[0,2);J1:[0,6);J2:[3,5);J3:[5,6)","J0;J2;J3","3","J0;J2;J3","3","J0;J2;J3","3","J3;J0;J2","3","J0;J2;J3","3"
"3210","J0:[0,2);J1:[0,6);J2:[3,6);J3:[4,5)","J0;J2","2","J0;J3","2","J0;J2","2","J3;J0","2","J0;J3","2"
"3211","J0:[0,2);J1:[0,6);J2:[3,6);J3:[4,6)","J0;J2","2","J0;J2","2","J0;J2","2","J0;J3","2","J0;J3","2"
"3212","J0:[0,2);J1:[0,6);J2:[3,6);J3:[5,6)","J0;J2","2","J0;J2","2","J0;J2","2","J3;J0","2","J0;J3","2"
"3213","J0:[0,2);J1:[0,6);J2:[4,5);J3:[4,6)","J0;J2","2","J0;J2","2","J0;J2","2","J2;J0","2","J0;J3","2"
"3214","J0:[0,2);J1:[0,6);J2:[4,5);J3:[5,6)","J0;J2;J3","3","J0;J2;J3","3","J0;J2;J3","3","J2;J3;J0","3","J0;J2;J3","3"
"3215","J0:[0,2);J1:[0,6);J2:[4,6);J3:[5,6)","J0;J2","2","J0;J2","2","J0;J2","2","J3;J0","2","J0;J3","2"
"3216","J0:[0,2);J1:[1,2);J2:[1,3);J3:[1,4)","J0","1","J0","1","J0","1","J1","1","J3","1"
"3217","J0:[0,2);J1:[1,2);J2:[1,3);J3:[1,5)","J0","1","J0","1","J0","1","J1","1","J3","1"
"3218","J0:[0,2);J1:[1,2);J2:[1,3);J3:[1,6)","J0","1","J0","1","J0","1","J1","1","J3","1"
"3219","J0:[0,2);J1:[1,2);J2:[1,3);J3:[2,3)","J0;J3","2","J0;J3","2","J0;J3","2","J1;J3","2","J1;J3","2"
"3220","J0:[0,2);J1:[1,2);J2:[1,3);J3:[2,4)","J0;J3","2","J0;J3","2","J0;J3","2","J1;J3","2","J1;J3","2"
"3221","J0:[0,2);J1:[1,2);J2:[1,3);J3:[2,5)","J0;J3","2","J0;J3","2","J0;J3","2","J1;J3","2","J1;J3","2"
"3222","J0:[0,2);J1:[1,2);J2:[1,3);J3:[2,6)","J0;J3","2","J0;J3","2","J0;J3","2","J1;J3","2","J1;J3","2"
"3223","J0:[0,2);J1:[1,2);J2:[1,3);J3:[3,4)","J0;J3","2","J0;J3","2","J0;J3","2","J1;J3","2","J2;J3","2"
"3224","J0:[0,2);J1:[1,2);J2:[1,3);J3:[3,5)","J0;J3","2","J0;J3","2","J0;J3","2","J1;J3","2","J2;J3","2"
"3225","J0:[0,2);J1:[1,2);J2:[1,3);J3:[3,6)","J0;J3","2","J0;J3","2","J0;J3","2","J1;J3","2","J2;J3","2"
"3226","J0:[0,2);J1:[1,2);J2:[1,3);J3:[4,5)","J0;J3","2","J0;J3","2","J0;J3","2","J1;J3","2","J2;J3","2"
"3227","J0:[0,2);J1:[1,2);J2:[1,3);J3:[4,6)","J0;J3","2","J0;J3","2","J0;J3","2","J1;J3","2","J2;J3","2"
"3228","J0:[0,2);J1:[1,2);J2:[1,3);J3:[5,6)","J0;J3","2","J0;J3","2","J0;J3","2","J1;J3","2","J2;J3","2"
"3229","J0:[0,2);J1:[1,2);J2:[1,4);J3:[1,5)","J0","1","J0","1","J0","1","J1","1","J3","1"
"3230","J0:[0,2);J1:[1,2);J2:[1,4);J3:[1,6)","J0","1","J0","1","J0","1","J1","1","J3","1"
"3231","J0:[0,2);J1:[1,2);J2:[1,4);J3:[2,3)","J0;J3","2","J0;J3","2","J0;J3","2","J1;J3","2","J1;J3","2"
"3232","J0:[0,2);J1:[1,2);J2:[1,4);J3:[2,4)","J0;J3","2","J0;J3","2","J0;J3","2","J1;J3","2","J1;J3","2"
"3233","J0:[0,2);J1:[1,2);J2:[1,4);J3:[2,5)","J0;J3","2","J0;J3","2","J0;J3","2","J1;J3","2","J1;J3","2"
"3234","J0:[0,2);J1:[1,2);J2:[1,4);J3:[2,6)","J0;J3","2","J0;J3","2","J0;J3","2","J1;J3","2","J1;J3","2"
"3235","J0:[0,2);J1:[1,2);J2:[1,4);J3:[3,4)","J0;J3","2","J0;J3","2","J0;J3","2","J1;J3","2","J1;J3","2"
"3236","J0:[0,2);J1:[1,2);J2:[1,4);J3:[3,5)","J0;J3","2","J0;J3","2","J0;J3","2","J1;J3","2","J1;J3","2"
"3237","J0:[0,2);J1:[1,2);J2:[1,4);J3:[3,6)","J0;J3","2","J0;J3","2","J0;J3","2","J1;J3","2","J1;J3","2"
"3238","J0:[0,2);J1:[1,2);J2:[1,4);J3:[4,5)","J0;J3","2","J0;J3","2","J0;J3","2","J1;J3","2","J2;J3","2"
"3239","J0:[0,2);J1:[1,2);J2:[1,4);J3:[4,6)","J0;J3","2","J0;J3","2","J0;J3","2","J1;J3","2","J2;J3","2"
"3240","J0:[0,2);J1:[1,2);J2:[1,4);J3:[5,6)","J0;J3","2","J0;J3","2","J0;J3","2","J1;J3","2","J2;J3","2"
"3241","J0:[0,2);J1:[1,2);J2:[1,5);J3:[1,6)","J0","1","J0","1","J0","1","J1","1","J3","1"
"3242","J0:[0,2);J1:[1,2);J2:[1,5);J3:[2,3)","J0;J3","2","J0;J3","2","J0;J3","2","J1;J3","2","J1;J3","2"
"3243","J0:[0,2);J1:[1,2);J2:[1,5);J3:[2,4)","J0;J3","2","J0;J3","2","J0;J3","2","J1;J3","2","J1;J3","2"
"3244","J0:[0,2);J1:[1,2);J2:[1,5);J3:[2,5)","J0;J3","2","J0;J3","2","J0;J3","2","J1;J3","2","J1;J3","2"
"3245","J0:[0,2);J1:[1,2);J2:[1,5);J3:[2,6)","J0;J3","2","J0;J3","2","J0;J3","2","J1;J3","2","J1;J3","2"
"3246","J0:[0,2);J1:[1,2);J2:[1,5);J3:[3,4)","J0;J3","2","J0;J3","2","J0;J3","2","J1;J3","2","J1;J3","2"
"3247","J0:[0,2);J1:[1,2);J2:[1,5);J3:[3,5)","J0;J3","2","J0;J3","2","J0;J3","2","J1;J3","2","J1;J3","2"
"3248","J0:[0,2);J1:[1,2);J2:[1,5);J3:[3,6)","J0;J3","2","J0;J3","2","J0;J3","2","J1;J3","2","J1;J3","2"
"3249","J0:[0,2);J1:[1,2);J2:[1,5);J3:[4,5)","J0;J3","2","J0;J3","2","J0;J3","2","J1;J3","2","J1;J3","2"
"3250","J0:[0,2);J1:[1,2);J2:[1,5);J3:[4,6)","J0;J3","2","J0;J3","2","J0;J3","2","J1;J3","2","J1;J3","2"
"3251","J0:[0,2);J1:[1,2);J2:[1,5);J3:[5,6)","J0;J3","2","J0;J3","2","J0;J3","2","J1;J3","2","J2;J3","2"
"3252","J0:[0,2);J1:[1,2);J2:[1,6);J3:[2,3)","J0;J3","2","J0;J3","2","J0;J3","2","J1;J3","2","J1;J3","2"
"3253","J0:[0,2);J1:[1,2);J2:[1,6);J3:[2,4)","J0;J3","2","J0;J3","2","J0;J3","2","J1;J3","2","J1;J3","2"
"3254","J0:[0,2);J1:[1,2);J2:[1,6);J3:[2,5)","J0;J3","2","J0;J3","2","J0;J3","2","J1;J3","2","J1;J3","2"
"3255","J0:[0,2);J1:[1,2);J2:[1,6);J3:[2,6)","J0;J3","2","J0;J3","2","J0;J3","2","J1;J3","2","J1;J3","2"
"3256","J0:[0,2);J1:[1,2);J2:[1,6);J3:[3,4)","J0;J3","2","J0;J3","2","J0;J3","2","J1;J3","2","J1;J3","2"
"3257","J0:[0,2);J1:[1,2);J2:[1,6);J3:[3,5)","J0;J3","2","J0;J3","2","J0;J3","2","J1;J3","2","J1;J3","2"
"3258","J0:[0,2);J1:[1,2);J2:[1,6);J3:[3,6)","J0;J3","2","J0;J3","2","J0;J3","2","J1;J3","2","J1;J3","2"
"3259","J0:[0,2);J1:[1,2);J2:[1,6);J3:[4,5)","J0;J3","2","J0;J3","2","J0;J3","2","J1;J3","2","J1;J3","2"
"3260","J0:[0,2);J1:[1,2);J2:[1,6);J3:[4,6)","J0;J3","2","J0;J3","2","J0;J3","2","J1;J3","2","J1;J3","2"
"3261","J0:[0,2);J1:[1,2);J2:[1,6);J3:[5,6)","J0;J3","2","J0;J3","2","J0;J3","2","J1;J3","2","J1;J3","2"
"3262","J0:[0,2);J1:[1,2);J2:[2,3);J3:[2,4)","J0;J2","2","J0;J2","2","J0;J2","2","J1;J2","2","J1;J3","2"
"3263","J0:[0,2);J1:[1,2);J2:[2,3);J3:[2,5)","J0;J2","2","J0;J2","2","J0;J2","2","J1;J2","2","J1;J3","2"
"3264","J0:[0,2);J1:[1,2);J2:[2,3);J3:[2,6)","J0;J2","2","J0;J2","2","J0;J2","2","J1;J2","2","J1;J3","2"
"3265","J0:[0,2);J1:[1,2);J2:[2,3);J3:[3,4)","J0;J2;J3","3","J0;J2;J3","3","J0;J2;J3","3","J1;J2;J3","3","J1;J2;J3","3"
"3266","J0:[0,2);J1:[1,2);J2:[2,3);J3:[3,5)","J0;J2;J3","3","J0;J2;J3","3","J0;J2;J3","3","J1;J2;J3","3","J1;J2;J3","3"
"3267","J0:[0,2);J1:[1,2);J2:[2,3);J3:[3,6)","J0;J2;J3","3","J0;J2;J3","3","J0;J2;J3","3","J1;J2;J3","3","J1;J2;J3","3"
"3268","J0:[0,2);J1:[1,2);J2:[2,3);J3:[4,5)","J0;J2;J3","3","J0;J2;J3","3","J0;J2;J3","3","J1;J2;J3","3","J1;J2;J3","3"
"3269","J0:[0,2);J1:[1,2);J2:[2,3);J3:[4,6)","J0;J2;J3","3","J0;J2;J3","3","J0;J2;J3","3","J1;J2;J3","3","J1;J2;J3","3"
"3270","J0:[0,2);J1:[1,2);J2:[2,3);J3:[5,6)","J0;J2;J3","3","J0;J2;J3","3","J0;J2;J3","3","J1;J2;J3","3","J1;J2;J3","3"
"3271","J0:[0,2);J1:[1,2);J2:[2,4);J3:[2,5)","J0;J2","2","J0;J2","2","J0;J2","2","J1;J2","2","J1;J3","2"
"3272","J0:[0,2);J1:[1,2);J2:[2,4);J3:[2,6)","J0;J2","2","J0;J2","2","J0;J2","2","J1;J2","2","J1;J3","2"
"3273","J0:[0,2);J1:[1,2);J2:[2,4);J3:[3,4)","J0;J2","2","J0;J2","2","J0;J2","2","J1;J3","2","J1;J3","2"
"3274","J0:[0,2);J1:[1,2);J2:[2,4);J3:[3,5)","J0;J2","2","J0;J2","2","J0;J2","2","J1;J2","2","J1;J3","2"
"3275","J0:[0,2);J1:[1,2);J2:[2,4);J3:[3,6)","J0;J2","2","J0;J2","2","J0;J2","2","J1;J2","2","J1;J3","2"
"3276","J0:[0,2);J1:[1,2);J2:[2,4);J3:[4,5)","J0;J2;J3","3","J0;J2;J3","3","J0;J2;J3","3","J1;J3;J2","3","J1;J2;J3","3"
"3277","J0:[0,2);J1:[1,2);J2:[2,4);J3:[4,6)","J0;J2;J3","3","J0;J2;J3","3","J0;J2;J3","3","J1;J2;J3","3","J1;J2;J3","3"
"3278","J0:[0,2);J1:[1,2);J2:[2,4);J3:[5,6)","J0;J2;J3","3","J0;J2;J3","3","J0;J2;J3","3","J1;J3;J2","3","J1;J2;J3","3"
"3279","J0:[0,2);J1:[1,2);J2:[2,5);J3:[2,6)","J0;J2","2","J0;J2","2","J0;J2","2","J1;J2","2","J1;J3","2"
"3280","J0:[0,2);J1:[1,2);J2:[2,5);J3:[3,4)","J0;J2","2","J0;J3","2","J0;J2","2","J1;J3","2","J1;J3","2"
"3281","J0:[0,2);J1:[1,2);J2:[2,5);J3:[3,5)","J0;J2","2","J0;J2","2","J0;J2","2","J1;J3","2","J1;J3","2"
"3282","J0:[0,2);J1:[1,2);J2:[2,5);J3:[3,6)","J0;J2","2","J0;J2","2","J0;J2","2","J1;J2","2","J1;J3","2"
"3283","J0:[0,2);J1:[1,2);J2:[2,5);J3:[4,5)","J0;J2","2","J0;J2","2","J0;J2","2","J1;J3","2","J1;J3","2"
"3284","J0:[0,2);J1:[1,2);J2:[2,5);J3:[4,6)","J0;J2","2","J0;J2","2","J0;J2","2","J1;J3","2","J1;J3","2"
"3285","J0:[0,2);J1:[1,2);J2:[2,5);J3:[5,6)","J0;J2;J3","3","J0;J2;J3","3","J0;J2;J3","3","J1;J3;J2","3","J1;J2;J3","3"
"3286","J0:[0,2);J1:[1,2);J2:[2,6);J3:[3,4)","J0;J2","2","J0;J3","2","J0;J2","2","J1;J3","2","J1;J3","2"
"3287","J0:[0,2);J1:[1,2);J2:[2,6);J3:[3,5)","J0;J2","2","J0;J3","2","J0;J2","2","J1;J3","2","J1;J3","2"
"3288","J0:[0,2);J1:[1,2);J2:[2,6);J3:[3,6)","J0;J2","2","J0;J2","2","J0;J2","2","J1;J3","2","J1;J3","2"
"3289","J0:[0,2);J1:[1,2);J2:[2,6);J3:[4,5)","J0;J2","2","J0;J3","2","J0;J2","2","J1;J3","2","J1;J3","2"
"3290","J0:[0,2);J1:[1,2);J2:[2,6);J3:[4,6)","J0;J2","2","J0;J2","2","J0;J2","2","J1;J3","2","J1;J3","2"
"3291","J0:[0,2);J1:[1,2);J2:[2,6);J3:[5,6)","J0;J2","2","J0;J2","2","J0;J2","2","J1;J3","2","J1;J3","2"
"3292","J0:[0,2);J1:[1,2);J2:[3,4);J3:[3,5)","J0;J2","2","J0;J2","2","J0;J2","2","J1;J2","2","J1;J3","2"
"3293","J0:[0,2);J1:[1,2);J2:[3,4);J3:[3,6)","J0;J2","2","J0;J2","2","J0;J2","2","J1;J2","2","J1;J3","2"
"3294","J0:[0,2);J1:[1,2);J2:[3,4);J3:[4,5)","J0;J2;J3","3","J0;J2;J3","3","J0;J2;J3","3","J1;J2;J3","3","J1;J2;J3","3"
"3295","J0:[0,2);J1:[1,2);J2:[3,4);J3:[4,6)","J0;J2;J3","3","J0;J2;J3","3","J0;J2;J3","3","J1;J2;J3","3","J1;J2;J3","3"
"3296","J0:[0,2);J1:[1,2);J2:[3,4);J3:[5,6)","J0;J2;J3","3","J0;J2;J3","3","J0;J2;J3","3","J1;J2;J3","3","J1;J2;J3","3"
"3297","J0:[0,2);J1:[1,2);J2:[3,5);J3:[3,6)","J0;J2","2","J0;J2","2","J0;J2","2","J1;J2","2","J1;J3","2"
"3298","J0:[0,2);J1:[1,2);J2:[3,5);J3:[4,5)","J0;J2","2","J0;J2","2","J0;J2","2","J1;J3","2","J1;J3","2"
"3299","J0:[0,2);J1:[1,2);J2:[3,5);J3:[4,6)","J0;J2","2","J0;J2","2","J0;J2","2","J1;J2","2","J1;J3","2"
"3300","J0:[0,2);J1:[1,2);J2:[3,5);J3:[5,6)","J0;J2;J3","3","J0;J2;J3","3","J0;J2;J3","3","J1;J3;J2","3","J1;J2;J3","3"
"3301","J0:[0,2);J1:[1,2);J2:[3,6);J3:[4,5)","J0;J2","2","J0;J3","2","J0;J2","2","J1;J3","2","J1;J3","2"
"3302","J0:[0,2);J1:[1,2);J2:[3,6);J3:[4,6)","J0;J2","2","J0;J2","2","J0;J2","2","J1;J3","2","J1;J3","2"
"3303","J0:[0,2);J1:[1,2);J2:[3,6);J3:[5,6)","J0;J2","2","J0;J2","2","J0;J2","2","J1;J3","2","J1;J3","2"
"3304","J0:[0,2);J1:[1,2);J2:[4,5);J3:[4,6)","J0;J2","2","J0;J2","2","J0;J2","2","J1;J2","2","J1;J3","2"
"3305","J0:[0,2);J1:[1,2);J2:[4,5);J3:[5,6)","J0;J2;J3","3","J0;J2;J3","3","J0;J2;J3","3","J1;J2;J3","3","J1;J2;J3","3"
"3306","J0:[0,2);J1:[1,2);J2:[4,6);J3:[5,6)","J0;J2","2","J0;J2","2","J0;J2","2","J1;J3","2","J1;J3","2"
"3307","J0:[0,2);J1:[1,3);J2:[1,4);J3:[1,5)","J0","1","J0","1","J0","1","J0","1","J3","1"
"3308","J0:[0,2);J1:[1,3);J2:[1,4);J3:[1,6)","J0","1","J0","1","J0","1","J0","1","J3","1"
"3309","J0:[0,2);J1:[1,3);J2:[1,4);J3:[2,3)","J0;J3","2","J0;J3","2","J0;J3","2","J3;J0","2","J0;J3","2"
"3310","J0:[0,2);J1:[1,3);J2:[1,4);J3:[2,4)","J0;J3","2","J0;J3","2","J0;J3","2","J0;J3","2","J0;J3","2"
"3311","J0:[0,2);J1:[1,3);J2:[1,4);J3:[2,5)","J0;J3","2","J0;J3","2","J0;J3","2","J0;J3","2","J0;J3","2"
"3312","J0:[0,2);J1:[1,3);J2:[1,4);J3:[2,6)","J0;J3","2","J0;J3","2","J0;J3","2","J0;J3","2","J0;J3","2"
"3313","J0:[0,2);J1:[1,3);J2:[1,4);J3:[3,4)","J0;J3","2","J0;J3","2","J0;J3","2","J3;J0","2","J1;J3","2"
"3314","J0:[0,2);J1:[1,3);J2:[1,4);J3:[3,5)","J0;J3","2","J0;J3","2","J0;J3","2","J0;J3","2","J1;J3","2"
"3315","J0:[0,2);J1:[1,3);J2:[1,4);J3:[3,6)","J0;J3","2","J0;J3","2","J0;J3","2","J0;J3","2","J1;J3","2"
"3316","J0:[0,2);J1:[1,3);J2:[1,4);J3:[4,5)","J0;J3","2","J0;J3","2","J0;J3","2","J3;J0","2","J2;J3","2"
"3317","J0:[0,2);J1:[1,3);J2:[1,4);J3:[4,6)","J0;J3","2","J0;J3","2","J0;J3","2","J0;J3","2","J2;J3","2"
"3318","J0:[0,2);J1:[1,3);J2:[1,4);J3:[5,6)","J0;J3","2","J0;J3","2","J0;J3","2","J3;J0","2","J2;J3","2"
"3319","J0:[0,2);J1:[1,3);J2:[1,5);J3:[1,6)","J0","1","J0","1","J0","1","J0","1","J3","1"
"3320","J0:[0,2);J1:[1,3);J2:[1,5);J3:[2,3)","J0;J3","2","J0;J3","2","J0;J3","2","J3;J0","2","J0;J3","2"
"3321","J0:[0,2);J1:[1,3);J2:[1,5);J3:[2,4)","J0;J3","2","J0;J3","2","J0;J3","2","J0;J3","2","J0;J3","2"
"3322","J0:[0,2);J1:[1,3);J2:[1,5);J3:[2,5)","J0;J3","2","J0;J3","2","J0;J3","2","J0;J3","2","J0;J3","2"
"3323","J0:[0,2);J1:[1,3);J2:[1,5);J3:[2,6)","J0;J3","2","J0;J3","2","J0;J3","2","J0;J3","2","J0;J3","2"
"3324","J0:[0,2);J1:[1,3);J2:[1,5);J3:[3,4)","J0;J3","2","J0;J3","2","J0;J3","2","J3;J0","2","J1;J3","2"
"3325","J0:[0,2);J1:[1,3);J2:[1,5);J3:[3,5)","J0;J3","2","J0;J3","2","J0;J3","2","J0;J3","2","J1;J3","2"
"3326","J0:[0,2);J1:[1,3);J2:[1,5);J3:[3,6)","J0;J3","2","J0;J3","2","J0;J3","2","J0;J3","2","J1;J3","2"
"3327","J0:[0,2);J1:[1,3);J2:[1,5);J3:[4,5)","J0;J3","2","J0;J3","2","J0;J3","2","J3;J0","2","J1;J3","2"
"3328","J0:[0,2);J1:[1,3);J2:[1,5);J3:[4,6)","J0;J3","2","J0;J3","2","J0;J3","2","J0;J3","2","J1;J3","2"
"3329","J0:[0,2);J1:[1,3);J2:[1,5);J3:[5,6)","J0;J3","2","J0;J3","2","J0;J3","2","J3;J0","2","J2;J3","2"
"3330","J0:[0,2);J1:[1,3);J2:[1,6);J3:[2,3)","J0;J3","2","J0;J3","2","J0;J3","2","J3;J0","2","J0;J3","2"
"3331","J0:[0,2);J1:[1,3);J2:[1,6);J3:[2,4)","J0;J3","2","J0;J3","2","J0;J3","2","J0;J3","2","J0;J3","2"
"3332","J0:[0,2);J1:[1,3);J2:[1,6);J3:[2,5)","J0;J3","2","J0;J3","2","J0;J3","2","J0;J3","2","J0;J3","2"
"3333","J0:[0,2);J1:[1,3);J2:[1,6);J3:[2,6)","J0;J3","2","J0;J3","2","J0;J3","2","J0;J3","2","J0;J3","2"
"3334","J0:[0,2);J1:[1,3);J2:[1,6);J3:[3,4)","J0;J3","2","J0;J3","2","J0;J3","2","J3;J0","2","J1;J3","2"
"3335","J0:[0,2);J1:[1,3);J2:[1,6);J3:[3,5)","J0;J3","2","J0;J3","2","J0;J3","2","J0;J3","2","J1;J3","2"
"3336","J0:[0,2);J1:[1,3);J2:[1,6);J3:[3,6)","J0;J3","2","J0;J3","2","J0;J3","2","J0;J3","2","J1;J3","2"
"3337","J0:[0,2);J1:[1,3);J2:[1,6);J3:[4,5)","J0;J3","2","J0;J3","2","J0;J3","2","J3;J0","2","J1;J3","2"
"3338","J0:[0,2);J1:[1,3);J2:[1,6);J3:[4,6)","J0;J3","2","J0;J3","2","J0;J3","2","J0;J3","2","J1;J3","2"
"3339","J0:[0,2);J1:[1,3);J2:[1,6);J3:[5,6)","J0;J3","2","J0;J3","2","J0;J3","2","J3;J0","2","J1;J3","2"
"3340","J0:[0,2);J1:[1,3);J2:[2,3);J3:[2,4)","J0;J2","2","J0;J2","2","J0;J2","2","J2;J0","2","J0;J3","2"
"3341","J0:[0,2);J1:[1,3);J2:[2,3);J3:[2,5)","J0;J2","2","J0;J2","2","J0;J2","2","J2;J0","2","J0;J3","2"
"3342","J0:[0,2);J1:[1,3);J2:[2,3);J3:[2,6)","J0;J2","2","J0;J2","2","J0;J2","2","J2;J0","2","J0;J3","2"
"3343","J0:[0,2);J1:[1,3);J2:[2,3);J3:[3,4)","J0;J2;J3","3","J0;J2;J3","3","J0;J2;J3","3","J2;J3;J0","3","J0;J2;J3","3"
"3344","J0:[0,2);J1:[1,3);J2:[2,3);J3:[3,5)","J0;J2;J3","3","J0;J2;J3","3","J0;J2;J3","3","J2;J0;J3","3","J0;J2;J3","3"
"3345","J0:[0,2);J1:[1,3);J2:[2,3);J3:[3,6)","J0;J2;J3","3","J0;J2;J3","3","J0;J2;J3","3","J2;J0;J3","3","J0;J2;J3","3"
"3346","J0:[0,2);J1:[1,3);J2:[2,3);J3:[4,5)","J0;J2;J3","3","J0;J2;J3","3","J0;J2;J3","3","J2;J3;J0","3","J0;J2;J3","3"
"3347","J0:[0,2);J1:[1,3);J2:[2,3);J3:[4,6)","J0;J2;J3","3","J0;J2;J3","3","J0;J2;J3","3","J2;J0;J3","3","J0;J2;J3","3"
"3348","J0:[0,2);J1:[1,3);J2:[2,3);J3:[5,6)","J0;J2;J3","3","J0;J2;J3","3","J0;J2;J3","3","J2;J3;J0","3","J0;J2;J3","3"
"3349","J0:[0,2);J1:[1,3);J2:[2,4);J3:[2,5)","J0;J2","2","J0;J2","2","J0;J2","2","J0;J2","2","J0;J3","2"
"3350","J0:[0,2);J1:[1,3);J2:[2,4);J3:[2,6)","J0;J2","2","J0;J2","2","J0;J2","2","J0;J2","2","J0;J3","2"
"3351","J0:[0,2);J1:[1,3);J2:[2,4);J3:[3,4)","J0;J2","2","J0;J2","2","J0;J2","2","J3;J0","2","J1;J3","2"
"3352","J0:[0,2);J1:[1,3);J2:[2,4);J3:[3,5)","J0;J2","2","J0;J2","2","J0;J2","2","J0;J2","2","J1;J3","2"
"3353","J0:[0,2);J1:[1,3);J2:[2,4);J3:[3,6)","J0;J2","2","J0;J2","2","J0;J2","2","J0;J2","2","J1;J3","2"
"3354","J0:[0,2);J1:[1,3);J2:[2,4);J3:[4,5)","J0;J2;J3","3","J0;J2;J3","3","J0;J2;J3","3","J3;J0;J2","3","J0;J2;J3","3"
"3355","J0:[0,2);J1:[1,3);J2:[2,4);J3:[4,6)","J0;J2;J3","3","J0;J2;J3","3","J0;J2;J3","3","J0;J2;J3","3","J0;J2;J3","3"
"3356","J0:[0,2);J1:[1,3);J2:[2,4);J3:[5,6)","J0;J2;J3","3","J0;J2;J3","3","J0;J2;J3","3","J3;J0;J2","3","J0;J2;J3","3"
"3357","J0:[0,2);J1:[1,3);J2:[2,5);J3:[2,6)","J0;J2","2","J0;J2","2","J0;J2","2","J0;J2","2","J0;J3","2"
"3358","J0:[0,2);J1:[1,3);J2:[2,5);J3:[3,4)","J0;J2","2","J0;J3","2","J0;J2","2","J3;J0","2","J1;J3","2"
"3359","J0:[0,2);J1:[1,3);J2:[2,5);J3:[3,5)","J0;J2","2","J0;J2","2","J0;J2","2","J0;J3","2","J1;J3","2"
"3360","J0:[0,2);J1:[1,3);J2:[2,5);J3:[3,6)","J0;J2","2","J0;J2","2","J0;J2","2","J0;J2","2","J1;J3","2"
"3361","J0:[0,2);J1:[1,3);J2:[2,5);J3:[4,5)","J0;J2","2","J0;J2","2","J0;J2","2","J3;J0","2","J1;J3","2"
"3362","J0:[0,2);J1:[1,3);J2:[2,5);J3:[4,6)","J0;J2","2","J0;J2","2","J0;J2","2","J0;J3","2","J1;J3","2"
"3363","J0:[0,2);J1:[1,3);J2:[2,5);J3:[5,6)","J0;J2;J3","3","J0;J2;J3","3","J0;J2;J3","3","J3;J0;J2","3","J0;J2;J3","3"
"3364","J0:[0,2);J1:[1,3);J2:[2,6);J3:[3,4)","J0;J2","2","J0;J3","2","J0;J2","2","J3;J0","2","J1;J3","2"
"3365","J0:[0,2);J1:[1,3);J2:[2,6);J3:[3,5)","J0;J2","2","J0;J3","2","J0;J2","2","J0;J3","2","J1;J3","2"
"3366","J0:[0,2);J1:[1,3);J2:[2,6);J3:[3,6)","J0;J2","2","J0;J2","2","J0;J2","2","J0;J3","2","J1;J3","2"
"3367","J0:[0,2);J1:[1,3);J2:[2,6);J3:[4,5)","J0;J2","2","J0;J3","2","J0;J2","2","J3;J0","2","J1;J3","2"
"3368","J0:[0,2);J1:[1,3);J2:[2,6);J3:[4,6)","J0;J2","2","J0;J2","2","J0;J2","2","J0;J3","2","J1;J3","2"
"3369","J0:[0,2);J1:[1,3);J2:[2,6);J3:[5,6)","J0;J2","2","J0;J2","2","J0;J2","2","J3;J0","2","J1;J3","2"
"3370","J0:[0,2);J1:[1,3);J2:[3,4);J3:[3,5)","J0;J2","2","J0;J2","2","J0;J2","2","J2;J0","2","J1;J3","2"
"3371","J0:[0,2);J1:[1,3);J2:[3,4);J3:[3,6)","J0;J2","2","J0;J2","2","J0;J2","2","J2;J0","2","J1;J3","2"
"3372","J0:[0,2);J1:[1,3);J2:[3,4);J3:[4,5)","J0;J2;J3","3","J0;J2;J3","3","J0;J2;J3","3","J2;J3;J0","3","J1;J2;J3","3"
"3373","J0:[0,2);J1:[1,3);J2:[3,4);J3:[4,6)","J0;J2;J3","3","J0;J2;J3","3","J0;J2;J3","3","J2;J0;J3","3","J1;J2;J3","3"
"3374","J0:[0,2);J1:[1,3);J2:[3,4);J3:[5,6)","J0;J2;J3","3","J0;J2;J3","3","J0;J2;J3","3","J2;J3;J0","3","J1;J2;J3","3"
"3375","J0:[0,2);J1:[1,3);J2:[3,5);J3:[3,6)","J0;J2","2","J0;J2","2","J0;J2","2","J0;J2","2","J1;J3","2"
"3376","J0:[0,2);J1:[1,3);J2:[3,5);J3:[4,5)","J0;J2","2","J0;J2","2","J0;J2","2","J3;J0","2","J1;J3","2"
"3377","J0:[0,2);J1:[1,3);J2:[3,5);J3:[4,6)","J0;J2","2","J0;J2","2","J0;J2","2","J0;J2","2","J1;J3","2"
"3378","J0:[0,2);J1:[1,3);J2:[3,5);J3:[5,6)","J0;J2;J3","3","J0;J2;J3","3","J0;J2;J3","3","J3;J0;J2","3","J1;J2;J3","3"
"3379","J0:[0,2);J1:[1,3);J2:[3,6);J3:[4,5)","J0;J2","2","J0;J3","2","J0;J2","2","J3;J0","2","J1;J3","2"
"3380","J0:[0,2);J1:[1,3);J2:[3,6);J3:[4,6)","J0;J2","2","J0;J2","2","J0;J2","2","J0;J3","2","J1;J3","2"
"3381","J0:[0,2);J1:[1,3);J2:[3,6);J3:[5,6)","J0;J2","2","J0;J2","2","J0;J2","2","J3;J0","2","J1;J3","2"
"3382","J0:[0,2);J1:[1,3);J2:[4,5);J3:[4,6)","J0;J2","2","J0;J2","2","J0;J2","2","J2;J0","2","J1;J3","2"
"3383","J0:[0,2);J1:[1,3);J2:[4,5);J3:[5,6)","J0;J2;J3","3","J0;J2;J3","3","J0;J2;J3","3","J2;J3;J0","3","J1;J2;J3","3"
"3384","J0:[0,2);J1:[1,3);J2:[4,6);J3:[5,6)","J0;J2","2","J0;J2","2","J0;J2","2","J3;J0","2","J1;J3","2"
"3385","J0:[0,2);J1:[1,4);J2:[1,5);J3:[1,6)","J0","1","J0","1","J0","1","J0","1","J3","1"
"3386","J0:[0,2);J1:[1,4);J2:[1,5);J3:[2,3)","J0;J3","2","J0;J3","2","J0;J3","2","J3;J0","2","J0;J3","2"
"3387","J0:[0,2);J1:[1,4);J2:[1,5);J3:[2,4)","J0;J3","2","J0;J3","2","J0;J3","2","J0;J3","2","J0;J3","2"
"3388","J0:[0,2);J1:[1,4);J2:[1,5);J3:[2,5)","J0;J3","2","J0;J3","2","J0;J3","2","J0;J3","2","J0;J3","2"
"3389","J0:[0,2);J1:[1,4);J2:[1,5);J3:[2,6)","J0;J3","2","J0;J3","2","J0;J3","2","J0;J3","2","J0;J3","2"
"3390","J0:[0,2);J1:[1,4);J2:[1,5);J3:[3,4)","J0;J3","2","J0;J3","2","J0;J3","2","J3;J0","2","J0;J3","2"
"3391","J0:[0,2);J1:[1,4);J2:[1,5);J3:[3,5)","J0;J3","2","J0;J3","2","J0;J3","2","J0;J3","2","J0;J3","2"
"3392","J0:[0,2);J1:[1,4);J2:[1,5);J3:[3,6)","J0;J3","2","J0;J3","2","J0;J3","2","J0;J3","2","J0;J3","2"
"3393","J0:[0,2);J1:[1,4);J2:[1,5);J3:[4,5)","J0;J3","2","J0;J3","2","J0;J3","2","J3;J0","2","J1;J3","2"
"3394","J0:[0,2);J1:[1,4);J2:[1,5);J3:[4,6)","J0;J3","2","J0;J3","2","J0;J3","2","J0;J3","2","J1;J3","2"
"3395","J0:[0,2);J1:[1,4);J2:[1,5);J3:[5,6)","J0;J3","2","J0;J3","2","J0;J3","2","J3;J0","2","J2;J3","2"
"3396","J0:[0,2);J1:[1,4);J2:[1,6);J3:[2,3)","J0;J3","2","J0;J3","2","J0;J3","2","J3;J0","2","J0;J3","2"
"3397","J0:[0,2);J1:[1,4);J2:[1,6);J3:[2,4)","J0;J3","2","J0;J3","2","J0;J3","2","J0;J3","2","J0;J3","2"
"3398","J0:[0,2);J1:[1,4);J2:[1,6);J3:[2,5)","J0;J3","2","J0;J3","2","J0;J3","2","J0;J3","2","J0;J3","2"
"3399","J0:[0,2);J1:[1,4);J2:[1,6);J3:[2,6)","J0;J3","2","J0;J3","2","J0;J3","2","J0;J3","2","J0;J3","2"
"3400","J0:[0,2);J1:[1,4);J2:[1,6);J3:[3,4)","J0;J3","2","J0;J3","2","J0;J3","2","J3;J0","2","J0;J3","2"
"3401","J0:[0,2);J1:[1,4);J2:[1,6);J3:[3,5)","J0;J3","2","J0;J3","2","J0;J3","2","J0;J3","2","J0;J3","2"
"3402","J0:[0,2);J1:[1,4);J2:[1,6);J3:[3,6)","J0;J3","2","J0;J3","2","J0;J3","2","J0;J3","2","J0;J3","2"
"3403","J0:[0,2);J1:[1,4);J2:[1,6);J3:[4,5)","J0;J3","2","J0;J3","2","J0;J3","2","J3;J0","2","J1;J3","2"
"3404","J0:[0,2);J1:[1,4);J2:[1,6);J3:[4,6)","J0;J3","2","J0;J3","2","J0;J3","2","J0;J3","2","J1;J3","2"
"3405","J0:[0,2);J1:[1,4);J2:[1,6);J3:[5,6)","J0;J3","2","J0;J3","2","J0;J3","2","J3;J0","2","J1;J3","2"
"3406","J0:[0,2);J1:[1,4);J2:[2,3);J3:[2,4)","J0;J2","2","J0;J2","2","J0;J2","2","J2;J0","2","J0;J3","2"
"3407","J0:[0,2);J1:[1,4);J2:[2,3);J3:[2,5)","J0;J2","2","J0;J2","2","J0;J2","2","J2;J0","2","J0;J3","2"
"3408","J0:[0,2);J1:[1,4);J2:[2,3);J3:[2,6)","J0;J2","2","J0;J2","2","J0;J2","2","J2;J0","2","J0;J3","2"
"3409","J0:[0,2);J1:[1,4);J2:[2,3);J3:[3,4)","J0;J2;J3","3","J0;J2;J3","3","J0;J2;J3","3","J2;J3;J0","3","J0;J2;J3","3"
"3410","J0:[0,2);J1:[1,4);J2:[2,3);J3:[3,5)","J0;J2;J3","3","J0;J2;J3","3","J0;J2;J3","3","J2;J0;J3","3","J0;J2;J3","3"
"3411","J0:[0,2);J1:[1,4);J2:[2,3);J3:[3,6)","J0;J2;J3","3","J0;J2;J3","3","J0;J2;J3","3","J2;J0;J3","3","J0;J2;J3","3"
"3412","J0:[0,2);J1:[1,4);J2:[2,3);J3:[4,5)","J0;J2;J3","3","J0;J2;J3","3","J0;J2;J3","3","J2;J3;J0","3","J0;J2;J3","3"
"3413","J0:[0,2);J1:[1,4);J2:[2,3);J3:[4,6)","J0;J2;J3","3","J0;J2;J3","3","J0;J2;J3","3","J2;J0;J3","3","J0;J2;J3","3"
"3414","J0:[0,2);J1:[1,4);J2:[2,3);J3:[5,6)","J0;J2;J3","3","J0;J2;J3","3","J0;J2;J3","3","J2;J3;J0","3","J0;J2;J3","3"
"3415","J0:[0,2);J1:[1,4);J2:[2,4);J3:[2,5)","J0;J2","2","J0;J2","2","J0;J2","2","J0;J2","2","J0;J3","2"
"3416","J0:[0,2);J1:[1,4);J2:[2,4);J3:[2,6)","J0;J2","2","J0;J2","2","J0;J2","2","J0;J2","2","J0;J3","2"
"3417","J0:[0,2);J1:[1,4);J2:[2,4);J3:[3,4)","J0;J2","2","J0;J2","2","J0;J2","2","J3;J0","2","J0;J3","2"
"3418","J0:[0,2);J1:[1,4);J2:[2,4);J3:[3,5)","J0;J2","2","J0;J2","2","J0;J2","2","J0;J2","2","J0;J3","2"
"3419","J0:[0,2);J1:[1,4);J2:[2,4);J3:[3,6)","J0;J2","2","J0;J2","2","J0;J2","2","J0;J2","2","J0;J3","2"
"3420","J0:[0,2);J1:[1,4);J2:[2,4);J3:[4,5)","J0;J2;J3","3","J0;J2;J3","3","J0;J2;J3","3","J3;J0;J2","3","J0;J2;J3","3"
"3421","J0:[0,2);J1:[1,4);J2:[2,4);J3:[4,6)","J0;J2;J3","3","J0;J2;J3","3","J0;J2;J3","3","J0;J2;J3","3","J0;J2;J3","3"
"3422","J0:[0,2);J1:[1,4);J2:[2,4);J3:[5,6)","J0;J2;J3","3","J0;J2;J3","3","J0;J2;J3","3","J3;J0;J2","3","J0;J2;J3","3"
"3423","J0:[0,2);J1:[1,4);J2:[2,5);J3:[2,6)","J0;J2","2","J0;J2","2","J0;J2","2","J0;J2","2","J0;J3","2"
"3424","J0:[0,2);J1:[1,4);J2:[2,5);J3:[3,4)","J0;J2","2","J0;J3","2","J0;J2","2","J3;J0","2","J0;J3","2"
"3425","J0:[0,2);J1:[1,4);J2:[2,5);J3:[3,5)","J0;J2","2","J0;J2","2","J0;J2","2","J0;J3","2","J0;J3","2"
"3426","J0:[0,2);J1:[1,4);J2:[2,5);J3:[3,6)","J0;J2","2","J0;J2","2","J0;J2","2","J0;J2","2","J0;J3","2"
"3427","J0:[0,2);J1:[1,4);J2:[2,5);J3:[4,5)","J0;J2","2","J0;J2","2","J0;J2","2","J3;J0","2","J1;J3","2"
"3428","J0:[0,2);J1:[1,4);J2:[2,5);J3:[4,6)","J0;J2","2","J0;J2","2","J0;J2","2","J0;J3","2","J1;J3","2"
"3429","J0:[0,2);J1:[1,4);J2:[2,5);J3:[5,6)","J0;J2;J3","3","J0;J2;J3","3","J0;J2;J3","3","J3;J0;J2","3","J0;J2;J3","3"
"3430","J0:[0,2);J1:[1,4);J2:[2,6);J3:[3,4)","J0;J2","2","J0;J3","2","J0;J2","2","J3;J0","2","J0;J3","2"
"3431","J0:[0,2);J1:[1,4);J2:[2,6);J3:[3,5)","J0;J2","2","J0;J3","2","J0;J2","2","J0;J3","2","J0;J3","2"
"3432","J0:[0,2);J1:[1,4);J2:[2,6);J3:[3,6)","J0;J2","2","J0;J2","2","J0;J2","2","J0;J3","2","J0;J3","2"
"3433","J0:[0,2);J1:[1,4);J2:[2,6);J3:[4,5)","J0;J2","2","J0;J3","2","J0;J2","2","J3;J0","2","J1;J3","2"
"3434","J0:[0,2);J1:[1,4);J2:[2,6);J3:[4,6)","J0;J2","2","J0;J2","2","J0;J2","2","J0;J3","2","J1;J3","2"
"3435","J0:[0,2);J1:[1,4);J2:[2,6);J3:[5,6)","J0;J2","2","J0;J2","2","J0;J2","2","J3;J0","2","J1;J3","2"
"3436","J0:[0,2);J1:[1,4);J2:[3,4);J3:[3,5)","J0;J2","2","J0;J2","2","J0;J2","2","J2;J0","2","J0;J3","2"
"3437","J0:[0,2);J1:[1,4);J2:[3,4);J3:[3,6)","J0;J2","2","J0;J2","2","J0;J2","2","J2;J0","2","J0;J3","2"
"3438","J0:[0,2);J1:[1,4);J2:[3,4);J3:[4,5)","J0;J2;J3","3","J0;J2;J3","3","J0;J2;J3","3","J2;J3;J0","3","J0;J2;J3","3"
"3439","J0:[0,2);J1:[1,4);J2:[3,4);J3:[4,6)","J0;J2;J3","3","J0;J2;J3","3","J0;J2;J3","3","J2;J0;J3","3","J0;J2;J3","3"
"3440","J0:[0,2);J1:[1,4);J2:[3,4);J3:[5,6)","J0;J2;J3","3","J0;J2;J3","3","J0;J2;J3","3","J2;J3;J0","3","J0;J2;J3","3"
"3441","J0:[0,2);J1:[1,4);J2:[3,5);J3:[3,6)","J0;J2","2","J0;J2","2","J0;J2","2","J0;J2","2","J0;J3","2"
"3442","J0:[0,2);J1:[1,4);J2:[3,5);J3:[4,5)","J0;J2","2","J0;J2","2","J0;J2","2","J3;J0","2","J1;J3","2"
"3443","J0:[0,2);J1:[1,4);J2:[3,5);J3:[4,6)","J0;J2","2","J0;J2","2","J0;J2","2","J0;J2","2","J1;J3","2"
"3444","J0:[0,2);J1:[1,4);J2:[3,5);J3:[5,6)","J0;J2;J3","3","J0;J2;J3","3","J0;J2;J3","3","J3;J0;J2","3","J0;J2;J3","3"
"3445","J0:[0,2);J1:[1,4);J2:[3,6);J3:[4,5)","J0;J2","2","J0;J3","2","J0;J2","2","J3;J0","2","J1;J3","2"
"3446","J0:[0,2);J1:[1,4);J2:[3,6);J3:[4,6)","J0;J2","2","J0;J2","2","J0;J2","2","J0;J3","2","J1;J3","2"
"3447","J0:[0,2);J1:[1,4);J2:[3,6);J3:[5,6)","J0;J2","2","J0;J2","2","J0;J2","2","J3;J0","2","J1;J3","2"
"3448","J0:[0,2);J1:[1,4);J2:[4,5);J3:[4,6)","J0;J2","2","J0;J2","2","J0;J2","2","J2;J0","2","J1;J3","2"
"3449","J0:[0,2);J1:[1,4);J2:[4,5);J3:[5,6)","J0;J2;J3","3","J0;J2;J3","3","J0;J2;J3","3","J2;J3;J0","3","J1;J2;J3","3"
"3450","J0:[0,2);J1:[1,4);J2:[4,6);J3:[5,6)","J0;J2","2","J0;J2","2","J0;J2","2","J3;J0","2","J1;J3","2"
"3451","J0:[0,2);J1:[1,5);J2:[1,6);J3:[2,3)","J0;J3","2","J0;J3","2","J0;J3","2","J3;J0","2","J0;J3","2"
"3452","J0:[0,2);J1:[1,5);J2:[1,6);J3:[2,4)","J0;J3","2","J0;J3","2","J0;J3","2","J0;J3","2","J0;J3","2"
"3453","J0:[0,2);J1:[1,5);J2:[1,6);J3:[2,5)","J0;J3","2","J0;J3","2","J0;J3","2","J0;J3","2","J0;J3","2"
"3454","J0:[0,2);J1:[1,5);J2:[1,6);J3:[2,6)","J0;J3","2","J0;J3","2","J0;J3","2","J0;J3","2","J0;J3","2"
"3455","J0:[0,2);J1:[1,5);J2:[1,6);J3:[3,4)","J0;J3","2","J0;J3","2","J0;J3","2","J3;J0","2","J0;J3","2"
"3456","J0:[0,2);J1:[1,5);J2:[1,6);J3:[3,5)","J0;J3","2","J0;J3","2","J0;J3","2","J0;J3","2","J0;J3","2"
"3457","J0:[0,2);J1:[1,5);J2:[1,6);J3:[3,6)","J0;J3","2","J0;J3","2","J0;J3","2","J0;J3","2","J0;J3","2"
"3458","J0:[0,2);J1:[1,5);J2:[1,6);J3:[4,5)","J0;J3","2","J0;J3","2","J0;J3","2","J3;J0","2","J0;J3","2"
"3459","J0:[0,2);J1:[1,5);J2:[1,6);J3:[4,6)","J0;J3","2","J0;J3","2","J0;J3","2","J0;J3","2","J0;J3","2"
"3460","J0:[0,2);J1:[1,5);J2:[1,6);J3:[5,6)","J0;J3","2","J0;J3","2","J0;J3","2","J3;J0","2","J1;J3","2"
"3461","J0:[0,2);J1:[1,5);J2:[2,3);J3:[2,4)","J0;J2","2","J0;J2","2","J0;J2","2","J2;J0","2","J0;J3","2"
"3462","J0:[0,2);J1:[1,5);J2:[2,3);J3:[2,5)","J0;J2","2","J0;J2","2","J0;J2","2","J2;J0","2","J0;J3","2"
"3463","J0:[0,2);J1:[1,5);J2:[2,3);J3:[2,6)","J0;J2","2","J0;J2","2","J0;J2","2","J2;J0","2","J0;J3","2"
"3464","J0:[0,2);J1:[1,5);J2:[2,3);J3:[3,4)","J0;J2;J3","3","J0;J2;J3","3","J0;J2;J3","3","J2;J3;J0","3","J0;J2;J3","3"
"3465","J0:[0,2);J1:[1,5);J2:[2,3);J3:[3,5)","J0;J2;J3","3","J0;J2;J3","3","J0;J2;J3","3","J2;J0;J3","3","J0;J2;J3","3"
"3466","J0:[0,2);J1:[1,5);J2:[2,3);J3:[3,6)","J0;J2;J3","3","J0;J2;J3","3","J0;J2;J3","3","J2;J0;J3","3","J0;J2;J3","3"
"3467","J0:[0,2);J1:[1,5);J2:[2,3);J3:[4,5)","J0;J2;J3","3","J0;J2;J3","3","J0;J2;J3","3","J2;J3;J0","3","J0;J2;J3","3"
"3468","J0:[0,2);J1:[1,5);J2:[2,3);J3:[4,6)","J0;J2;J3","3","J0;J2;J3","3","J0;J2;J3","3","J2;J0;J3","3","J0;J2;J3","3"
"3469","J0:[0,2);J1:[1,5);J2:[2,3);J3:[5,6)","J0;J2;J3","3","J0;J2;J3","3","J0;J2;J3","3","J2;J3;J0","3","J0;J2;J3","3"
"3470","J0:[0,2);J1:[1,5);J2:[2,4);J3:[2,5)","J0;J2","2","J0;J2","2","J0;J2","2","J0;J2","2","J0;J3","2"
"3471","J0:[0,2);J1:[1,5);J2:[2,4);J3:[2,6)","J0;J2","2","J0;J2","2","J0;J2","2","J0;J2","2","J0;J3","2"
"3472","J0:[0,2);J1:[1,5);J2:[2,4);J3:[3,4)","J0;J2","2","J0;J2","2","J0;J2","2","J3;J0","2","J0;J3","2"
"3473","J0:[0,2);J1:[1,5);J2:[2,4);J3:[3,5)","J0;J2","2","J0;J2","2","J0;J2","2","J0;J2","2","J0;J3","2"
"3474","J0:[0,2);J1:[1,5);J2:[2,4);J3:[3,6)","J0;J2","2","J0;J2","2","J0;J2","2","J0;J2","2","J0;J3","2"
"3475","J0:[0,2);J1:[1,5);J2:[2,4);J3:[4,5)","J0;J2;J3","3","J0;J2;J3","3","J0;J2;J3","3","J3;J0;J2","3","J0;J2;J3","3"
"3476","J0:[0,2);J1:[1,5);J2:[2,4);J3:[4,6)","J0;J2;J3","3","J0;J2;J3","3","J0;J2;J3","3","J0;J2;J3","3","J0;J2;J3","3"
"3477","J0:[0,2);J1:[1,5);J2:[2,4);J3:[5,6)","J0;J2;J3","3","J0;J2;J3","3","J0;J2;J3","3","J3;J0;J2","3","J0;J2;J3","3"
"3478","J0:[0,2);J1:[1,5);J2:[2,5);J3:[2,6)","J0;J2","2","J0;J2","2","J0;J2","2","J0;J2","2","J0;J3","2"
"3479","J0:[0,2);J1:[1,5);J2:[2,5);J3:[3,4)","J0;J2","2","J0;J3","2","J0;J2","2","J3;J0","2","J0;J3","2"
"3480","J0:[0,2);J1:[1,5);J2:[2,5);J3:[3,5)","J0;J2","2","J0;J2","2","J0;J2","2","J0;J3","2","J0;J3","2"
"3481","J0:[0,2);J1:[1,5);J2:[2,5);J3:[3,6)","J0;J2","2","J0;J2","2","J0;J2","2","J0;J2","2","J0;J3","2"
"3482","J0:[0,2);J1:[1,5);J2:[2,5);J3:[4,5)","J0;J2","2","J0;J2","2","J0;J2","2","J3;J0","2","J0;J3","2"
"3483","J0:[0,2);J1:[1,5);J2:[2,5);J3:[4,6)","J0;J2","2","J0;J2","2","J0;J2","2","J0;J3","2","J0;J3","2"
"3484","J0:[0,2);J1:[1,5);J2:[2,5);J3:[5,6)","J0;J2;J3","3","J0;J2;J3","3","J0;J2;J3","3","J3;J0;J2","3","J0;J2;J3","3"
"3485","J0:[0,2);J1:[1,5);J2:[2,6);J3:[3,4)","J0;J2","2","J0;J3","2","J0;J2","2","J3;J0","2","J0;J3","2"
"3486","J0:[0,2);J1:[1,5);J2:[2,6);J3:[3,5)","J0;J2","2","J0;J3","2","J0;J2","2","J0;J3","2","J0;J3","2"
"3487","J0:[0,2);J1:[1,5);J2:[2,6);J3:[3,6)","J0;J2","2","J0;J2","2","J0;J2","2","J0;J3","2","J0;J3","2"
"3488","J0:[0,2);J1:[1,5);J2:[2,6);J3:[4,5)","J0;J2","2","J0;J3","2","J0;J2","2","J3;J0","2","J0;J3","2"
"3489","J0:[0,2);J1:[1,5);J2:[2,6);J3:[4,6)","J0;J2","2","J0;J2","2","J0;J2","2","J0;J3","2","J0;J3","2"
"3490","J0:[0,2);J1:[1,5);J2:[2,6);J3:[5,6)","J0;J2","2","J0;J2","2","J0;J2","2","J3;J0","2","J1;J3","2"
"3491","J0:[0,2);J1:[1,5);J2:[3,4);J3:[3,5)","J0;J2","2","J0;J2","2","J0;J2","2","J2;J0","2","J0;J3","2"
"3492","J0:[0,2);J1:[1,5);J2:[3,4);J3:[3,6)","J0;J2","2","J0;J2","2","J0;J2","2","J2;J0","2","J0;J3","2"
"3493","J0:[0,2);J1:[1,5);J2:[3,4);J3:[4,5)","J0;J2;J3","3","J0;J2;J3","3","J0;J2;J3","3","J2;J3;J0","3","J0;J2;J3","3"
"3494","J0:[0,2);J1:[1,5);J2:[3,4);J3:[4,6)","J0;J2;J3","3","J0;J2;J3","3","J0;J2;J3","3","J2;J0;J3","3","J0;J2;J3","3"
"3495","J0:[0,2);J1:[1,5);J2:[3,4);J3:[5,6)","J0;J2;J3","3","J0;J2;J3","3","J0;J2;J3","3","J2;J3;J0","3","J0;J2;J3","3"
"3496","J0:[0,2);J1:[1,5);J2:[3,5);J3:[3,6)","J0;J2","2","J0;J2","2","J0;J2","2","J0;J2","2","J0;J3","2"
"3497","J0:[0,2);J1:[1,5);J2:[3,5);J3:[4,5)","J0;J2","2","J0;J2","2","J0;J2","2","J3;J0","2","J0;J3","2"
"3498","J0:[0,2);J1:[1,5);J2:[3,5);J3:[4,6)","J0;J2","2","J0;J2","2","J0;J2","2","J0;J2","2","J0;J3","2"
"3499","J0:[0,2);J1:[1,5);J2:[3,5);J3:[5,6)","J0;J2;J3","3","J0;J2;J3","3","J0;J2;J3","3","J3;J0;J2","3","J0;J2;J3","3"
"3500","J0:[0,2);J1:[1,5);J2:[3,6);J3:[4,5)","J0;J2","2","J0;J3","2","J0;J2","2","J3;J0","2","J0;J3","2"
"3501","J0:[0,2);J1:[1,5);J2:[3,6);J3:[4,6)","J0;J2","2","J0;J2","2","J0;J2","2","J0;J3","2","J0;J3","2"
"3502","J0:[0,2);J1:[1,5);J2:[3,6);J3:[5,6)","J0;J2","2","J0;J2","2","J0;J2","2","J3;J0","2","J1;J3","2"
"3503","J0:[0,2);J1:[1,5);J2:[4,5);J3:[4,6)","J0;J2","2","J0;J2","2","J0;J2","2","J2;J0","2","J0;J3","2"
"3504","J0:[0,2);J1:[1,5);J2:[4,5);J3:[5,6)","J0;J2;J3","3","J0;J2;J3","3","J0;J2;J3","3","J2;J3;J0","3","J0;J2;J3","3"
"3505","J0:[0,2);J1:[1,5);J2:[4,6);J3:[5,6)","J0;J2","2","J0;J2","2","J0;J2","2","J3;J0","2","J1;J3","2"
"3506","J0:[0,2);J1:[1,6);J2:[2,3);J3:[2,4)","J0;J2","2","J0;J2","2","J0;J2","2","J2;J0","2","J0;J3","2"
"3507","J0:[0,2);J1:[1,6);J2:[2,3);J3:[2,5)","J0;J2","2","J0;J2","2","J0;J2","2","J2;J0","2","J0;J3","2"
"3508","J0:[0,2);J1:[1,6);J2:[2,3);J3:[2,6)","J0;J2","2","J0;J2","2","J0;J2","2","J2;J0","2","J0;J3","2"
"3509","J0:[0,2);J1:[1,6);J2:[2,3);J3:[3,4)","J0;J2;J3","3","J0;J2;J3","3","J0;J2;J3","3","J2;J3;J0","3","J0;J2;J3","3"
"3510","J0:[0,2);J1:[1,6);J2:[2,3);J3:[3,5)","J0;J2;J3","3","J0;J2;J3","3","J0;J2;J3","3","J2;J0;J3","3","J0;J2;J3","3"
"3511","J0:[0,2);J1:[1,6);J2:[2,3);J3:[3,6)","J0;J2;J3","3","J0;J2;J3","3","J0;J2;J3","3","J2;J0;J3","3","J0;J2;J3","3"
"3512","J0:[0,2);J1:[1,6);J2:[2,3);J3:[4,5)","J0;J2;J3","3","J0;J2;J3","3","J0;J2;J3","3","J2;J3;J0","3","J0;J2;J3","3"
"3513","J0:[0,2);J1:[1,6);J2:[2,3);J3:[4,6)","J0;J2;J3","3","J0;J2;J3","3","J0;J2;J3","3","J2;J0;J3","3","J0;J2;J3","3"
"3514","J0:[0,2);J1:[1,6);J2:[2,3);J3:[5,6)","J0;J2;J3","3","J0;J2;J3","3","J0;J2;J3","3","J2;J3;J0","3","J0;J2;J3","3"
"3515","J0:[0,2);J1:[1,6);J2:[2,4);J3:[2,5)","J0;J2","2","J0;J2","2","J0;J2","2","J0;J2","2","J0;J3","2"
"3516","J0:[0,2);J1:[1,6);J2:[2,4);J3:[2,6)","J0;J2","2","J0;J2","2","J0;J2","2","J0;J2","2","J0;J3","2"
"3517","J0:[0,2);J1:[1,6);J2:[2,4);J3:[3,4)","J0;J2","2","J0;J2","2","J0;J2","2","J3;J0","2","J0;J3","2"
"3518","J0:[0,2);J1:[1,6);J2:[2,4);J3:[3,5)","J0;J2","2","J0;J2","2","J0;J2","2","J0;J2","2","J0;J3","2"
"3519","J0:[0,2);J1:[1,6);J2:[2,4);J3:[3,6)","J0;J2","2","J0;J2","2","J0;J2","2","J0;J2","2","J0;J3","2"
"3520","J0:[0,2);J1:[1,6);J2:[2,4);J3:[4,5)","J0;J2;J3","3","J0;J2;J3","3","J0;J2;J3","3","J3;J0;J2","3","J0;J2;J3","3"
"3521","J0:[0,2);J1:[1,6);J2:[2,4);J3:[4,6)","J0;J2;J3","3","J0;J2;J3","3","J0;J2;J3","3","J0;J2;J3","3","J0;J2;J3","3"
"3522","J0:[0,2);J1:[1,6);J2:[2,4);J3:[5,6)","J0;J2;J3","3","J0;J2;J3","3","J0;J2;J3","3","J3;J0;J2","3","J0;J2;J3","3"
"3523","J0:[0,2);J1:[1,6);J2:[2,5);J3:[2,6)","J0;J2","2","J0;J2","2","J0;J2","2","J0;J2","2","J0;J3","2"
"3524","J0:[0,2);J1:[1,6);J2:[2,5);J3:[3,4)","J0;J2","2","J0;J3","2","J0;J2","2","J3;J0","2","J0;J3","2"
"3525","J0:[0,2);J1:[1,6);J2:[2,5);J3:[3,5)","J0;J2","2","J0;J2","2","J0;J2","2","J0;J3","2","J0;J3","2"
"3526","J0:[0,2);J1:[1,6);J2:[2,5);J3:[3,6)","J0;J2","2","J0;J2","2","J0;J2","2","J0;J2","2","J0;J3","2"
"3527","J0:[0,2);J1:[1,6);J2:[2,5);J3:[4,5)","J0;J2","2","J0;J2","2","J0;J2","2","J3;J0","2","J0;J3","2"
"3528","J0:[0,2);J1:[1,6);J2:[2,5);J3:[4,6)","J0;J2","2","J0;J2","2","J0;J2","2","J0;J3","2","J0;J3","2"
"3529","J0:[0,2);J1:[1,6);J2:[2,5);J3:[5,6)","J0;J2;J3","3","J0;J2;J3","3","J0;J2;J3","3","J3;J0;J2","3","J0;J2;J3","3"
"3530","J0:[0,2);J1:[1,6);J2:[2,6);J3:[3,4)","J0;J2","2","J0;J3","2","J0;J2","2","J3;J0","2","J0;J3","2"
"3531","J0:[0,2);J1:[1,6);J2:[2,6);J3:[3,5)","J0;J2","2","J0;J3","2","J0;J2","2","J0;J3","2","J0;J3","2"
"3532","J0:[0,2);J1:[1,6);J2:[2,6);J3:[3,6)","J0;J2","2","J0;J2","2","J0;J2","2","J0;J3","2","J0;J3","2"
"3533","J0:[0,2);J1:[1,6);J2:[2,6);J3:[4,5)","J0;J2","2","J0;J3","2","J0;J2","2","J3;J0","2","J0;J3","2"
"3534","J0:[0,2);J1:[1,6);J2:[2,6);J3:[4,6)","J0;J2","2","J0;J2","2","J0;J2","2","J0;J3","2","J0;J3","2"
"3535","J0:[0,2);J1:[1,6);J2:[2,6);J3:[5,6)","J0;J2","2","J0;J2","2","J0;J2","2","J3;J0","2","J0;J3","2"
"3536","J0:[0,2);J1:[1,6);J2:[3,4);J3:[3,5)","J0;J2","2","J0;J2","2","J0;J2","2","J2;J0","2","J0;J3","2"
"3537","J0:[0,2);J1:[1,6);J2:[3,4);J3:[3,6)","J0;J2","2","J0;J2","2","J0;J2","2","J2;J0","2","J0;J3","2"
"3538","J0:[0,2);J1:[1,6);J2:[3,4);J3:[4,5)","J0;J2;J3","3","J0;J2;J3","3","J0;J2;J3","3","J2;J3;J0","3","J0;J2;J3","3"
"3539","J0:[0,2);J1:[1,6);J2:[3,4);J3:[4,6)","J0;J2;J3","3","J0;J2;J3","3","J0;J2;J3","3","J2;J0;J3","3","J0;J2;J3","3"
"3540","J0:[0,2);J1:[1,6);J2:[3,4);J3:[5,6)","J0;J2;J3","3","J0;J2;J3","3","J0;J2;J3","3","J2;J3;J0","3","J0;J2;J3","3"
"3541","J0:[0,2);J1:[1,6);J2:[3,5);J3:[3,6)","J0;J2","2","J0;J2","2","J0;J2","2","J0;J2","2","J0;J3","2"
"3542","J0:[0,2);J1:[1,6);J2:[3,5);J3:[4,5)","J0;J2","2","J0;J2","2","J0;J2","2","J3;J0","2","J0;J3","2"
"3543","J0:[0,2);J1:[1,6);J2:[3,5);J3:[4,6)","J0;J2","2","J0;J2","2","J0;J2","2","J0;J2","2","J0;J3","2"
"3544","J0:[0,2);J1:[1,6);J2:[3,5);J3:[5,6)","J0;J2;J3","3","J0;J2;J3","3","J0;J2;J3","3","J3;J0;J2","3","J0;J2;J3","3"
"3545","J0:[0,2);J1:[1,6);J2:[3,6);J3:[4,5)","J0;J2","2","J0;J3","2","J0;J2","2","J3;J0","2","J0;J3","2"
"3546","J0:[0,2);J1:[1,6);J2:[3,6);J3:[4,6)","J0;J2","2","J0;J2","2","J0;J2","2","J0;J3","2","J0;J3","2"
"3547","J0:[0,2);J1:[1,6);J2:[3,6);J3:[5,6)","J0;J2","2","J0;J2","2","J0;J2","2","J3;J0","2","J0;J3","2"
"3548","J0:[0,2);J1:[1,6);J2:[4,5);J3:[4,6)","J0;J2","2","J0;J2","2","J0;J2","2","J2;J0","2","J0;J3","2"
"3549","J0:[0,2);J1:[1,6);J2:[4,5);J3:[5,6)","J0;J2;J3","3","J0;J2;J3","3","J0;J2;J3","3","J2;J3;J0","3","J0;J2;J3","3"
"3550","J0:[0,2);J1:[1,6);J2:[4,6);J3:[5,6)","J0;J2","2","J0;J2","2","J0;J2","2","J3;J0","2","J0;J3","2"
"3551","J0:[0,2);J1:[2,3);J2:[2,4);J3:[2,5)","J0;J1","2","J0;J1","2","J0;J1","2","J1;J0","2","J0;J3","2"
"3552","J0:[0,2);J1:[2,3);J2:[2,4);J3:[2,6)","J0;J1","2","J0;J1","2","J0;J1","2","J1;J0","2","J0;J3","2"
"3553","J0:[0,2);J1:[2,3);J2:[2,4);J3:[3,4)","J0;J1;J3","3","J0;J1;J3","3","J0;J1;J3","3","J1;J3;J0","3","J0;J1;J3","3"
"3554","J0:[0,2);J1:[2,3);J2:[2,4);J3:[3,5)","J0;J1;J3","3","J0;J1;J3","3","J0;J1;J3","3","J1;J0;J3","3","J0;J1;J3","3"
"3555","J0:[0,2);J1:[2,3);J2:[2,4);J3:[3,6)","J0;J1;J3","3","J0;J1;J3","3","J0;J1;J3","3","J1;J0;J3","3","J0;J1;J3","3"
"3556","J0:[0,2);J1:[2,3);J2:[2,4);J3:[4,5)","J0;J1;J3","3","J0;J1;J3","3","J0;J1;J3","3","J1;J3;J0","3","J0;J2;J3","3"
"3557","J0:[0,2);J1:[2,3);J2:[2,4);J3:[4,6)","J0;J1;J3","3","J0;J1;J3","3","J0;J1;J3","3","J1;J0;J3","3","J0;J2;J3","3"
"3558","J0:[0,2);J1:[2,3);J2:[2,4);J3:[5,6)","J0;J1;J3","3","J0;J1;J3","3","J0;J1;J3","3","J1;J3;J0","3","J0;J2;J3","3"
"3559","J0:[0,2);J1:[2,3);J2:[2,5);J3:[2,6)","J0;J1","2","J0;J1","2","J0;J1","2","J1;J0","2","J0;J3","2"
"3560","J0:[0,2);J1:[2,3);J2:[2,5);J3:[3,4)","J0;J1;J3","3","J0;J1;J3","3","J0;J1;J3","3","J1;J3;J0","3","J0;J1;J3","3"
"3561","J0:[0,2);J1:[2,3);J2:[2,5);J3:[3,5)","J0;J1;J3","3","J0;J1;J3","3","J0;J1;J3","3","J1;J0;J3","3","J0;J1;J3","3"
"3562","J0:[0,2);J1:[2,3);J2:[2,5);J3:[3,6)","J0;J1;J3","3","J0;J1;J3","3","J0;J1;J3","3","J1;J0;J3","3","J0;J1;J3","3"
"3563","J0:[0,2);J1:[2,3);J2:[2,5);J3:[4,5)","J0;J1;J3","3","J0;J1;J3","3","J0;J1;J3","3","J1;J3;J0","3","J0;J1;J3","3"
"3564","J0:[0,2);J1:[2,3);J2:[2,5);J3:[4,6)","J0;J1;J3","3","J0;J1;J3","3","J0;J1;J3","3","J1;J0;J3","3","J0;J1;J3","3"
"3565","J0:[0,2);J1:[2,3);J2:[2,5);J3:[5,6)","J0;J1;J3","3","J0;J1;J3","3","J0;J1;J3","3","J1;J3;J0","3","J0;J2;J3","3"
"3566","J0:[0,2);J1:[2,3);J2:[2,6);J3:[3,4)","J0;J1;J3","3","J0;J1;J3","3","J0;J1;J3","3","J1;J3;J0","3","J0;J1;J3","3"
"3567","J0:[0,2);J1:[2,3);J2:[2,6);J3:[3,5)","J0;J1;J3","3","J0;J1;J3","3","J0;J1;J3","3","J1;J0;J3","3","J0;J1;J3","3"
"3568","J0:[0,2);J1:[2,3);J2:[2,6);J3:[3,6)","J0;J1;J3","3","J0;J1;J3","3","J0;J1;J3","3","J1;J0;J3","3","J0;J1;J3","3"
"3569","J0:[0,2);J1:[2,3);J2:[2,6);J3:[4,5)","J0;J1;J3","3","J0;J1;J3","3","J0;J1;J3","3","J1;J3;J0","3","J0;J1;J3","3"
"3570","J0:[0,2);J1:[2,3);J2:[2,6);J3:[4,6)","J0;J1;J3","3","J0;J1;J3","3","J0;J1;J3","3","J1;J0;J3","3","J0;J1;J3","3"
"3571","J0:[0,2);J1:[2,3);J2:[2,6);J3:[5,6)","J0;J1;J3","3","J0;J1;J3","3","J0;J1;J3","3","J1;J3;J0","3","J0;J1;J3","3"
"3572","J0:[0,2);J1:[2,3);J2:[3,4);J3:[3,5)","J0;J1;J2","3","J0;J1;J2","3","J0;J1;J2","3","J1;J2;J0","3","J0;J1;J3","3"
"3573","J0:[0,2);J1:[2,3);J2:[3,4);J3:[3,6)","J0;J1;J2","3","J0;J1;J2","3","J0;J1;J2","3","J1;J2;J0","3","J0;J1;J3","3"
"3574","J0:[0,2);J1:[2,3);J2:[3,4);J3:[4,5)","J0;J1;J2;J3","4","J0;J1;J2;J3","4","J0;J1;J2;J3","4","J1;J2;J3;J0","4","J0;J1;J2;J3","4"
"3575","J0:[0,2);J1:[2,3);J2:[3,4);J3:[4,6)","J0;J1;J2;J3","4","J0;J1;J2;J3","4","J0;J1;J2;J3","4","J1;J2;J0;J3","4","J0;J1;J2;J3","4"
"3576","J0:[0,2);J1:[2,3);J2:[3,4);J3:[5,6)","J0;J1;J2;J3","4","J0;J1;J2;J3","4","J0;J1;J2;J3","4","J1;J2;J3;J0","4","J0;J1;J2;J3","4"
"3577","J0:[0,2);J1:[2,3);J2:[3,5);J3:[3,6)","J0;J1;J2","3","J0;J1;J2","3","J0;J1;J2","3","J1;J0;J2","3","J0;J1;J3","3"
"3578","J0:[0,2);J1:[2,3);J2:[3,5);J3:[4,5)","J0;J1;J2","3","J0;J1;J2","3","J0;J1;J2","3","J1;J3;J0","3","J0;J1;J3","3"
"3579","J0:[0,2);J1:[2,3);J2:[3,5);J3:[4,6)","J0;J1;J2","3","J0;J1;J2","3","J0;J1;J2","3","J1;J0;J2","3","J0;J1;J3","3"
"3580","J0:[0,2);J1:[2,3);J2:[3,5);J3:[5,6)","J0;J1;J2;J3","4","J0;J1;J2;J3","4","J0;J1;J2;J3","4","J1;J3;J0;J2","4","J0;J1;J2;J3","4"
"3581","J0:[0,2);J1:[2,3);J2:[3,6);J3:[4,5)","J0;J1;J2","3","J0;J1;J3","3","J0;J1;J2","3","J1;J3;J0","3","J0;J1;J3","3"
"3582","J0:[0,2);J1:[2,3);J2:[3,6);J3:[4,6)","J0;J1;J2","3","J0;J1;J2","3","J0;J1;J2","3","J1;J0;J3","3","J0;J1;J3","3"
"3583","J0:[0,2);J1:[2,3);J2:[3,6);J3:[5,6)","J0;J1;J2","3","J0;J1;J2","3","J0;J1;J2","3","J1;J3;J0","3","J0;J1;J3","3"
"3584","J0:[0,2);J1:[2,3);J2:[4,5);J3:[4,6)","J0;J1;J2","3","J0;J1;J2","3","J0;J1;J2","3","J1;J2;J0","3","J0;J1;J3","3"
"3585","J0:[0,2);J1:[2,3);J2:[4,5);J3:[5,6)","J0;J1;J2;J3","4","J0;J1;J2;J3","4","J0;J1;J2;J3","4","J1;J2;J3;J0","4","J0;J1;J2;J3","4"
"3586","J0:[0,2);J1:[2,3);J2:[4,6);J3:[5,6)","J0;J1;J2","3","J0;J1;J2","3","J0;J1;J2","3","J1;J3;J0","3","J0;J1;J3","3"
"3587","J0:[0,2);J1:[2,4);J2:[2,5);J3:[2,6)","J0;J1","2","J0;J1","2","J0;J1","2","J0;J1","2","J0;J3","2"
"3588","J0:[0,2);J1:[2,4);J2:[2,5);J3:[3,4)","J0;J1","2","J0;J1","2","J0;J1","2","J3;J0","2","J0;J3","2"
"3589","J0:[0,2);J1:[2,4);J2:[2,5);J3:[3,5)","J0;J1","2","J0;J1","2","J0;J1","2","J0;J1","2","J0;J3","2"
"3590","J0:[0,2);J1:[2,4);J2:[2,5);J3:[3,6)","J0;J1","2","J0;J1","2","J0;J1","2","J0;J1","2","J0;J3","2"
"3591","J0:[0,2);J1:[2,4);J2:[2,5);J3:[4,5)","J0;J1;J3","3","J0;J1;J3","3","J0;J1;J3","3","J3;J0;J1","3","J0;J1;J3","3"
"3592","J0:[0,2);J1:[2,4);J2:[2,5);J3:[4,6)","J0;J1;J3","3","J0;J1;J3","3","J0;J1;J3","3","J0;J1;J3","3","J0;J1;J3","3"
"3593","J0:[0,2);J1:[2,4);J2:[2,5);J3:[5,6)","J0;J1;J3","3","J0;J1;J3","3","J0;J1;J3","3","J3;J0;J1","3","J0;J2;J3","3"
"3594","J0:[0,2);J1:[2,4);J2:[2,6);J3:[3,4)","J0;J1","2","J0;J1","2","J0;J1","2","J3;J0","2","J0;J3","2"
"3595","J0:[0,2);J1:[2,4);J2:[2,6);J3:[3,5)","J0;J1","2","J0;J1","2","J0;J1","2","J0;J1","2","J0;J3","2"
"3596","J0:[0,2);J1:[2,4);J2:[2,6);J3:[3,6)","J0;J1","2","J0;J1","2","J0;J1","2","J0;J1","2","J0;J3","2"
"3597","J0:[0,2);J1:[2,4);J2:[2,6);J3:[4,5)","J0;J1;J3","3","J0;J1;J3","3","J0;J1;J3","3","J3;J0;J1","3","J0;J1;J3","3"
"3598","J0:[0,2);J1:[2,4);J2:[2,6);J3:[4,6)","J0;J1;J3","3","J0;J1;J3","3","J0;J1;J3","3","J0;J1;J3","3","J0;J1;J3","3"
"3599","J0:[0,2);J1:[2,4);J2:[2,6);J3:[5,6)","J0;J1;J3","3","J0;J1;J3","3","J0;J1;J3","3","J3;J0;J1","3","J0;J1;J3","3"
"3600","J0:[0,2);J1:[2,4);J2:[3,4);J3:[3,5)","J0;J1","2","J0;J1","2","J0;J1","2","J2;J0","2","J0;J3","2"
"3601","J0:[0,2);J1:[2,4);J2:[3,4);J3:[3,6)","J0;J1","2","J0;J1","2","J0;J1","2","J2;J0","2","J0;J3","2"
"3602","J0:[0,2);J1:[2,4);J2:[3,4);J3:[4,5)","J0;J1;J3","3","J0;J1;J3","3","J0;J1;J3","3","J2;J3;J0","3","J0;J2;J3","3"
"3603","J0:[0,2);J1:[2,4);J2:[3,4);J3:[4,6)","J0;J1;J3","3","J0;J1;J3","3","J0;J1;J3","3","J2;J0;J3","3","J0;J2;J3","3"
"3604","J0:[0,2);J1:[2,4);J2:[3,4);J3:[5,6)","J0;J1;J3","3","J0;J1;J3","3","J0;J1;J3","3","J2;J3;J0","3","J0;J2;J3","3"
"3605","J0:[0,2);J1:[2,4);J2:[3,5);J3:[3,6)","J0;J1","2","J0;J1","2","J0;J1","2","J0;J1","2","J0;J3","2"
"3606","J0:[0,2);J1:[2,4);J2:[3,5);J3:[4,5)","J0;J1;J3","3","J0;J1;J3","3","J0;J1;J3","3","J3;J0;J1","3","J0;J1;J3","3"
"3607","J0:[0,2);J1:[2,4);J2:[3,5);J3:[4,6)","J0;J1;J3","3","J0;J1;J3","3","J0;J1;J3","3","J0;J1;J3","3","J0;J1;J3","3"
"3608","J0:[0,2);J1:[2,4);J2:[3,5);J3:[5,6)","J0;J1;J3","3","J0;J1;J3","3","J0;J1;J3","3","J3;J0;J1","3","J0;J2;J3","3"
"3609","J0:[0,2);J1:[2,4);J2:[3,6);J3:[4,5)","J0;J1;J3","3","J0;J1;J3","3","J0;J1;J3","3","J3;J0;J1","3","J0;J1;J3","3"
"3610","J0:[0,2);J1:[2,4);J2:[3,6);J3:[4,6)","J0;J1;J3","3","J0;J1;J3","3","J0;J1;J3","3","J0;J1;J3","3","J0;J1;J3","3"
"3611","J0:[0,2);J1:[2,4);J2:[3,6);J3:[5,6)","J0;J1;J3","3","J0;J1;J3","3","J0;J1;J3","3","J3;J0;J1","3","J0;J1;J3","3"
"3612","J0:[0,2);J1:[2,4);J2:[4,5);J3:[4,6)","J0;J1;J2","3","J0;J1;J2","3","J0;J1;J2","3","J2;J0;J1","3","J0;J1;J3","3"
"3613","J0:[0,2);J1:[2,4);J2:[4,5);J3:[5,6)","J0;J1;J2;J3","4","J0;J1;J2;J3","4","J0;J1;J2;J3","4","J2;J3;J0;J1","4","J0;J1;J2;J3","4"
"3614","J0:[0,2);J1:[2,4);J2:[4,6);J3:[5,6)","J0;J1;J2","3","J0;J1;J2","3","J0;J1;J2","3","J3;J0;J1","3","J0;J1;J3","3"
"3615","J0:[0,2);J1:[2,5);J2:[2,6);J3:[3,4)","J0;J1","2","J0;J3","2","J0;J1","2","J3;J0","2","J0;J3","2"
"3616","J0:[0,2);J1:[2,5);J2:[2,6);J3:[3,5)","J0;J1","2","J0;J1","2","J0;J1","2","J0;J3","2","J0;J3","2"
"3617","J0:[0,2);J1:[2,5);J2:[2,6);J3:[3,6)","J0;J1","2","J0;J1","2","J0;J1","2","J0;J1","2","J0;J3","2"
"3618","J0:[0,2);J1:[2,5);J2:[2,6);J3:[4,5)","J0;J1","2","J0;J1","2","J0;J1","2","J3;J0","2","J0;J3","2"
"3619","J0:[0,2);J1:[2,5);J2:[2,6);J3:[4,6)","J0;J1","2","J0;J1","2","J0;J1","2","J0;J3","2","J0;J3","2"
"3620","J0:[0,2);J1:[2,5);J2:[2,6);J3:[5,6)","J0;J1;J3","3","J0;J1;J3","3","J0;J1;J3","3","J3;J0;J1","3","J0;J1;J3","3"
"3621","J0:[0,2);J1:[2,5);J2:[3,4);J3:[3,5)","J0;J1","2","J0;J2","2","J0;J1","2","J2;J0","2","J0;J3","2"
"3622","J0:[0,2);J1:[2,5);J2:[3,4);J3:[3,6)","J0;J1","2","J0;J2","2","J0;J1","2","J2;J0","2","J0;J3","2"
"3623","J0:[0,2);J1:[2,5);J2:[3,4);J3:[4,5)","J0;J2;J3","3","J0;J2;J3","3","J0;J1","2","J2;J3;J0","3","J0;J2;J3","3"
"3624","J0:[0,2);J1:[2,5);J2:[3,4);J3:[4,6)","J0;J2;J3","3","J0;J2;J3","3","J0;J1","2","J2;J0;J3","3","J0;J2;J3","3"
"3625","J0:[0,2);J1:[2,5);J2:[3,4);J3:[5,6)","J0;J1;J3","3","J0;J2;J3","3","J0;J1;J3","3","J2;J3;J0","3","J0;J2;J3","3"
"3626","J0:[0,2);J1:[2,5);J2:[3,5);J3:[3,6)","J0;J1","2","J0;J1","2","J0;J1","2","J0;J2","2","J0;J3","2"
"3627","J0:[0,2);J1:[2,5);J2:[3,5);J3:[4,5)","J0;J1","2","J0;J1","2","J0;J1","2","J3;J0","2","J0;J3","2"
"3628","J0:[0,2);J1:[2,5);J2:[3,5);J3:[4,6)","J0;J1","2","J0;J1","2","J0;J1","2","J0;J2","2","J0;J3","2"
"3629","J0:[0,2);J1:[2,5);J2:[3,5);J3:[5,6)","J0;J1;J3","3","J0;J1;J3","3","J0;J1;J3","3","J3;J0;J2","3","J0;J2;J3","3"
"3630","J0:[0,2);J1:[2,5);J2:[3,6);J3:[4,5)","J0;J1","2","J0;J1","2","J0;J1","2","J3;J0","2","J0;J3","2"
"3631","J0:[0,2);J1:[2,5);J2:[3,6);J3:[4,6)","J0;J1","2","J0;J1","2","J0;J1","2","J0;J3","2","J0;J3","2"
"3632","J0:[0,2);J1:[2,5);J2:[3,6);J3:[5,6)","J0;J1;J3","3","J0;J1;J3","3","J0;J1;J3","3","J3;J0;J1","3","J0;J1;J3","3"
"3633","J0:[0,2);J1:[2,5);J2:[4,5);J3:[4,6)","J0;J1","2","J0;J1","2","J0;J1","2","J2;J0","2","J0;J3","2"
"3634","J0:[0,2);J1:[2,5);J2:[4,5);J3:[5,6)","J0;J1;J3","3","J0;J1;J3","3","J0;J1;J3","3","J2;J3;J0","3","J0;J2;J3","3"
"3635","J0:[0,2);J1:[2,5);J2:[4,6);J3:[5,6)","J0;J1;J3","3","J0;J1;J3","3","J0;J1;J3","3","J3;J0;J1","3","J0;J1;J3","3"
"3636","J0:[0,2);J1:[2,6);J2:[3,4);J3:[3,5)","J0;J1","2","J0;J2","2","J0;J1","2","J2;J0","2","J0;J3","2"
"3637","J0:[0,2);J1:[2,6);J2:[3,4);J3:[3,6)","J0;J1","2","J0;J2","2","J0;J1","2","J2;J0","2","J0;J3","2"
"3638","J0:[0,2);J1:[2,6);J2:[3,4);J3:[4,5)","J0;J2;J3","3","J0;J2;J3","3","J0;J1","2","J2;J3;J0","3","J0;J2;J3","3"
"3639","J0:[0,2);J1:[2,6);J2:[3,4);J3:[4,6)","J0;J2;J3","3","J0;J2;J3","3","J0;J1","2","J2;J0;J3","3","J0;J2;J3","3"
"3640","J0:[0,2);J1:[2,6);J2:[3,4);J3:[5,6)","J0;J2;J3","3","J0;J2;J3","3","J0;J1","2","J2;J3;J0","3","J0;J2;J3","3"
"3641","J0:[0,2);J1:[2,6);J2:[3,5);J3:[3,6)","J0;J1","2","J0;J2","2","J0;J1","2","J0;J2","2","J0;J3","2"
"3642","J0:[0,2);J1:[2,6);J2:[3,5);J3:[4,5)","J0;J1","2","J0;J2","2","J0;J1","2","J3;J0","2","J0;J3","2"
"3643","J0:[0,2);J1:[2,6);J2:[3,5);J3:[4,6)","J0;J1","2","J0;J2","2","J0;J1","2","J0;J2","2","J0;J3","2"
"3644","J0:[0,2);J1:[2,6);J2:[3,5);J3:[5,6)","J0;J2;J3","3","J0;J2;J3","3","J0;J1","2","J3;J0;J2","3","J0;J2;J3","3"
"3645","J0:[0,2);J1:[2,6);J2:[3,6);J3:[4,5)","J0;J1","2","J0;J3","2","J0;J1","2","J3;J0","2","J0;J3","2"
"3646","J0:[0,2);J1:[2,6);J2:[3,6);J3:[4,6)","J0;J1","2","J0;J1","2","J0;J1","2","J0;J3","2","J0;J3","2"
"3647","J0:[0,2);J1:[2,6);J2:[3,6);J3:[5,6)","J0;J1","2","J0;J1","2","J0;J1","2","J3;J0","2","J0;J3","2"
"3648","J0:[0,2);J1:[2,6);J2:[4,5);J3:[4,6)","J0;J1","2","J0;J2","2","J0;J1","2","J2;J0","2","J0;J3","2"
"3649","J0:[0,2);J1:[2,6);J2:[4,5);J3:[5,6)","J0;J2;J3","3","J0;J2;J3","3","J0;J1","2","J2;J3;J0","3","J0;J2;J3","3"
"3650","J0:[0,2);J1:[2,6);J2:[4,6);J3:[5,6)","J0;J1","2","J0;J1","2","J0;J1","2","J3;J0","2","J0;J3","2"
"3651","J0:[0,2);J1:[3,4);J2:[3,5);J3:[3,6)","J0;J1","2","J0;J1","2","J0;J1","2","J1;J0","2","J0;J3","2"
"3652","J0:[0,2);J1:[3,4);J2:[3,5);J3:[4,5)","J0;J1;J3","3","J0;J1;J3","3","J0;J1;J3","3","J1;J3;J0","3","J0;J1;J3","3"
"3653","J0:[0,2);J1:[3,4);J2:[3,5);J3:[4,6)","J0;J1;J3","3","J0;J1;J3","3","J0;J1;J3","3","J1;J0;J3","3","J0;J1;J3","3"
"3654","J0:[0,2);J1:[3,4);J2:[3,5);J3:[5,6)","J0;J1;J3","3","J0;J1;J3","3","J0;J1;J3","3","J1;J3;J0","3","J0;J2;J3","3"
"3655","J0:[0,2);J1:[3,4);J2:[3,6);J3:[4,5)","J0;J1;J3","3","J0;J1;J3","3","J0;J1;J3","3","J1;J3;J0","3","J0;J1;J3","3"
"3656","J0:[0,2);J1:[3,4);J2:[3,6);J3:[4,6)","J0;J1;J3","3","J0;J1;J3","3","J0;J1;J3","3","J1;J0;J3","3","J0;J1;J3","3"
"3657","J0:[0,2);J1:[3,4);J2:[3,6);J3:[5,6)","J0;J1;J3","3","J0;J1;J3","3","J0;J1;J3","3","J1;J3;J0","3","J0;J1;J3","3"
"3658","J0:[0,2);J1:[3,4);J2:[4,5);J3:[4,6)","J0;J1;J2","3","J0;J1;J2","3","J0;J1;J2","3","J1;J2;J0","3","J0;J1;J3","3"
"3659","J0:[0,2);J1:[3,4);J2:[4,5);J3:[5,6)","J0;J1;J2;J3","4","J0;J1;J2;J3","4","J0;J1;J2;J3","4","J1;J2;J3;J0","4","J0;J1;J2;J3","4"
"3660","J0:[0,2);J1:[3,4);J2:[4,6);J3:[5,6)","J0;J1;J2","3","J0;J1;J2","3","J0;J1;J2","3","J1;J3;J0","3","J0;J1;J3","3"
"3661","J0:[0,2);J1:[3,5);J2:[3,6);J3:[4,5)","J0;J1","2","J0;J1","2","J0;J1","2","J3;J0","2","J0;J3","2"
"3662","J0:[0,2);J1:[3,5);J2:[3,6);J3:[4,6)","J0;J1","2","J0;J1","2","J0;J1","2","J0;J1","2","J0;J3","2"
"3663","J0:[0,2);J1:[3,5);J2:[3,6);J3:[5,6)","J0;J1;J3","3","J0;J1;J3","3","J0;J1;J3","3","J3;J0;J1","3","J0;J1;J3","3"
"3664","J0:[0,2);J1:[3,5);J2:[4,5);J3:[4,6)","J0;J1","2","J0;J1","2","J0;J1","2","J2;J0","2","J0;J3","2"
"3665","J0:[0,2);J1:[3,5);J2:[4,5);J3:[5,6)","J0;J1;J3","3","J0;J1;J3","3","J0;J1;J3","3","J2;J3;J0","3","J0;J2;J3","3"
"3666","J0:[0,2);J1:[3,5);J2:[4,6);J3:[5,6)","J0;J1;J3","3","J0;J1;J3","3","J0;J1;J3","3","J3;J0;J1","3","J0;J1;J3","3"
"3667","J0:[0,2);J1:[3,6);J2:[4,5);J3:[4,6)","J0;J1","2","J0;J2","2","J0;J1","2","J2;J0","2","J0;J3","2"
"3668","J0:[0,2);J1:[3,6);J2:[4,5);J3:[5,6)","J0;J2;J3","3","J0;J2;J3","3","J0;J1","2","J2;J3;J0","3","J0;J2;J3","3"
"3669","J0:[0,2);J1:[3,6);J2:[4,6);J3:[5,6)","J0;J1","2","J0;J1","2","J0;J1","2","J3;J0","2","J0;J3","2"
"3670","J0:[0,2);J1:[4,5);J2:[4,6);J3:[5,6)","J0;J1;J3","3","J0;J1;J3","3","J0;J1;J3","3","J1;J3;J0","3","J0;J1;J3","3"
"3671","J0:[0,3);J1:[0,4);J2:[0,5);J3:[0,6)","J0","1","J0","1","J0","1","J0","1","J3","1"
"3672","J0:[0,3);J1:[0,4);J2:[0,5);J3:[1,2)","J0","1","J3","1","J0","1","J3","1","J3","1"
"3673","J0:[0,3);J1:[0,4);J2:[0,5);J3:[1,3)","J0","1","J0","1","J0","1","J3","1","J3","1"
"3674","J0:[0,3);J1:[0,4);J2:[0,5);J3:[1,4)","J0","1","J0","1","J0","1","J0","1","J3","1"
"3675","J0:[0,3);J1:[0,4);J2:[0,5);J3:[1,5)","J0","1","J0","1","J0","1","J0","1","J3","1"
"3676","J0:[0,3);J1:[0,4);J2:[0,5);J3:[1,6)","J0","1","J0","1","J0","1","J0","1","J3","1"
"3677","J0:[0,3);J1:[0,4);J2:[0,5);J3:[2,3)","J0","1","J0","1","J0","1","J3","1","J3","1"
"3678","J0:[0,3);J1:[0,4);J2:[0,5);J3:[2,4)","J0","1","J0","1","J0","1","J3","1","J3","1"
"3679","J0:[0,3);J1:[0,4);J2:[0,5);J3:[2,5)","J0","1","J0","1","J0","1","J0","1","J3","1"
"3680","J0:[0,3);J1:[0,4);J2:[0,5);J3:[2,6)","J0","1","J0","1","J0","1","J0","1","J3","1"
"3681","J0:[0,3);J1:[0,4);J2:[0,5);J3:[3,4)","J0;J3","2","J0;J3","2","J0;J3","2","J3;J0","2","J0;J3","2"
"3682","J0:[0,3);J1:[0,4);J2:[0,5);J3:[3,5)","J0;J3","2","J0;J3","2","J0;J3","2","J3;J0","2","J0;J3","2"
"3683","J0:[0,3);J1:[0,4);J2:[0,5);J3:[3,6)","J0;J3","2","J0;J3","2","J0;J3","2","J0;J3","2","J0;J3","2"
"3684","J0:[0,3);J1:[0,4);J2:[0,5);J3:[4,5)","J0;J3","2","J0;J3","2","J0;J3","2","J3;J0","2","J1;J3","2"
"3685","J0:[0,3);J1:[0,4);J2:[0,5);J3:[4,6)","J0;J3","2","J0;J3","2","J0;J3","2","J3;J0","2","J1;J3","2"
"3686","J0:[0,3);J1:[0,4);J2:[0,5);J3:[5,6)","J0;J3","2","J0;J3","2","J0;J3","2","J3;J0","2","J2;J3","2"
"3687","J0:[0,3);J1:[0,4);J2:[0,6);J3:[1,2)","J0","1","J3","1","J0","1","J3","1","J3","1"
"3688","J0:[0,3);J1:[0,4);J2:[0,6);J3:[1,3)","J0","1","J0","1","J0","1","J3","1","J3","1"
"3689","J0:[0,3);J1:[0,4);J2:[0,6);J3:[1,4)","J0","1","J0","1","J0","1","J0","1","J3","1"
"3690","J0:[0,3);J1:[0,4);J2:[0,6);J3:[1,5)","J0","1","J0","1","J0","1","J0","1","J3","1"
"3691","J0:[0,3);J1:[0,4);J2:[0,6);J3:[1,6)","J0","1","J0","1","J0","1","J0","1","J3","1"
"3692","J0:[0,3);J1:[0,4);J2:[0,6);J3:[2,3)","J0","1","J0","1","J0","1","J3","1","J3","1"
"3693","J0:[0,3);J1:[0,4);J2:[0,6);J3:[2,4)","J0","1","J0","1","J0","1","J3","1","J3","1"
"3694","J0:[0,3);J1:[0,4);J2:[0,6);J3:[2,5)","J0","1","J0","1","J0","1","J0","1","J3","1"
"3695","J0:[0,3);J1:[0,4);J2:[0,6);J3:[2,6)","J0","1","J0","1","J0","1","J0","1","J3","1"
"3696","J0:[0,3);J1:[0,4);J2:[0,6);J3:[3,4)","J0;J3","2","J0;J3","2","J0;J3","2","J3;J0","2","J0;J3","2"
"3697","J0:[0,3);J1:[0,4);J2:[0,6);J3:[3,5)","J0;J3","2","J0;J3","2","J0;J3","2","J3;J0","2","J0;J3","2"
"3698","J0:[0,3);J1:[0,4);J2:[0,6);J3:[3,6)","J0;J3","2","J0;J3","2","J0;J3","2","J0;J3","2","J0;J3","2"
"3699","J0:[0,3);J1:[0,4);J2:[0,6);J3:[4,5)","J0;J3","2","J0;J3","2","J0;J3","2","J3;J0","2","J1;J3","2"
"3700","J0:[0,3);J1:[0,4);J2:[0,6);J3:[4,6)","J0;J3","2","J0;J3","2","J0;J3","2","J3;J0","2","J1;J3","2"
"3701","J0:[0,3);J1:[0,4);J2:[0,6);J3:[5,6)","J0;J3","2","J0;J3","2","J0;J3","2","J3;J0","2","J1;J3","2"
"3702","J0:[0,3);J1:[0,4);J2:[1,2);J3:[1,3)","J0","1","J2","1","J0","1","J2","1","J3","1"
"3703","J0:[0,3);J1:[0,4);J2:[1,2);J3:[1,4)","J0","1","J2","1","J0","1","J2","1","J3","1"
"3704","J0:[0,3);J1:[0,4);J2:[1,2);J3:[1,5)","J0","1","J2","1","J0","1","J2","1","J3","1"
"3705","J0:[0,3);J1:[0,4);J2:[1,2);J3:[1,6)","J0","1","J2","1","J0","1","J2","1","J3","1"
"3706","J0:[0,3);J1:[0,4);J2:[1,2);J3:[2,3)","J2;J3","2","J2;J3","2","J0","1","J2;J3","2","J2;J3","2"
"3707","J0:[0,3);J1:[0,4);J2:[1,2);J3:[2,4)","J2;J3","2","J2;J3","2","J0","1","J2;J3","2","J2;J3","2"
"3708","J0:[0,3);J1:[0,4);J2:[1,2);J3:[2,5)","J2;J3","2","J2;J3","2","J0","1","J2;J3","2","J2;J3","2"
"3709","J0:[0,3);J1:[0,4);J2:[1,2);J3:[2,6)","J2;J3","2","J2;J3","2","J0","1","J2;J3","2","J2;J3","2"
"3710","J0:[0,3);J1:[0,4);J2:[1,2);J3:[3,4)","J0;J3","2","J2;J3","2","J0;J3","2","J2;J3","2","J2;J3","2"
"3711","J0:[0,3);J1:[0,4);J2:[1,2);J3:[3,5)","J0;J3","2","J2;J3","2","J0;J3","2","J2;J3","2","J2;J3","2"
"3712","J0:[0,3);J1:[0,4);J2:[1,2);J3:[3,6)","J0;J3","2","J2;J3","2","J0;J3","2","J2;J3","2","J2;J3","2"
"3713","J0:[0,3);J1:[0,4);J2:[1,2);J3:[4,5)","J0;J3","2","J2;J3","2","J0;J3","2","J2;J3","2","J2;J3","2"
"3714","J0:[0,3);J1:[0,4);J2:[1,2);J3:[4,6)","J0;J3","2","J2;J3","2","J0;J3","2","J2;J3","2","J2;J3","2"
"3715","J0:[0,3);J1:[0,4);J2:[1,2);J3:[5,6)","J0;J3","2","J2;J3","2","J0;J3","2","J2;J3","2","J2;J3","2"
"3716","J0:[0,3);J1:[0,4);J2:[1,3);J3:[1,4)","J0","1","J0","1","J0","1","J2","1","J3","1"
"3717","J0:[0,3);J1:[0,4);J2:[1,3);J3:[1,5)","J0","1","J0","1","J0","1","J2","1","J3","1"
"3718","J0:[0,3);J1:[0,4);J2:[1,3);J3:[1,6)","J0","1","J0","1","J0","1","J2","1","J3","1"
"3719","J0:[0,3);J1:[0,4);J2:[1,3);J3:[2,3)","J0","1","J0","1","J0","1","J3","1","J3","1"
"3720","J0:[0,3);J1:[0,4);J2:[1,3);J3:[2,4)","J0","1","J0","1","J0","1","J2","1","J3","1"
"3721","J0:[0,3);J1:[0,4);J2:[1,3);J3:[2,5)","J0","1","J0","1","J0","1","J2","1","J3","1"
"3722","J0:[0,3);J1:[0,4);J2:[1,3);J3:[2,6)","J0","1","J0","1","J0","1","J2","1","J3","1"
"3723","J0:[0,3);J1:[0,4);J2:[1,3);J3:[3,4)","J0;J3","2","J0;J3","2","J0;J3","2","J3;J2","2","J2;J3","2"
"3724","J0:[0,3);J1:[0,4);J2:[1,3);J3:[3,5)","J0;J3","2","J0;J3","2","J0;J3","2","J2;J3","2","J2;J3","2"
"3725","J0:[0,3);J1:[0,4);J2:[1,3);J3:[3,6)","J0;J3","2","J0;J3","2","J0;J3","2","J2;J3","2","J2;J3","2"
"3726","J0:[0,3);J1:[0,4);J2:[1,3);J3:[4,5)","J0;J3","2","J0;J3","2","J0;J3","2","J3;J2","2","J2;J3","2"
"3727","J0:[0,3);J1:[0,4);J2:[1,3);J3:[4,6)","J0;J3","2","J0;J3","2","J0;J3","2","J2;J3","2","J2;J3","2"
"3728","J0:[0,3);J1:[0,4);J2:[1,3);J3:[5,6)","J0;J3","2","J0;J3","2","J0;J3","2","J3;J2","2","J2;J3","2"
"3729","J0:[0,3);J1:[0,4);J2:[1,4);J3:[1,5)","J0","1","J0","1","J0","1","J0","1","J3","1"
"3730","J0:[0,3);J1:[0,4);J2:[1,4);J3:[1,6)","J0","1","J0","1","J0","1","J0","1","J3","1"
"3731","J0:[0,3);J1:[0,4);J2:[1,4);J3:[2,3)","J0","1","J0","1","J0","1","J3","1","J3","1"
"3732","J0:[0,3);J1:[0,4);J2:[1,4);J3:[2,4)","J0","1","J0","1","J0","1","J3","1","J3","1"
"3733","J0:[0,3);J1:[0,4);J2:[1,4);J3:[2,5)","J0","1","J0","1","J0","1","J0","1","J3","1"
"3734","J0:[0,3);J1:[0,4);J2:[1,4);J3:[2,6)","J0","1","J0","1","J0","1","J0","1","J3","1"
"3735","J0:[0,3);J1:[0,4);J2:[1,4);J3:[3,4)","J0;J3","2","J0;J3","2","J0;J3","2","J3;J0","2","J0;J3","2"
"3736","J0:[0,3);J1:[0,4);J2:[1,4);J3:[3,5)","J0;J3","2","J0;J3","2","J0;J3","2","J3;J0","2","J0;J3","2"
"3737","J0:[0,3);J1:[0,4);J2:[1,4);J3:[3,6)","J0;J3","2","J0;J3","2","J0;J3","2","J0;J3","2","J0;J3","2"
"3738","J0:[0,3);J1:[0,4);J2:[1,4);J3:[4,5)","J0;J3","2","J0;J3","2","J0;J3","2","J3;J0","2","J2;J3","2"
"3739","J0:[0,3);J1:[0,4);J2:[1,4);J3:[4,6)","J0;J3","2","J0;J3","2","J0;J3","2","J3;J0","2","J2;J3","2"
"3740","J0:[0,3);J1:[0,4);J2:[1,4);J3:[5,6)","J0;J3","2","J0;J3","2","J0;J3","2","J3;J0","2","J2;J3","2"
"3741","J0:[0,3);J1:[0,4);J2:[1,5);J3:[1,6)","J0","1","J0","1","J0","1","J0","1","J3","1"
"3742","J0:[0,3);J1:[0,4);J2:[1,5);J3:[2,3)","J0","1","J0","1","J0","1","J3","1","J3","1"
"3743","J0:[0,3);J1:[0,4);J2:[1,5);J3:[2,4)","J0","1","J0","1","J0","1","J3","1","J3","1"
"3744","J0:[0,3);J1:[0,4);J2:[1,5);J3:[2,5)","J0","1","J0","1","J0","1","J0","1","J3","1"
"3745","J0:[0,3);J1:[0,4);J2:[1,5);J3:[2,6)","J0","1","J0","1","J0","1","J0","1","J3","1"
"3746","J0:[0,3);J1:[0,4);J2:[1,5);J3:[3,4)","J0;J3","2","J0;J3","2","J0;J3","2","J3;J0","2","J0;J3","2"
"3747","J0:[0,3);J1:[0,4);J2:[1,5);J3:[3,5)","J0;J3","2","J0;J3","2","J0;J3","2","J3;J0","2","J0;J3","2"
"3748","J0:[0,3);J1:[0,4);J2:[1,5);J3:[3,6)","J0;J3","2","J0;J3","2","J0;J3","2","J0;J3","2","J0;J3","2"
"3749","J0:[0,3);J1:[0,4);J2:[1,5);J3:[4,5)","J0;J3","2","J0;J3","2","J0;J3","2","J3;J0","2","J1;J3","2"
"3750","J0:[0,3);J1:[0,4);J2:[1,5);J3:[4,6)","J0;J3","2","J0;J3","2","J0;J3","2","J3;J0","2","J1;J3","2"
"3751","J0:[0,3);J1:[0,4);J2:[1,5);J3:[5,6)","J0;J3","2","J0;J3","2","J0;J3","2","J3;J0","2","J2;J3","2"
"3752","J0:[0,3);J1:[0,4);J2:[1,6);J3:[2,3)","J0","1","J0","1","J0","1","J3","1","J3","1"
"3753","J0:[0,3);J1:[0,4);J2:[1,6);J3:[2,4)","J0","1","J0","1","J0","1","J3","1","J3","1"
"3754","J0:[0,3);J1:[0,4);J2:[1,6);J3:[2,5)","J0","1","J0","1","J0","1","J0","1","J3","1"
"3755","J0:[0,3);J1:[0,4);J2:[1,6);J3:[2,6)","J0","1","J0","1","J0","1","J0","1","J3","1"
"3756","J0:[0,3);J1:[0,4);J2:[1,6);J3:[3,4)","J0;J3","2","J0;J3","2","J0;J3","2","J3;J0","2","J0;J3","2"
"3757","J0:[0,3);J1:[0,4);J2:[1,6);J3:[3,5)","J0;J3","2","J0;J3","2","J0;J3","2","J3;J0","2","J0;J3","2"
"3758","J0:[0,3);J1:[0,4);J2:[1,6);J3:[3,6)","J0;J3","2","J0;J3","2","J0;J3","2","J0;J3","2","J0;J3","2"
"3759","J0:[0,3);J1:[0,4);J2:[1,6);J3:[4,5)","J0;J3","2","J0;J3","2","J0;J3","2","J3;J0","2","J1;J3","2"
"3760","J0:[0,3);J1:[0,4);J2:[1,6);J3:[4,6)","J0;J3","2","J0;J3","2","J0;J3","2","J3;J0","2","J1;J3","2"
"3761","J0:[0,3);J1:[0,4);J2:[1,6);J3:[5,6)","J0;J3","2","J0;J3","2","J0;J3","2","J3;J0","2","J1;J3","2"
"3762","J0:[0,3);J1:[0,4);J2:[2,3);J3:[2,4)","J0","1","J0","1","J0","1","J2","1","J3","1"
"3763","J0:[0,3);J1:[0,4);J2:[2,3);J3:[2,5)","J0","1","J0","1","J0","1","J2","1","J3","1"
"3764","J0:[0,3);J1:[0,4);J2:[2,3);J3:[2,6)","J0","1","J0","1","J0","1","J2","1","J3","1"
"3765","J0:[0,3);J1:[0,4);J2:[2,3);J3:[3,4)","J0;J3","2","J0;J3","2","J0;J3","2","J2;J3","2","J2;J3","2"
"3766","J0:[0,3);J1:[0,4);J2:[2,3);J3:[3,5)","J0;J3","2","J0;J3","2","J0;J3","2","J2;J3","2","J2;J3","2"
"3767","J0:[0,3);J1:[0,4);J2:[2,3);J3:[3,6)","J0;J3","2","J0;J3","2","J0;J3","2","J2;J3","2","J2;J3","2"
"3768","J0:[0,3);J1:[0,4);J2:[2,3);J3:[4,5)","J0;J3","2","J0;J3","2","J0;J3","2","J2;J3","2","J2;J3","2"
"3769","J0:[0,3);J1:[0,4);J2:[2,3);J3:[4,6)","J0;J3","2","J0;J3","2","J0;J3","2","J2;J3","2","J2;J3","2"
"3770","J0:[0,3);J1:[0,4);J2:[2,3);J3:[5,6)","J0;J3","2","J0;J3","2","J0;J3","2","J2;J3","2","J2;J3","2"
"3771","J0:[0,3);J1:[0,4);J2:[2,4);J3:[2,5)","J0","1","J0","1","J0","1","J2","1","J3","1"
"3772","J0:[0,3);J1:[0,4);J2:[2,4);J3:[2,6)","J0","1","J0","1","J0","1","J2","1","J3","1"
"3773","J0:[0,3);J1:[0,4);J2:[2,4);J3:[3,4)","J0;J3","2","J0;J3","2","J0;J3","2","J3;J0","2","J0;J3","2"
"3774","J0:[0,3);J1:[0,4);J2:[2,4);J3:[3,5)","J0;J3","2","J0;J3","2","J0;J3","2","J2","1","J0;J3","2"
"3775","J0:[0,3);J1:[0,4);J2:[2,4);J3:[3,6)","J0;J3","2","J0;J3","2","J0;J3","2","J2","1","J0;J3","2"
"3776","J0:[0,3);J1:[0,4);J2:[2,4);J3:[4,5)","J0;J3","2","J0;J3","2","J0;J3","2","J3;J2","2","J2;J3","2"
"3777","J0:[0,3);J1:[0,4);J2:[2,4);J3:[4,6)","J0;J3","2","J0;J3","2","J0;J3","2","J2;J3","2","J2;J3","2"
"3778","J0:[0,3);J1:[0,4);J2:[2,4);J3:[5,6)","J0;J3","2","J0;J3","2","J0;J3","2","J3;J2","2","J2;J3","2"
"3779","J0:[0,3);J1:[0,4);J2:[2,5);J3:[2,6)","J0","1","J0","1","J0","1","J0","1","J3","1"
"3780","J0:[0,3);J1:[0,4);J2:[2,5);J3:[3,4)","J0;J3","2","J0;J3","2","J0;J3","2","J3;J0","2","J0;J3","2"
"3781","J0:[0,3);J1:[0,4);J2:[2,5);J3:[3,5)","J0;J3","2","J0;J3","2","J0;J3","2","J3;J0","2","J0;J3","2"
"3782","J0:[0,3);J1:[0,4);J2:[2,5);J3:[3,6)","J0;J3","2","J0;J3","2","J0;J3","2","J0;J3","2","J0;J3","2"
"3783","J0:[0,3);J1:[0,4);J2:[2,5);J3:[4,5)","J0;J3","2","J0;J3","2","J0;J3","2","J3;J0","2","J1;J3","2"
"3784","J0:[0,3);J1:[0,4);J2:[2,5);J3:[4,6)","J0;J3","2","J0;J3","2","J0;J3","2","J3;J0","2","J1;J3","2"
"3785","J0:[0,3);J1:[0,4);J2:[2,5);J3:[5,6)","J0;J3","2","J0;J3","2","J0;J3","2","J3;J0","2","J2;J3","2"
"3786","J0:[0,3);J1:[0,4);J2:[2,6);J3:[3,4)","J0;J3","2","J0;J3","2","J0;J3","2","J3;J0","2","J0;J3","2"
"3787","J0:[0,3);J1:[0,4);J2:[2,6);J3:[3,5)","J0;J3","2","J0;J3","2","J0;J3","2","J3;J0","2","J0;J3","2"
"3788","J0:[0,3);J1:[0,4);J2:[2,6);J3:[3,6)","J0;J3","2","J0;J3","2","J0;J3","2","J0;J3","2","J0;J3","2"
"3789","J0:[0,3);J1:[0,4);J2:[2,6);J3:[4,5)","J0;J3","2","J0;J3","2","J0;J3","2","J3;J0","2","J1;J3","2"
"3790","J0:[0,3);J1:[0,4);J2:[2,6);J3:[4,6)","J0;J3","2","J0;J3","2","J0;J3","2","J3;J0","2","J1;J3","2"
"3791","J0:[0,3);J1:[0,4);J2:[2,6);J3:[5,6)","J0;J3","2","J0;J3","2","J0;J3","2","J3;J0","2","J1;J3","2"
"3792","J0:[0,3);J1:[0,4);J2:[3,4);J3:[3,5)","J0;J2","2","J0;J2","2","J0;J2","2","J2;J0","2","J0;J3","2"
"3793","J0:[0,3);J1:[0,4);J2:[3,4);J3:[3,6)","J0;J2","2","J0;J2","2","J0;J2","2","J2;J0","2","J0;J3","2"
"3794","J0:[0,3);J1:[0,4);J2:[3,4);J3:[4,5)","J0;J2;J3","3","J0;J2;J3","3","J0;J2;J3","3","J2;J3;J0","3","J0;J2;J3","3"
"3795","J0:[0,3);J1:[0,4);J2:[3,4);J3:[4,6)","J0;J2;J3","3","J0;J2;J3","3","J0;J2;J3","3","J2;J3;J0","3","J0;J2;J3","3"
"3796","J0:[0,3);J1:[0,4);J2:[3,4);J3:[5,6)","J0;J2;J3","3","J0;J2;J3","3","J0;J2;J3","3","J2;J3;J0","3","J0;J2;J3","3"
"3797","J0:[0,3);J1:[0,4);J2:[3,5);J3:[3,6)","J0;J2","2","J0;J2","2","J0;J2","2","J2;J0","2","J0;J3","2"
"3798","J0:[0,3);J1:[0,4);J2:[3,5);J3:[4,5)","J0;J2","2","J0;J2","2","J0;J2","2","J3;J0","2","J1;J3","2"
"3799","J0:[0,3);J1:[0,4);J2:[3,5);J3:[4,6)","J0;J2","2","J0;J2","2","J0;J2","2","J2;J0","2","J1;J3","2"
"3800","J0:[0,3);J1:[0,4);J2:[3,5);J3:[5,6)","J0;J2;J3","3","J0;J2;J3","3","J0;J2;J3","3","J3;J2;J0","3","J0;J2;J3","3"
"3801","J0:[0,3);J1:[0,4);J2:[3,6);J3:[4,5)","J0;J2","2","J0;J3","2","J0;J2","2","J3;J0","2","J1;J3","2"
"3802","J0:[0,3);J1:[0,4);J2:[3,6);J3:[4,6)","J0;J2","2","J0;J2","2","J0;J2","2","J3;J0","2","J1;J3","2"
"3803","J0:[0,3);J1:[0,4);J2:[3,6);J3:[5,6)","J0;J2","2","J0;J2","2","J0;J2","2","J3;J0","2","J1;J3","2"
"3804","J0:[0,3);J1:[0,4);J2:[4,5);J3:[4,6)","J0;J2","2","J0;J2","2","J0;J2","2","J2;J0","2","J1;J3","2"
"3805","J0:[0,3);J1:[0,4);J2:[4,5);J3:[5,6)","J0;J2;J3","3","J0;J2;J3","3","J0;J2;J3","3","J2;J3;J0","3","J1;J2;J3","3"
"3806","J0:[0,3);J1:[0,4);J2:[4,6);J3:[5,6)","J0;J2","2","J0;J2","2","J0;J2","2","J3;J0","2","J1;J3","2"
"3807","J0:[0,3);J1:[0,5);J2:[0,6);J3:[1,2)","J0","1","J3","1","J0","1","J3","1","J3","1"
"3808","J0:[0,3);J1:[0,5);J2:[0,6);J3:[1,3)","J0","1","J0","1","J0","1","J3","1","J3","1"
"3809","J0:[0,3);J1:[0,5);J2:[0,6);J3:[1,4)","J0","1","J0","1","J0","1","J0","1","J3","1"
"3810","J0:[0,3);J1:[0,5);J2:[0,6);J3:[1,5)","J0","1","J0","1","J0","1","J0","1","J3","1"
"3811","J0:[0,3);J1:[0,5);J2:[0,6);J3:[1,6)","J0","1","J0","1","J0","1","J0","1","J3","1"
"3812","J0:[0,3);J1:[0,5);J2:[0,6);J3:[2,3)","J0","1","J0","1","J0","1","J3","1","J3","1"
"3813","J0:[0,3);J1:[0,5);J2:[0,6);J3:[2,4)","J0","1","J0","1","J0","1","J3","1","J3","1"
"3814","J0:[0,3);J1:[0,5);J2:[0,6);J3:[2,5)","J0","1","J0","1","J0","1","J0","1","J3","1"
"3815","J0:[0,3);J1:[0,5);J2:[0,6);J3:[2,6)","J0","1","J0","1","J0","1","J0","1","J3","1"
"3816","J0:[0,3);J1:[0,5);J2:[0,6);J3:[3,4)","J0;J3","2","J0;J3","2","J0;J3","2","J3;J0","2","J0;J3","2"
"3817","J0:[0,3);J1:[0,5);J2:[0,6);J3:[3,5)","J0;J3","2","J0;J3","2","J0;J3","2","J3;J0","2","J0;J3","2"
"3818","J0:[0,3);J1:[0,5);J2:[0,6);J3:[3,6)","J0;J3","2","J0;J3","2","J0;J3","2","J0;J3","2","J0;J3","2"
"3819","J0:[0,3);J1:[0,5);J2:[0,6);J3:[4,5)","J0;J3","2","J0;J3","2","J0;J3","2","J3;J0","2","J0;J3","2"
"3820","J0:[0,3);J1:[0,5);J2:[0,6);J3:[4,6)","J0;J3","2","J0;J3","2","J0;J3","2","J3;J0","2","J0;J3","2"
"3821","J0:[0,3);J1:[0,5);J2:[0,6);J3:[5,6)","J0;J3","2","J0;J3","2","J0;J3","2","J3;J0","2","J1;J3","2"
"3822","J0:[0,3);J1:[0,5);J2:[1,2);J3:[1,3)","J0","1","J2","1","J0","1","J2","1","J3","1"
"3823","J0:[0,3);J1:[0,5);J2:[1,2);J3:[1,4)","J0","1","J2","1","J0","1","J2","1","J3","1"
"3824","J0:[0,3);J1:[0,5);J2:[1,2);J3:[1,5)","J0","1","J2","1","J0","1","J2","1","J3","1"
"3825","J0:[0,3);J1:[0,5);J2:[1,2);J3:[1,6)","J0","1","J2","1","J0","1","J2","1","J3","1"
"3826","J0:[0,3);J1:[0,5);J2:[1,2);J3:[2,3)","J2;J3","2","J2;J3","2","J0","1","J2;J3","2","J2;J3","2"
"3827","J0:[0,3);J1:[0,5);J2:[1,2);J3:[2,4)","J2;J3","2","J2;J3","2","J0","1","J2;J3","2","J2;J3","2"
"3828","J0:[0,3);J1:[0,5);J2:[1,2);J3:[2,5)","J2;J3","2","J2;J3","2","J0","1","J2;J3","2","J2;J3","2"
"3829","J0:[0,3);J1:[0,5);J2:[1,2);J3:[2,6)","J2;J3","2","J2;J3","2","J0","1","J2;J3","2","J2;J3","2"
"3830","J0:[0,3);J1:[0,5);J2:[1,2);J3:[3,4)","J0;J3","2","J2;J3","2","J0;J3","2","J2;J3","2","J2;J3","2"
"3831","J0:[0,3);J1:[0,5);J2:[1,2);J3:[3,5)","J0;J3","2","J2;J3","2","J0;J3","2","J2;J3","2","J2;J3","2"
"3832","J0:[0,3);J1:[0,5);J2:[1,2);J3:[3,6)","J0;J3","2","J2;J3","2","J0;J3","2","J2;J3","2","J2;J3","2"
"3833","J0:[0,3);J1:[0,5);J2:[1,2);J3:[4,5)","J0;J3","2","J2;J3","2","J0;J3","2","J2;J3","2","J2;J3","2"
"3834","J0:[0,3);J1:[0,5);J2:[1,2);J3:[4,6)","J0;J3","2","J2;J3","2","J0;J3","2","J2;J3","2","J2;J3","2"
"3835","J0:[0,3);J1:[0,5);J2:[1,2);J3:[5,6)","J0;J3","2","J2;J3","2","J0;J3","2","J2;J3","2","J2;J3","2"
"3836","J0:[0,3);J1:[0,5);J2:[1,3);J3:[1,4)","J0","1","J0","1","J0","1","J2","1","J3","1"
"3837","J0:[0,3);J1:[0,5);J2:[1,3);J3:[1,5)","J0","1","J0","1","J0","1","J2","1","J3","1"
"3838","J0:[0,3);J1:[0,5);J2:[1,3);J3:[1,6)","J0","1","J0","1","J0","1","J2","1","J3","1"
"3839","J0:[0,3);J1:[0,5);J2:[1,3);J3:[2,3)","J0","1","J0","1","J0","1","J3","1","J3","1"
"3840","J0:[0,3);J1:[0,5);J2:[1,3);J3:[2,4)","J0","1","J0","1","J0","1","J2","1","J3","1"
"3841","J0:[0,3);J1:[0,5);J2:[1,3);J3:[2,5)","J0","1","J0","1","J0","1","J2","1","J3","1"
"3842","J0:[0,3);J1:[0,5);J2:[1,3);J3:[2,6)","J0","1","J0","1","J0","1","J2","1","J3","1"
"3843","J0:[0,3);J1:[0,5);J2:[1,3);J3:[3,4)","J0;J3","2","J0;J3","2","J0;J3","2","J3;J2","2","J2;J3","2"
"3844","J0:[0,3);J1:[0,5);J2:[1,3);J3:[3,5)","J0;J3","2","J0;J3","2","J0;J3","2","J2;J3","2","J2;J3","2"
"3845","J0:[0,3);J1:[0,5);J2:[1,3);J3:[3,6)","J0;J3","2","J0;J3","2","J0;J3","2","J2;J3","2","J2;J3","2"
"3846","J0:[0,3);J1:[0,5);J2:[1,3);J3:[4,5)","J0;J3","2","J0;J3","2","J0;J3","2","J3;J2","2","J2;J3","2"
"3847","J0:[0,3);J1:[0,5);J2:[1,3);J3:[4,6)","J0;J3","2","J0;J3","2","J0;J3","2","J2;J3","2","J2;J3","2"
"3848","J0:[0,3);J1:[0,5);J2:[1,3);J3:[5,6)","J0;J3","2","J0;J3","2","J0;J3","2","J3;J2","2","J2;J3","2"
"3849","J0:[0,3);J1:[0,5);J2:[1,4);J3:[1,5)","J0","1","J0","1","J0","1","J0","1","J3","1"
"3850","J0:[0,3);J1:[0,5);J2:[1,4);J3:[1,6)","J0","1","J0","1","J0","1","J0","1","J3","1"
"3851","J0:[0,3);J1:[0,5);J2:[1,4);J3:[2,3)","J0","1","J0","1","J0","1","J3","1","J3","1"
"3852","J0:[0,3);J1:[0,5);J2:[1,4);J3:[2,4)","J0","1","J0","1","J0","1","J3","1","J3","1"
"3853","J0:[0,3);J1:[0,5);J2:[1,4);J3:[2,5)","J0","1","J0","1","J0","1","J0","1","J3","1"
"3854","J0:[0,3);J1:[0,5);J2:[1,4);J3:[2,6)","J0","1","J0","1","J0","1","J0","1","J3","1"
"3855","J0:[0,3);J1:[0,5);J2:[1,4);J3:[3,4)","J0;J3","2","J0;J3","2","J0;J3","2","J3;J0","2","J0;J3","2"
"3856","J0:[0,3);J1:[0,5);J2:[1,4);J3:[3,5)","J0;J3","2","J0;J3","2","J0;J3","2","J3;J0","2","J0;J3","2"
"3857","J0:[0,3);J1:[0,5);J2:[1,4);J3:[3,6)","J0;J3","2","J0;J3","2","J0;J3","2","J0;J3","2","J0;J3","2"
"3858","J0:[0,3);J1:[0,5);J2:[1,4);J3:[4,5)","J0;J3","2","J0;J3","2","J0;J3","2","J3;J0","2","J2;J3","2"
"3859","J0:[0,3);J1:[0,5);J2:[1,4);J3:[4,6)","J0;J3","2","J0;J3","2","J0;J3","2","J3;J0","2","J2;J3","2"
"3860","J0:[0,3);J1:[0,5);J2:[1,4);J3:[5,6)","J0;J3","2","J0;J3","2","J0;J3","2","J3;J0","2","J2;J3","2"
"3861","J0:[0,3);J1:[0,5);J2:[1,5);J3:[1,6)","J0","1","J0","1","J0","1","J0","1","J3","1"
"3862","J0:[0,3);J1:[0,5);J2:[1,5);J3:[2,3)","J0","1","J0","1","J0","1","J3","1","J3","1"
"3863","J0:[0,3);J1:[0,5);J2:[1,5);J3:[2,4)","J0","1","J0","1","J0","1","J3","1","J3","1"
"3864","J0:[0,3);J1:[0,5);J2:[1,5);J3:[2,5)","J0","1","J0","1","J0","1","J0","1","J3","1"
"3865","J0:[0,3);J1:[0,5);J2:[1,5);J3:[2,6)","J0","1","J0","1","J0","1","J0","1","J3","1"
"3866","J0:[0,3);J1:[0,5);J2:[1,5);J3:[3,4)","J0;J3","2","J0;J3","2","J0;J3","2","J3;J0","2","J0;J3","2"
"3867","J0:[0,3);J1:[0,5);J2:[1,5);J3:[3,5)","J0;J3","2","J0;J3","2","J0;J3","2","J3;J0","2","J0;J3","2"
"3868","J0:[0,3);J1:[0,5);J2:[1,5);J3:[3,6)","J0;J3","2","J0;J3","2","J0;J3","2","J0;J3","2","J0;J3","2"
"3869","J0:[0,3);J1:[0,5);J2:[1,5);J3:[4,5)","J0;J3","2","J0;J3","2","J0;J3","2","J3;J0","2","J0;J3","2"
"3870","J0:[0,3);J1:[0,5);J2:[1,5);J3:[4,6)","J0;J3","2","J0;J3","2","J0;J3","2","J3;J0","2","J0;J3","2"
"3871","J0:[0,3);J1:[0,5);J2:[1,5);J3:[5,6)","J0;J3","2","J0;J3","2","J0;J3","2","J3;J0","2","J2;J3","2"
"3872","J0:[0,3);J1:[0,5);J2:[1,6);J3:[2,3)","J0","1","J0","1","J0","1","J3","1","J3","1"
"3873","J0:[0,3);J1:[0,5);J2:[1,6);J3:[2,4)","J0","1","J0","1","J0","1","J3","1","J3","1"
"3874","J0:[0,3);J1:[0,5);J2:[1,6);J3:[2,5)","J0","1","J0","1","J0","1","J0","1","J3","1"
"3875","J0:[0,3);J1:[0,5);J2:[1,6);J3:[2,6)","J0","1","J0","1","J0","1","J0","1","J3","1"
"3876","J0:[0,3);J1:[0,5);J2:[1,6);J3:[3,4)","J0;J3","2","J0;J3","2","J0;J3","2","J3;J0","2","J0;J3","2"
"3877","J0:[0,3);J1:[0,5);J2:[1,6);J3:[3,5)","J0;J3","2","J0;J3","2","J0;J3","2","J3;J0","2","J0;J3","2"
"3878","J0:[0,3);J1:[0,5);J2:[1,6);J3:[3,6)","J0;J3","2","J0;J3","2","J0;J3","2","J0;J3","2","J0;J3","2"
"3879","J0:[0,3);J1:[0,5);J2:[1,6);J3:[4,5)","J0;J3","2","J0;J3","2","J0;J3","2","J3;J0","2","J0;J3","2"
"3880","J0:[0,3);J1:[0,5);J2:[1,6);J3:[4,6)","J0;J3","2","J0;J3","2","J0;J3","2","J3;J0","2","J0;J3","2"
"3881","J0:[0,3);J1:[0,5);J2:[1,6);J3:[5,6)","J0;J3","2","J0;J3","2","J0;J3","2","J3;J0","2","J1;J3","2"
"3882","J0:[0,3);J1:[0,5);J2:[2,3);J3:[2,4)","J0","1","J0","1","J0","1","J2","1","J3","1"
"3883","J0:[0,3);J1:[0,5);J2:[2,3);J3:[2,5)","J0","1","J0","1","J0","1","J2","1","J3","1"
"3884","J0:[0,3);J1:[0,5);J2:[2,3);J3:[2,6)","J0","1","J0","1","J0","1","J2","1","J3","1"
"3885","J0:[0,3);J1:[0,5);J2:[2,3);J3:[3,4)","J0;J3","2","J0;J3","2","J0;J3","2","J2;J3","2","J2;J3","2"
"3886","J0:[0,3);J1:[0,5);J2:[2,3);J3:[3,5)","J0;J3","2","J0;J3","2","J0;J3","2","J2;J3","2","J2;J3","2"
"3887","J0:[0,3);J1:[0,5);J2:[2,3);J3:[3,6)","J0;J3","2","J0;J3","2","J0;J3","2","J2;J3","2","J2;J3","2"
"3888","J0:[0,3);J1:[0,5);J2:[2,3);J3:[4,5)","J0;J3","2","J0;J3","2","J0;J3","2","J2;J3","2","J2;J3","2"
"3889","J0:[0,3);J1:[0,5);J2:[2,3);J3:[4,6)","J0;J3","2","J0;J3","2","J0;J3","2","J2;J3","2","J2;J3","2"
"3890","J0:[0,3);J1:[0,5);J2:[2,3);J3:[5,6)","J0;J3","2","J0;J3","2","J0;J3","2","J2;J3","2","J2;J3","2"
"3891","J0:[0,3);J1:[0,5);J2:[2,4);J3:[2,5)","J0","1","J0","1","J0","1","J2","1","J3","1"
"3892","J0:[0,3);J1:[0,5);J2:[2,4);J3:[2,6)","J0","1","J0","1","J0","1","J2","1","J3","1"
"3893","J0:[0,3);J1:[0,5);J2:[2,4);J3:[3,4)","J0;J3","2","J0;J3","2","J0;J3","2","J3;J0","2","J0;J3","2"
"3894","J0:[0,3);J1:[0,5);J2:[2,4);J3:[3,5)","J0;J3","2","J0;J3","2","J0;J3","2","J2","1","J0;J3","2"
"3895","J0:[0,3);J1:[0,5);J2:[2,4);J3:[3,6)","J0;J3","2","J0;J3","2","J0;J3","2","J2","1","J0;J3","2"
"3896","J0:[0,3);J1:[0,5);J2:[2,4);J3:[4,5)","J0;J3","2","J0;J3","2","J0;J3","2","J3;J2","2","J2;J3","2"
"3897","J0:[0,3);J1:[0,5);J2:[2,4);J3:[4,6)","J0;J3","2","J0;J3","2","J0;J3","2","J2;J3","2","J2;J3","2"
"3898","J0:[0,3);J1:[0,5);J2:[2,4);J3:[5,6)","J0;J3","2","J0;J3","2","J0;J3","2","J3;J2","2","J2;J3","2"
"3899","J0:[0,3);J1:[0,5);J2:[2,5);J3:[2,6)","J0","1","J0","1","J0","1","J0","1","J3","1"
"3900","J0:[0,3);J1:[0,5);J2:[2,5);J3:[3,4)","J0;J3","2","J0;J3","2","J0;J3","2","J3;J0","2","J0;J3","2"
"3901","J0:[0,3);J1:[0,5);J2:[2,5);J3:[3,5)","J0;J3","2","J0;J3","2","J0;J3","2","J3;J0","2","J0;J3","2"
"3902","J0:[0,3);J1:[0,5);J2:[2,5);J3:[3,6)","J0;J3","2","J0;J3","2","J0;J3","2","J0;J3","2","J0;J3","2"
"3903","J0:[0,3);J1:[0,5);J2:[2,5);J3:[4,5)","J0;J3","2","J0;J3","2","J0;J3","2","J3;J0","2","J0;J3","2"
"3904","J0:[0,3);J1:[0,5);J2:[2,5);J3:[4,6)","J0;J3","2","J0;J3","2","J0;J3","2","J3;J0","2","J0;J3","2"
"3905","J0:[0,3);J1:[0,5);J2:[2,5);J3:[5,6)","J0;J3","2","J0;J3","2","J0;J3","2","J3;J0","2","J2;J3","2"
"3906","J0:[0,3);J1:[0,5);J2:[2,6);J3:[3,4)","J0;J3","2","J0;J3","2","J0;J3","2","J3;J0","2","J0;J3","2"
"3907","J0:[0,3);J1:[0,5);J2:[2,6);J3:[3,5)","J0;J3","2","J0;J3","2","J0;J3","2","J3;J0","2","J0;J3","2"
"3908","J0:[0,3);J1:[0,5);J2:[2,6);J3:[3,6)","J0;J3","2","J0;J3","2","J0;J3","2","J0;J3","2","J0;J3","2"
"3909","J0:[0,3);J1:[0,5);J2:[2,6);J3:[4,5)","J0;J3","2","J0;J3","2","J0;J3","2","J3;J0","2","J0;J3","2"
"3910","J0:[0,3);J1:[0,5);J2:[2,6);J3:[4,6)","J0;J3","2","J0;J3","2","J0;J3","2","J3;J0","2","J0;J3","2"
"3911","J0:[0,3);J1:[0,5);J2:[2,6);J3:[5,6)","J0;J3","2","J0;J3","2","J0;J3","2","J3;J0","2","J1;J3","2"
"3912","J0:[0,3);J1:[0,5);J2:[3,4);J3:[3,5)","J0;J2","2","J0;J2","2","J0;J2","2","J2;J0","2","J0;J3","2"
"3913","J0:[0,3);J1:[0,5);J2:[3,4);J3:[3,6)","J0;J2","2","J0;J2","2","J0;J2","2","J2;J0","2","J0;J3","2"
"3914","J0:[0,3);J1:[0,5);J2:[3,4);J3:[4,5)","J0;J2;J3","3","J0;J2;J3","3","J0;J2;J3","3","J2;J3;J0","3","J0;J2;J3","3"
"3915","J0:[0,3);J1:[0,5);J2:[3,4);J3:[4,6)","J0;J2;J3","3","J0;J2;J3","3","J0;J2;J3","3","J2;J3;J0","3","J0;J2;J3","3"
"3916","J0:[0,3);J1:[0,5);J2:[3,4);J3:[5,6)","J0;J2;J3","3","J0;J2;J3","3","J0;J2;J3","3","J2;J3;J0","3","J0;J2;J3","3"
"3917","J0:[0,3);J1:[0,5);J2:[3,5);J3:[3,6)","J0;J2","2","J0;J2","2","J0;J2","2","J2;J0","2","J0;J3","2"
"3918","J0:[0,3);J1:[0,5);J2:[3,5);J3:[4,5)","J0;J2","2","J0;J2","2","J0;J2","2","J3;J0","2","J0;J3","2"
"3919","J0:[0,3);J1:[0,5);J2:[3,5);J3:[4,6)","J0;J2","2","J0;J2","2","J0;J2","2","J2;J0","2","J0;J3","2"
"3920","J0:[0,3);J1:[0,5);J2:[3,5);J3:[5,6)","J0;J2;J3","3","J0;J2;J3","3","J0;J2;J3","3","J3;J2;J0","3","J0;J2;J3","3"
"3921","J0:[0,3);J1:[0,5);J2:[3,6);J3:[4,5)","J0;J2","2","J0;J3","2","J0;J2","2","J3;J0","2","J0;J3","2"
"3922","J0:[0,3);J1:[0,5);J2:[3,6);J3:[4,6)","J0;J2","2","J0;J2","2","J0;J2","2","J3;J0","2","J0;J3","2"
"3923","J0:[0,3);J1:[0,5);J2:[3,6);J3:[5,6)","J0;J2","2","J0;J2","2","J0;J2","2","J3;J0","2","J1;J3","2"
"3924","J0:[0,3);J1:[0,5);J2:[4,5);J3:[4,6)","J0;J2","2","J0;J2","2","J0;J2","2","J2;J0","2","J0;J3","2"
"3925","J0:[0,3);J1:[0,5);J2:[4,5);J3:[5,6)","J0;J2;J3","3","J0;J2;J3","3","J0;J2;J3","3","J2;J3;J0","3","J0;J2;J3","3"
"3926","J0:[0,3);J1:[0,5);J2:[4,6);J3:[5,6)","J0;J2","2","J0;J2","2","J0;J2","2","J3;J0","2","J1;J3","2"
"3927","J0:[0,3);J1:[0,6);J2:[1,2);J3:[1,3)","J0","1","J2","1","J0","1","J2","1","J3","1"
"3928","J0:[0,3);J1:[0,6);J2:[1,2);J3:[1,4)","J0","1","J2","1","J0","1","J2","1","J3","1"
"3929","J0:[0,3);J1:[0,6);J2:[1,2);J3:[1,5)","J0","1","J2","1","J0","1","J2","1","J3","1"
"3930","J0:[0,3);J1:[0,6);J2:[1,2);J3:[1,6)","J0","1","J2","1","J0","1","J2","1","J3","1"
"3931","J0:[0,3);J1:[0,6);J2:[1,2);J3:[2,3)","J2;J3","2","J2;J3","2","J0","1","J2;J3","2","J2;J3","2"
"3932","J0:[0,3);J1:[0,6);J2:[1,2);J3:[2,4)","J2;J3","2","J2;J3","2","J0","1","J2;J3","2","J2;J3","2"
"3933","J0:[0,3);J1:[0,6);J2:[1,2);J3:[2,5)","J2;J3","2","J2;J3","2","J0","1","J2;J3","2","J2;J3","2"
"3934","J0:[0,3);J1:[0,6);J2:[1,2);J3:[2,6)","J2;J3","2","J2;J3","2","J0","1","J2;J3","2","J2;J3","2"
"3935","J0:[0,3);J1:[0,6);J2:[1,2);J3:[3,4)","J0;J3","2","J2;J3","2","J0;J3","2","J2;J3","2","J2;J3","2"
"3936","J0:[0,3);J1:[0,6);J2:[1,2);J3:[3,5)","J0;J3","2","J2;J3","2","J0;J3","2","J2;J3","2","J2;J3","2"
"3937","J0:[0,3);J1:[0,6);J2:[1,2);J3:[3,6)","J0;J3","2","J2;J3","2","J0;J3","2","J2;J3","2","J2;J3","2"
"3938","J0:[0,3);J1:[0,6);J2:[1,2);J3:[4,5)","J0;J3","2","J2;J3","2","J0;J3","2","J2;J3","2","J2;J3","2"
"3939","J0:[0,3);J1:[0,6);J2:[1,2);J3:[4,6)","J0;J3","2","J2;J3","2","J0;J3","2","J2;J3","2","J2;J3","2"
"3940","J0:[0,3);J1:[0,6);J2:[1,2);J3:[5,6)","J0;J3","2","J2;J3","2","J0;J3","2","J2;J3","2","J2;J3","2"
"3941","J0:[0,3);J1:[0,6);J2:[1,3);J3:[1,4)","J0","1","J0","1","J0","1","J2","1","J3","1"
"3942","J0:[0,3);J1:[0,6);J2:[1,3);J3:[1,5)","J0","1","J0","1","J0","1","J2","1","J3","1"
"3943","J0:[0,3);J1:[0,6);J2:[1,3);J3:[1,6)","J0","1","J0","1","J0","1","J2","1","J3","1"
"3944","J0:[0,3);J1:[0,6);J2:[1,3);J3:[2,3)","J0","1","J0","1","J0","1","J3","1","J3","1"
"3945","J0:[0,3);J1:[0,6);J2:[1,3);J3:[2,4)","J0","1","J0","1","J0","1","J2","1","J3","1"
"3946","J0:[0,3);J1:[0,6);J2:[1,3);J3:[2,5)","J0","1","J0","1","J0","1","J2","1","J3","1"
"3947","J0:[0,3);J1:[0,6);J2:[1,3);J3:[2,6)","J0","1","J0","1","J0","1","J2","1","J3","1"
"3948","J0:[0,3);J1:[0,6);J2:[1,3);J3:[3,4)","J0;J3","2","J0;J3","2","J0;J3","2","J3;J2","2","J2;J3","2"
"3949","J0:[0,3);J1:[0,6);J2:[1,3);J3:[3,5)","J0;J3","2","J0;J3","2","J0;J3","2","J2;J3","2","J2;J3","2"
"3950","J0:[0,3);J1:[0,6);J2:[1,3);J3:[3,6)","J0;J3","2","J0;J3","2","J0;J3","2","J2;J3","2","J2;J3","2"
"3951","J0:[0,3);J1:[0,6);J2:[1,3);J3:[4,5)","J0;J3","2","J0;J3","2","J0;J3","2","J3;J2","2","J2;J3","2"
"3952","J0:[0,3);J1:[0,6);J2:[1,3);J3:[4,6)","J0;J3","2","J0;J3","2","J0;J3","2","J2;J3","2","J2;J3","2"
"3953","J0:[0,3);J1:[0,6);J2:[1,3);J3:[5,6)","J0;J3","2","J0;J3","2","J0;J3","2","J3;J2","2","J2;J3","2"
"3954","J0:[0,3);J1:[0,6);J2:[1,4);J3:[1,5)","J0","1","J0","1","J0","1","J0","1","J3","1"
"3955","J0:[0,3);J1:[0,6);J2:[1,4);J3:[1,6)","J0","1","J0","1","J0","1","J0","1","J3","1"
"3956","J0:[0,3);J1:[0,6);J2:[1,4);J3:[2,3)","J0","1","J0","1","J0","1","J3","1","J3","1"
"3957","J0:[0,3);J1:[0,6);J2:[1,4);J3:[2,4)","J0","1","J0","1","J0","1","J3","1","J3","1"
"3958","J0:[0,3);J1:[0,6);J2:[1,4);J3:[2,5)","J0","1","J0","1","J0","1","J0","1","J3","1"
"3959","J0:[0,3);J1:[0,6);J2:[1,4);J3:[2,6)","J0","1","J0","1","J0","1","J0","1","J3","1"
"3960","J0:[0,3);J1:[0,6);J2:[1,4);J3:[3,4)","J0;J3","2","J0;J3","2","J0;J3","2","J3;J0","2","J0;J3","2"
"3961","J0:[0,3);J1:[0,6);J2:[1,4);J3:[3,5)","J0;J3","2","J0;J3","2","J0;J3","2","J3;J0","2","J0;J3","2"
"3962","J0:[0,3);J1:[0,6);J2:[1,4);J3:[3,6)","J0;J3","2","J0;J3","2","J0;J3","2","J0;J3","2","J0;J3","2"
"3963","J0:[0,3);J1:[0,6);J2:[1,4);J3:[4,5)","J0;J3","2","J0;J3","2","J0;J3","2","J3;J0","2","J2;J3","2"
"3964","J0:[0,3);J1:[0,6);J2:[1,4);J3:[4,6)","J0;J3","2","J0;J3","2","J0;J3","2","J3;J0","2","J2;J3","2"
"3965","J0:[0,3);J1:[0,6);J2:[1,4);J3:[5,6)","J0;J3","2","J0;J3","2","J0;J3","2","J3;J0","2","J2;J3","2"
"3966","J0:[0,3);J1:[0,6);J2:[1,5);J3:[1,6)","J0","1","J0","1","J0","1","J0","1","J3","1"
"3967","J0:[0,3);J1:[0,6);J2:[1,5);J3:[2,3)","J0","1","J0","1","J0","1","J3","1","J3","1"
"3968","J0:[0,3);J1:[0,6);J2:[1,5);J3:[2,4)","J0","1","J0","1","J0","1","J3","1","J3","1"
"3969","J0:[0,3);J1:[0,6);J2:[1,5);J3:[2,5)","J0","1","J0","1","J0","1","J0","1","J3","1"
"3970","J0:[0,3);J1:[0,6);J2:[1,5);J3:[2,6)","J0","1","J0","1","J0","1","J0","1","J3","1"
"3971","J0:[0,3);J1:[0,6);J2:[1,5);J3:[3,4)","J0;J3","2","J0;J3","2","J0;J3","2","J3;J0","2","J0;J3","2"
"3972","J0:[0,3);J1:[0,6);J2:[1,5);J3:[3,5)","J0;J3","2","J0;J3","2","J0;J3","2","J3;J0","2","J0;J3","2"
"3973","J0:[0,3);J1:[0,6);J2:[1,5);J3:[3,6)","J0;J3","2","J0;J3","2","J0;J3","2","J0;J3","2","J0;J3","2"
"3974","J0:[0,3);J1:[0,6);J2:[1,5);J3:[4,5)","J0;J3","2","J0;J3","2","J0;J3","2","J3;J0","2","J0;J3","2"
"3975","J0:[0,3);J1:[0,6);J2:[1,5);J3:[4,6)","J0;J3","2","J0;J3","2","J0;J3","2","J3;J0","2","J0;J3","2"
"3976","J0:[0,3);J1:[0,6);J2:[1,5);J3:[5,6)","J0;J3","2","J0;J3","2","J0;J3","2","J3;J0","2","J2;J3","2"
"3977","J0:[0,3);J1:[0,6);J2:[1,6);J3:[2,3)","J0","1","J0","1","J0","1","J3","1","J3","1"
"3978","J0:[0,3);J1:[0,6);J2:[1,6);J3:[2,4)","J0","1","J0","1","J0","1","J3","1","J3","1"
"3979","J0:[0,3);J1:[0,6);J2:[1,6);J3:[2,5)","J0","1","J0","1","J0","1","J0","1","J3","1"
"3980","J0:[0,3);J1:[0,6);J2:[1,6);J3:[2,6)","J0","1","J0","1","J0","1","J0","1","J3","1"
"3981","J0:[0,3);J1:[0,6);J2:[1,6);J3:[3,4)","J0;J3","2","J0;J3","2","J0;J3","2","J3;J0","2","J0;J3","2"
"3982","J0:[0,3);J1:[0,6);J2:[1,6);J3:[3,5)","J0;J3","2","J0;J3","2","J0;J3","2","J3;J0","2","J0;J3","2"
"3983","J0:[0,3);J1:[0,6);J2:[1,6);J3:[3,6)","J0;J3","2","J0;J3","2","J0;J3","2","J0;J3","2","J0;J3","2"
"3984","J0:[0,3);J1:[0,6);J2:[1,6);J3:[4,5)","J0;J3","2","J0;J3","2","J0;J3","2","J3;J0","2","J0;J3","2"
"3985","J0:[0,3);J1:[0,6);J2:[1,6);J3:[4,6)","J0;J3","2","J0;J3","2","J0;J3","2","J3;J0","2","J0;J3","2"
"3986","J0:[0,3);J1:[0,6);J2:[1,6);J3:[5,6)","J0;J3","2","J0;J3","2","J0;J3","2","J3;J0","2","J0;J3","2"
"3987","J0:[0,3);J1:[0,6);J2:[2,3);J3:[2,4)","J0","1","J0","1","J0","1","J2","1","J3","1"
"3988","J0:[0,3);J1:[0,6);J2:[2,3);J3:[2,5)","J0","1","J0","1","J0","1","J2","1","J3","1"
"3989","J0:[0,3);J1:[0,6);J2:[2,3);J3:[2,6)","J0","1","J0","1","J0","1","J2","1","J3","1"
"3990","J0:[0,3);J1:[0,6);J2:[2,3);J3:[3,4)","J0;J3","2","J0;J3","2","J0;J3","2","J2;J3","2","J2;J3","2"
"3991","J0:[0,3);J1:[0,6);J2:[2,3);J3:[3,5)","J0;J3","2","J0;J3","2","J0;J3","2","J2;J3","2","J2;J3","2"
"3992","J0:[0,3);J1:[0,6);J2:[2,3);J3:[3,6)","J0;J3","2","J0;J3","2","J0;J3","2","J2;J3","2","J2;J3","2"
"3993","J0:[0,3);J1:[0,6);J2:[2,3);J3:[4,5)","J0;J3","2","J0;J3","2","J0;J3","2","J2;J3","2","J2;J3","2"
"3994","J0:[0,3);J1:[0,6);J2:[2,3);J3:[4,6)","J0;J3","2","J0;J3","2","J0;J3","2","J2;J3","2","J2;J3","2"
"3995","J0:[0,3);J1:[0,6);J2:[2,3);J3:[5,6)","J0;J3","2","J0;J3","2","J0;J3","2","J2;J3","2","J2;J3","2"
"3996","J0:[0,3);J1:[0,6);J2:[2,4);J3:[2,5)","J0","1","J0","1","J0","1","J2","1","J3","1"
"3997","J0:[0,3);J1:[0,6);J2:[2,4);J3:[2,6)","J0","1","J0","1","J0","1","J2","1","J3","1"
"3998","J0:[0,3);J1:[0,6);J2:[2,4);J3:[3,4)","J0;J3","2","J0;J3","2","J0;J3","2","J3;J0","2","J0;J3","2"
"3999","J0:[0,3);J1:[0,6);J2:[2,4);J3:[3,5)","J0;J3","2","J0;J3","2","J0;J3","2","J2","1","J0;J3","2"
"4000","J0:[0,3);J1:[0,6);J2:[2,4);J3:[3,6)","J0;J3","2","J0;J3","2","J0;J3","2","J2","1","J0;J3","2"
"4001","J0:[0,3);J1:[0,6);J2:[2,4);J3:[4,5)","J0;J3","2","J0;J3","2","J0;J3","2","J3;J2","2","J2;J3","2"
"4002","J0:[0,3);J1:[0,6);J2:[2,4);J3:[4,6)","J0;J3","2","J0;J3","2","J0;J3","2","J2;J3","2","J2;J3","2"
"4003","J0:[0,3);J1:[0,6);J2:[2,4);J3:[5,6)","J0;J3","2","J0;J3","2","J0;J3","2","J3;J2","2","J2;J3","2"
"4004","J0:[0,3);J1:[0,6);J2:[2,5);J3:[2,6)","J0","1","J0","1","J0","1","J0","1","J3","1"
"4005","J0:[0,3);J1:[0,6);J2:[2,5);J3:[3,4)","J0;J3","2","J0;J3","2","J0;J3","2","J3;J0","2","J0;J3","2"
"4006","J0:[0,3);J1:[0,6);J2:[2,5);J3:[3,5)","J0;J3","2","J0;J3","2","J0;J3","2","J3;J0","2","J0;J3","2"
"4007","J0:[0,3);J1:[0,6);J2:[2,5);J3:[3,6)","J0;J3","2","J0;J3","2","J0;J3","2","J0;J3","2","J0;J3","2"
"4008","J0:[0,3);J1:[0,6);J2:[2,5);J3:[4,5)","J0;J3","2","J0;J3","2","J0;J3","2","J3;J0","2","J0;J3","2"
"4009","J0:[0,3);J1:[0,6);J2:[2,5);J3:[4,6)","J0;J3","2","J0;J3","2","J0;J3","2","J3;J0","2","J0;J3","2"
"4010","J0:[0,3);J1:[0,6);J2:[2,5);J3:[5,6)","J0;J3","2","J0;J3","2","J0;J3","2","J3;J0","2","J2;J3","2"
"4011","J0:[0,3);J1:[0,6);J2:[2,6);J3:[3,4)","J0;J3","2","J0;J3","2","J0;J3","2","J3;J0","2","J0;J3","2"
"4012","J0:[0,3);J1:[0,6);J2:[2,6);J3:[3,5)","J0;J3","2","J0;J3","2","J0;J3","2","J3;J0","2","J0;J3","2"
"4013","J0:[0,3);J1:[0,6);J2:[2,6);J3:[3,6)","J0;J3","2","J0;J3","2","J0;J3","2","J0;J3","2","J0;J3","2"
"4014","J0:[0,3);J1:[0,6);J2:[2,6);J3:[4,5)","J0;J3","2","J0;J3","2","J0;J3","2","J3;J0","2","J0;J3","2"
"4015","J0:[0,3);J1:[0,6);J2:[2,6);J3:[4,6)","J0;J3","2","J0;J3","2","J0;J3","2","J3;J0","2","J0;J3","2"
"4016","J0:[0,3);J1:[0,6);J2:[2,6);J3:[5,6)","J0;J3","2","J0;J3","2","J0;J3","2","J3;J0","2","J0;J3","2"
"4017","J0:[0,3);J1:[0,6);J2:[3,4);J3:[3,5)","J0;J2","2","J0;J2","2","J0;J2","2","J2;J0","2","J0;J3","2"
"4018","J0:[0,3);J1:[0,6);J2:[3,4);J3:[3,6)","J0;J2","2","J0;J2","2","J0;J2","2","J2;J0","2","J0;J3","2"
"4019","J0:[0,3);J1:[0,6);J2:[3,4);J3:[4,5)","J0;J2;J3","3","J0;J2;J3","3","J0;J2;J3","3","J2;J3;J0","3","J0;J2;J3","3"
"4020","J0:[0,3);J1:[0,6);J2:[3,4);J3:[4,6)","J0;J2;J3","3","J0;J2;J3","3","J0;J2;J3","3","J2;J3;J0","3","J0;J2;J3","3"
"4021","J0:[0,3);J1:[0,6);J2:[3,4);J3:[5,6)","J0;J2;J3","3","J0;J2;J3","3","J0;J2;J3","3","J2;J3;J0","3","J0;J2;J3","3"
"4022","J0:[0,3);J1:[0,6);J2:[3,5);J3:[3,6)","J0;J2","2","J0;J2","2","J0;J2","2","J2;J0","2","J0;J3","2"
"4023","J0:[0,3);J1:[0,6);J2:[3,5);J3:[4,5)","J0;J2","2","J0;J2","2","J0;J2","2","J3;J0","2","J0;J3","2"
"4024","J0:[0,3);J1:[0,6);J2:[3,5);J3:[4,6)","J0;J2","2","J0;J2","2","J0;J2","2","J2;J0","2","J0;J3","2"
"4025","J0:[0,3);J1:[0,6);J2:[3,5);J3:[5,6)","J0;J2;J3","3","J0;J2;J3","3","J0;J2;J3","3","J3;J2;J0","3","J0;J2;J3","3"
"4026","J0:[0,3);J1:[0,6);J2:[3,6);J3:[4,5)","J0;J2","2","J0;J3","2","J0;J2","2","J3;J0","2","J0;J3","2"
"4027","J0:[0,3);J1:[0,6);J2:[3,6);J3:[4,6)","J0;J2","2","J0;J2","2","J0;J2","2","J3;J0","2","J0;J3","2"
"4028","J0:[0,3);J1:[0,6);J2:[3,6);J3:[5,6)","J0;J2","2","J0;J2","2","J0;J2","2","J3;J0","2","J0;J3","2"
"4029","J0:[0,3);J1:[0,6);J2:[4,5);J3:[4,6)","J0;J2","2","J0;J2","2","J0;J2","2","J2;J0","2","J0;J3","2"
"4030","J0:[0,3);J1:[0,6);J2:[4,5);J3:[5,6)","J0;J2;J3","3","J0;J2;J3","3","J0;J2;J3","3","J2;J3;J0","3","J0;J2;J3","3"
"4031","J0:[0,3);J1:[0,6);J2:[4,6);J3:[5,6)","J0;J2","2","J0;J2","2","J0;J2","2","J3;J0","2","J0;J3","2"
"4032","J0:[0,3);J1:[1,2);J2:[1,3);J3:[1,4)","J0","1","J1","1","J0","1","J1","1","J3","1"
"4033","J0:[0,3);J1:[1,2);J2:[1,3);J3:[1,5)","J0","1","J1","1","J0","1","J1","1","J3","1"
"4034","J0:[0,3);J1:[1,2);J2:[1,3);J3:[1,6)","J0","1","J1","1","J0","1","J1","1","J3","1"
"4035","J0:[0,3);J1:[1,2);J2:[1,3);J3:[2,3)","J1;J3","2","J1;J3","2","J0","1","J1;J3","2","J1;J3","2"
"4036","J0:[0,3);J1:[1,2);J2:[1,3);J3:[2,4)","J1;J3","2","J1;J3","2","J0","1","J1;J3","2","J1;J3","2"
"4037","J0:[0,3);J1:[1,2);J2:[1,3);J3:[2,5)","J1;J3","2","J1;J3","2","J0","1","J1;J3","2","J1;J3","2"
"4038","J0:[0,3);J1:[1,2);J2:[1,3);J3:[2,6)","J1;J3","2","J1;J3","2","J0","1","J1;J3","2","J1;J3","2"
"4039","J0:[0,3);J1:[1,2);J2:[1,3);J3:[3,4)","J0;J3","2","J1;J3","2","J0;J3","2","J1;J3","2","J2;J3","2"
"4040","J0:[0,3);J1:[1,2);J2:[1,3);J3:[3,5)","J0;J3","2","J1;J3","2","J0;J3","2","J1;J3","2","J2;J3","2"
"4041","J0:[0,3);J1:[1,2);J2:[1,3);J3:[3,6)","J0;J3","2","J1;J3","2","J0;J3","2","J1;J3","2","J2;J3","2"
"4042","J0:[0,3);J1:[1,2);J2:[1,3);J3:[4,5)","J0;J3","2","J1;J3","2","J0;J3","2","J1;J3","2","J2;J3","2"
"4043","J0:[0,3);J1:[1,2);J2:[1,3);J3:[4,6)","J0;J3","2","J1;J3","2","J0;J3","2","J1;J3","2","J2;J3","2"
"4044","J0:[0,3);J1:[1,2);J2:[1,3);J3:[5,6)","J0;J3","2","J1;J3","2","J0;J3","2","J1;J3","2","J2;J3","2"
"4045","J0:[0,3);J1:[1,2);J2:[1,4);J3:[1,5)","J0","1","J1","1","J0","1","J1","1","J3","1"
"4046","J0:[0,3);J1:[1,2);J2:[1,4);J3:[1,6)","J0","1","J1","1","J0","1","J1","1","J3","1"
"4047","J0:[0,3);J1:[1,2);J2:[1,4);J3:[2,3)","J1;J3","2","J1;J3","2","J0","1","J1;J3","2","J1;J3","2"
"4048","J0:[0,3);J1:[1,2);J2:[1,4);J3:[2,4)","J1;J3","2","J1;J3","2","J0","1","J1;J3","2","J1;J3","2"
"4049","J0:[0,3);J1:[1,2);J2:[1,4);J3:[2,5)","J1;J3","2","J1;J3","2","J0","1","J1;J3","2","J1;J3","2"
"4050","J0:[0,3);J1:[1,2);J2:[1,4);J3:[2,6)","J1;J3","2","J1;J3","2","J0","1","J1;J3","2","J1;J3","2"
"4051","J0:[0,3);J1:[1,2);J2:[1,4);J3:[3,4)","J0;J3","2","J1;J3","2","J0;J3","2","J1;J3","2","J1;J3","2"
"4052","J0:[0,3);J1:[1,2);J2:[1,4);J3:[3,5)","J0;J3","2","J1;J3","2","J0;J3","2","J1;J3","2","J1;J3","2"
"4053","J0:[0,3);J1:[1,2);J2:[1,4);J3:[3,6)","J0;J3","2","J1;J3","2","J0;J3","2","J1;J3","2","J1;J3","2"
"4054","J0:[0,3);J1:[1,2);J2:[1,4);J3:[4,5)","J0;J3","2","J1;J3","2","J0;J3","2","J1;J3","2","J2;J3","2"
"4055","J0:[0,3);J1:[1,2);J2:[1,4);J3:[4,6)","J0;J3","2","J1;J3","2","J0;J3","2","J1;J3","2","J2;J3","2"
"4056","J0:[0,3);J1:[1,2);J2:[1,4);J3:[5,6)","J0;J3","2","J1;J3","2","J0;J3","2","J1;J3","2","J2;J3","2"
"4057","J0:[0,3);J1:[1,2);J2:[1,5);J3:[1,6)","J0","1","J1","1","J0","1","J1","1","J3","1"
"4058","J0:[0,3);J1:[1,2);J2:[1,5);J3:[2,3)","J1;J3","2","J1;J3","2","J0","1","J1;J3","2","J1;J3","2"
"4059","J0:[0,3);J1:[1,2);J2:[1,5);J3:[2,4)","J1;J3","2","J1;J3","2","J0","1","J1;J3","2","J1;J3","2"
"4060","J0:[0,3);J1:[1,2);J2:[1,5);J3:[2,5)","J1;J3","2","J1;J3","2","J0","1","J1;J3","2","J1;J3","2"
"4061","J0:[0,3);J1:[1,2);J2:[1,5);J3:[2,6)","J1;J3","2","J1;J3","2","J0","1","J1;J3","2","J1;J3","2"
"4062","J0:[0,3);J1:[1,2);J2:[1,5);J3:[3,4)","J0;J3","2","J1;J3","2","J0;J3","2","J1;J3","2","J1;J3","2"
"4063","J0:[0,3);J1:[1,2);J2:[1,5);J3:[3,5)","J0;J3","2","J1;J3","2","J0;J3","2","J1;J3","2","J1;J3","2"
"4064","J0:[0,3);J1:[1,2);J2:[1,5);J3:[3,6)","J0;J3","2","J1;J3","2","J0;J3","2","J1;J3","2","J1;J3","2"
"4065","J0:[0,3);J1:[1,2);J2:[1,5);J3:[4,5)","J0;J3","2","J1;J3","2","J0;J3","2","J1;J3","2","J1;J3","2"
"4066","J0:[0,3);J1:[1,2);J2:[1,5);J3:[4,6)","J0;J3","2","J1;J3","2","J0;J3","2","J1;J3","2","J1;J3","2"
"4067","J0:[0,3);J1:[1,2);J2:[1,5);J3:[5,6)","J0;J3","2","J1;J3","2","J0;J3","2","J1;J3","2","J2;J3","2"
"4068","J0:[0,3);J1:[1,2);J2:[1,6);J3:[2,3)","J1;J3","2","J1;J3","2","J0","1","J1;J3","2","J1;J3","2"
"4069","J0:[0,3);J1:[1,2);J2:[1,6);J3:[2,4)","J1;J3","2","J1;J3","2","J0","1","J1;J3","2","J1;J3","2"
"4070","J0:[0,3);J1:[1,2);J2:[1,6);J3:[2,5)","J1;J3","2","J1;J3","2","J0","1","J1;J3","2","J1;J3","2"
"4071","J0:[0,3);J1:[1,2);J2:[1,6);J3:[2,6)","J1;J3","2","J1;J3","2","J0","1","J1;J3","2","J1;J3","2"
"4072","J0:[0,3);J1:[1,2);J2:[1,6);J3:[3,4)","J0;J3","2","J1;J3","2","J0;J3","2","J1;J3","2","J1;J3","2"
"4073","J0:[0,3);J1:[1,2);J2:[1,6);J3:[3,5)","J0;J3","2","J1;J3","2","J0;J3","2","J1;J3","2","J1;J3","2"
"4074","J0:[0,3);J1:[1,2);J2:[1,6);J3:[3,6)","J0;J3","2","J1;J3","2","J0;J3","2","J1;J3","2","J1;J3","2"
"4075","J0:[0,3);J1:[1,2);J2:[1,6);J3:[4,5)","J0;J3","2","J1;J3","2","J0;J3","2","J1;J3","2","J1;J3","2"
"4076","J0:[0,3);J1:[1,2);J2:[1,6);J3:[4,6)","J0;J3","2","J1;J3","2","J0;J3","2","J1;J3","2","J1;J3","2"
"4077","J0:[0,3);J1:[1,2);J2:[1,6);J3:[5,6)","J0;J3","2","J1;J3","2","J0;J3","2","J1;J3","2","J1;J3","2"
"4078","J0:[0,3);J1:[1,2);J2:[2,3);J3:[2,4)","J1;J2","2","J1;J2","2","J0","1","J1;J2","2","J1;J3","2"
"4079","J0:[0,3);J1:[1,2);J2:[2,3);J3:[2,5)","J1;J2","2","J1;J2","2","J0","1","J1;J2","2","J1;J3","2"
"4080","J0:[0,3);J1:[1,2);J2:[2,3);J3:[2,6)","J1;J2","2","J1;J2","2","J0","1","J1;J2","2","J1;J3","2"
"4081","J0:[0,3);J1:[1,2);J2:[2,3);J3:[3,4)","J1;J2;J3","3","J1;J2;J3","3","J0;J3","2","J1;J2;J3","3","J1;J2;J3","3"
"4082","J0:[0,3);J1:[1,2);J2:[2,3);J3:[3,5)","J1;J2;J3","3","J1;J2;J3","3","J0;J3","2","J1;J2;J3","3","J1;J2;J3","3"
"4083","J0:[0,3);J1:[1,2);J2:[2,3);J3:[3,6)","J1;J2;J3","3","J1;J2;J3","3","J0;J3","2","J1;J2;J3","3","J1;J2;J3","3"
"4084","J0:[0,3);J1:[1,2);J2:[2,3);J3:[4,5)","J1;J2;J3","3","J1;J2;J3","3","J0;J3","2","J1;J2;J3","3","J1;J2;J3","3"
"4085","J0:[0,3);J1:[1,2);J2:[2,3);J3:[4,6)","J1;J2;J3","3","J1;J2;J3","3","J0;J3","2","J1;J2;J3","3","J1;J2;J3","3"
"4086","J0:[0,3);J1:[1,2);J2:[2,3);J3:[5,6)","J1;J2;J3","3","J1;J2;J3","3","J0;J3","2","J1;J2;J3","3","J1;J2;J3","3"
"4087","J0:[0,3);J1:[1,2);J2:[2,4);J3:[2,5)","J1;J2","2","J1;J2","2","J0","1","J1;J2","2","J1;J3","2"
"4088","J0:[0,3);J1:[1,2);J2:[2,4);J3:[2,6)","J1;J2","2","J1;J2","2","J0","1","J1;J2","2","J1;J3","2"
"4089","J0:[0,3);J1:[1,2);J2:[2,4);J3:[3,4)","J0;J3","2","J1;J2","2","J0;J3","2","J1;J3","2","J1;J3","2"
"4090","J0:[0,3);J1:[1,2);J2:[2,4);J3:[3,5)","J0;J3","2","J1;J2","2","J0;J3","2","J1;J2","2","J1;J3","2"
"4091","J0:[0,3);J1:[1,2);J2:[2,4);J3:[3,6)","J0;J3","2","J1;J2","2","J0;J3","2","J1;J2","2","J1;J3","2"
"4092","J0:[0,3);J1:[1,2);J2:[2,4);J3:[4,5)","J1;J2;J3","3","J1;J2;J3","3","J0;J3","2","J1;J3;J2","3","J1;J2;J3","3"
"4093","J0:[0,3);J1:[1,2);J2:[2,4);J3:[4,6)","J1;J2;J3","3","J1;J2;J3","3","J0;J3","2","J1;J2;J3","3","J1;J2;J3","3"
"4094","J0:[0,3);J1:[1,2);J2:[2,4);J3:[5,6)","J1;J2;J3","3","J1;J2;J3","3","J0;J3","2","J1;J3;J2","3","J1;J2;J3","3"
"4095","J0:[0,3);J1:[1,2);J2:[2,5);J3:[2,6)","J1;J2","2","J1;J2","2","J0","1","J1;J2","2","J1;J3","2"
"4096","J0:[0,3);J1:[1,2);J2:[2,5);J3:[3,4)","J0;J3","2","J1;J3","2","J0;J3","2","J1;J3","2","J1;J3","2"
"4097","J0:[0,3);J1:[1,2);J2:[2,5);J3:[3,5)","J0;J3","2","J1;J2","2","J0;J3","2","J1;J3","2","J1;J3","2"
"4098","J0:[0,3);J1:[1,2);J2:[2,5);J3:[3,6)","J0;J3","2","J1;J2","2","J0;J3","2","J1;J2","2","J1;J3","2"
"4099","J0:[0,3);J1:[1,2);J2:[2,5);J3:[4,5)","J0;J3","2","J1;J2","2","J0;J3","2","J1;J3","2","J1;J3","2"
"4100","J0:[0,3);J1:[1,2);J2:[2,5);J3:[4,6)","J0;J3","2","J1;J2","2","J0;J3","2","J1;J3","2","J1;J3","2"
"4101","J0:[0,3);J1:[1,2);J2:[2,5);J3:[5,6)","J1;J2;J3","3","J1;J2;J3","3","J0;J3","2","J1;J3;J2","3","J1;J2;J3","3"
"4102","J0:[0,3);J1:[1,2);J2:[2,6);J3:[3,4)","J0;J3","2","J1;J3","2","J0;J3","2","J1;J3","2","J1;J3","2"
"4103","J0:[0,3);J1:[1,2);J2:[2,6);J3:[3,5)","J0;J3","2","J1;J3","2","J0;J3","2","J1;J3","2","J1;J3","2"
"4104","J0:[0,3);J1:[1,2);J2:[2,6);J3:[3,6)","J0;J3","2","J1;J2","2","J0;J3","2","J1;J3","2","J1;J3","2"
"4105","J0:[0,3);J1:[1,2);J2:[2,6);J3:[4,5)","J0;J3","2","J1;J3","2","J0;J3","2","J1;J3","2","J1;J3","2"
"4106","J0:[0,3);J1:[1,2);J2:[2,6);J3:[4,6)","J0;J3","2","J1;J2","2","J0;J3","2","J1;J3","2","J1;J3","2"
"4107","J0:[0,3);J1:[1,2);J2:[2,6);J3:[5,6)","J0;J3","2","J1;J2","2","J0;J3","2","J1;J3","2","J1;J3","2"
"4108","J0:[0,3);J1:[1,2);J2:[3,4);J3:[3,5)","J0;J2","2","J1;J2","2","J0;J2","2","J1;J2","2","J1;J3","2"
"4109","J0:[0,3);J1:[1,2);J2:[3,4);J3:[3,6)","J0;J2","2","J1;J2","2","J0;J2","2","J1;J2","2","J1;J3","2"
"4110","J0:[0,3);J1:[1,2);J2:[3,4);J3:[4,5)","J0;J2;J3","3","J1;J2;J3","3","J0;J2;J3","3","J1;J2;J3","3","J1;J2;J3","3"
"4111","J0:[0,3);J1:[1,2);J2:[3,4);J3:[4,6)","J0;J2;J3","3","J1;J2;J3","3","J0;J2;J3","3","J1;J2;J3","3","J1;J2;J3","3"
"4112","J0:[0,3);J1:[1,2);J2:[3,4);J3:[5,6)","J0;J2;J3","3","J1;J2;J3","3","J0;J2;J3","3","J1;J2;J3","3","J1;J2;J3","3"
"4113","J0:[0,3);J1:[1,2);J2:[3,5);J3:[3,6)","J0;J2","2","J1;J2","2","J0;J2","2","J1;J2","2","J1;J3","2"
"4114","J0:[0,3);J1:[1,2);J2:[3,5);J3:[4,5)","J0;J2","2","J1;J2","2","J0;J2","2","J1;J3","2","J1;J3","2"
"4115","J0:[0,3);J1:[1,2);J2:[3,5);J3:[4,6)","J0;J2","2","J1;J2","2","J0;J2","2","J1;J2","2","J1;J3","2"
"4116","J0:[0,3);J1:[1,2);J2:[3,5);J3:[5,6)","J0;J2;J3","3","J1;J2;J3","3","J0;J2;J3","3","J1;J3;J2","3","J1;J2;J3","3"
"4117","J0:[0,3);J1:[1,2);J2:[3,6);J3:[4,5)","J0;J2","2","J1;J3","2","J0;J2","2","J1;J3","2","J1;J3","2"
"4118","J0:[0,3);J1:[1,2);J2:[3,6);J3:[4,6)","J0;J2","2","J1;J2","2","J0;J2","2","J1;J3","2","J1;J3","2"
"4119","J0:[0,3);J1:[1,2);J2:[3,6);J3:[5,6)","J0;J2","2","J1;J2","2","J0;J2","2","J1;J3","2","J1;J3","2"
"4120","J0:[0,3);J1:[1,2);J2:[4,5);J3:[4,6)","J0;J2","2","J1;J2","2","J0;J2","2","J1;J2","2","J1;J3","2"
"4121","J0:[0,3);J1:[1,2);J2:[4,5);J3:[5,6)","J0;J2;J3","3","J1;J2;J3","3","J0;J2;J3","3","J1;J2;J3","3","J1;J2;J3","3"
"4122","J0:[0,3);J1:[1,2);J2:[4,6);J3:[5,6)","J0;J2","2","J1;J2","2","J0;J2","2","J1;J3","2","J1;J3","2"
"4123","J0:[0,3);J1:[1,3);J2:[1,4);J3:[1,5)","J0","1","J0","1","J0","1","J1","1","J3","1"
"4124","J0:[0,3);J1:[1,3);J2:[1,4);J3:[1,6)","J0","1","J0","1","J0","1","J1","1","J3","1"
"4125","J0:[0,3);J1:[1,3);J2:[1,4);J3:[2,3)","J0","1","J0","1","J0","1","J3","1","J3","1"
"4126","J0:[0,3);J1:[1,3);J2:[1,4);J3:[2,4)","J0","1","J0","1","J0","1","J1","1","J3","1"
"4127","J0:[0,3);J1:[1,3);J2:[1,4);J3:[2,5)","J0","1","J0","1","J0","1","J1","1","J3","1"
"4128","J0:[0,3);J1:[1,3);J2:[1,4);J3:[2,6)","J0","1","J0","1","J0","1","J1","1","J3","1"
"4129","J0:[0,3);J1:[1,3);J2:[1,4);J3:[3,4)","J0;J3","2","J0;J3","2","J0;J3","2","J3;J1","2","J1;J3","2"
"4130","J0:[0,3);J1:[1,3);J2:[1,4);J3:[3,5)","J0;J3","2","J0;J3","2","J0;J3","2","J1;J3","2","J1;J3","2"
"4131","J0:[0,3);J1:[1,3);J2:[1,4);J3:[3,6)","J0;J3","2","J0;J3","2","J0;J3","2","J1;J3","2","J1;J3","2"
"4132","J0:[0,3);J1:[1,3);J2:[1,4);J3:[4,5)","J0;J3","2","J0;J3","2","J0;J3","2","J3;J1","2","J2;J3","2"
"4133","J0:[0,3);J1:[1,3);J2:[1,4);J3:[4,6)","J0;J3","2","J0;J3","2","J0;J3","2","J1;J3","2","J2;J3","2"
"4134","J0:[0,3);J1:[1,3);J2:[1,4);J3:[5,6)","J0;J3","2","J0;J3","2","J0;J3","2","J3;J1","2","J2;J3","2"
"4135","J0:[0,3);J1:[1,3);J2:[1,5);J3:[1,6)","J0","1","J0","1","J0","1","J1","1","J3","1"
"4136","J0:[0,3);J1:[1,3);J2:[1,5);J3:[2,3)","J0","1","J0","1","J0","1","J3","1","J3","1"
"4137","J0:[0,3);J1:[1,3);J2:[1,5);J3:[2,4)","J0","1","J0","1","J0","1","J1","1","J3","1"
"4138","J0:[0,3);J1:[1,3);J2:[1,5);J3:[2,5)","J0","1","J0","1","J0","1","J1","1","J3","1"
"4139","J0:[0,3);J1:[1,3);J2:[1,5);J3:[2,6)","J0","1","J0","1","J0","1","J1","1","J3","1"
"4140","J0:[0,3);J1:[1,3);J2:[1,5);J3:[3,4)","J0;J3","2","J0;J3","2","J0;J3","2","J3;J1","2","J1;J3","2"
"4141","J0:[0,3);J1:[1,3);J2:[1,5);J3:[3,5)","J0;J3","2","J0;J3","2","J0;J3","2","J1;J3","2","J1;J3","2"
"4142","J0:[0,3);J1:[1,3);J2:[1,5);J3:[3,6)","J0;J3","2","J0;J3","2","J0;J3","2","J1;J3","2","J1;J3","2"
"4143","J0:[0,3);J1:[1,3);J2:[1,5);J3:[4,5)","J0;J3","2","J0;J3","2","J0;J3","2","J3;J1","2","J1;J3","2"
"4144","J0:[0,3);J1:[1,3);J2:[1,5);J3:[4,6)","J0;J3","2","J0;J3","2","J0;J3","2","J1;J3","2","J1;J3","2"
"4145","J0:[0,3);J1:[1,3);J2:[1,5);J3:[5,6)","J0;J3","2","J0;J3","2","J0;J3","2","J3;J1","2","J2;J3","2"
"4146","J0:[0,3);J1:[1,3);J2:[1,6);J3:[2,3)","J0","1","J0","1","J0","1","J3","1","J3","1"
"4147","J0:[0,3);J1:[1,3);J2:[1,6);J3:[2,4)","J0","1","J0","1","J0","1","J1","1","J3","1"
"4148","J0:[0,3);J1:[1,3);J2:[1,6);J3:[2,5)","J0","1","J0","1","J0","1","J1","1","J3","1"
"4149","J0:[0,3);J1:[1,3);J2:[1,6);J3:[2,6)","J0","1","J0","1","J0","1","J1","1","J3","1"
"4150","J0:[0,3);J1:[1,3);J2:[1,6);J3:[3,4)","J0;J3","2","J0;J3","2","J0;J3","2","J3;J1","2","J1;J3","2"
"4151","J0:[0,3);J1:[1,3);J2:[1,6);J3:[3,5)","J0;J3","2","J0;J3","2","J0;J3","2","J1;J3","2","J1;J3","2"
"4152","J0:[0,3);J1:[1,3);J2:[1,6);J3:[3,6)","J0;J3","2","J0;J3","2","J0;J3","2","J1;J3","2","J1;J3","2"
"4153","J0:[0,3);J1:[1,3);J2:[1,6);J3:[4,5)","J0;J3","2","J0;J3","2","J0;J3","2","J3;J1","2","J1;J3","2"
"4154","J0:[0,3);J1:[1,3);J2:[1,6);J3:[4,6)","J0;J3","2","J0;J3","2","J0;J3","2","J1;J3","2","J1;J3","2"
"4155","J0:[0,3);J1:[1,3);J2:[1,6);J3:[5,6)","J0;J3","2","J0;J3","2","J0;J3","2","J3;J1","2","J1;J3","2"
"4156","J0:[0,3);J1:[1,3);J2:[2,3);J3:[2,4)","J0","1","J0","1","J0","1","J2","1","J3","1"
"4157","J0:[0,3);J1:[1,3);J2:[2,3);J3:[2,5)","J0","1","J0","1","J0","1","J2","1","J3","1"
"4158","J0:[0,3);J1:[1,3);J2:[2,3);J3:[2,6)","J0","1","J0","1","J0","1","J2","1","J3","1"
"4159","J0:[0,3);J1:[1,3);J2:[2,3);J3:[3,4)","J0;J3","2","J0;J3","2","J0;J3","2","J2;J3","2","J2;J3","2"
"4160","J0:[0,3);J1:[1,3);J2:[2,3);J3:[3,5)","J0;J3","2","J0;J3","2","J0;J3","2","J2;J3","2","J2;J3","2"
"4161","J0:[0,3);J1:[1,3);J2:[2,3);J3:[3,6)","J0;J3","2","J0;J3","2","J0;J3","2","J2;J3","2","J2;J3","2"
"4162","J0:[0,3);J1:[1,3);J2:[2,3);J3:[4,5)","J0;J3","2","J0;J3","2","J0;J3","2","J2;J3","2","J2;J3","2"
"4163","J0:[0,3);J1:[1,3);J2:[2,3);J3:[4,6)","J0;J3","2","J0;J3","2","J0;J3","2","J2;J3","2","J2;J3","2"
"4164","J0:[0,3);J1:[1,3);J2:[2,3);J3:[5,6)","J0;J3","2","J0;J3","2","J0;J3","2","J2;J3","2","J2;J3","2"
"4165","J0:[0,3);J1:[1,3);J2:[2,4);J3:[2,5)","J0","1","J0","1","J0","1","J1","1","J3","1"
"4166","J0:[0,3);J1:[1,3);J2:[2,4);J3:[2,6)","J0","1","J0","1","J0","1","J1","1","J3","1"
"4167","J0:[0,3);J1:[1,3);J2:[2,4);J3:[3,4)","J0;J3","2","J0;J3","2","J0;J3","2","J3;J1","2","J1;J3","2"
"4168","J0:[0,3);J1:[1,3);J2:[2,4);J3:[3,5)","J0;J3","2","J0;J3","2","J0;J3","2","J1;J3","2","J1;J3","2"
"4169","J0:[0,3);J1:[1,3);J2:[2,4);J3:[3,6)","J0;J3","2","J0;J3","2","J0;J3","2","J1;J3","2","J1;J3","2"
"4170","J0:[0,3);J1:[1,3);J2:[2,4);J3:[4,5)","J0;J3","2","J0;J3","2","J0;J3","2","J3;J1","2","J2;J3","2"
"4171","J0:[0,3);J1:[1,3);J2:[2,4);J3:[4,6)","J0;J3","2","J0;J3","2","J0;J3","2","J1;J3","2","J2;J3","2"
"4172","J0:[0,3);J1:[1,3);J2:[2,4);J3:[5,6)","J0;J3","2","J0;J3","2","J0;J3","2","J3;J1","2","J2;J3","2"
"4173","J0:[0,3);J1:[1,3);J2:[2,5);J3:[2,6)","J0","1","J0","1","J0","1","J1","1","J3","1"
"4174","J0:[0,3);J1:[1,3);J2:[2,5);J3:[3,4)","J0;J3","2","J0;J3","2","J0;J3","2","J3;J1","2","J1;J3","2"
"4175","J0:[0,3);J1:[1,3);J2:[2,5);J3:[3,5)","J0;J3","2","J0;J3","2","J0;J3","2","J1;J3","2","J1;J3","2"
"4176","J0:[0,3);J1:[1,3);J2:[2,5);J3:[3,6)","J0;J3","2","J0;J3","2","J0;J3","2","J1;J3","2","J1;J3","2"
"4177","J0:[0,3);J1:[1,3);J2:[2,5);J3:[4,5)","J0;J3","2","J0;J3","2","J0;J3","2","J3;J1","2","J1;J3","2"
"4178","J0:[0,3);J1:[1,3);J2:[2,5);J3:[4,6)","J0;J3","2","J0;J3","2","J0;J3","2","J1;J3","2","J1;J3","2"
"4179","J0:[0,3);J1:[1,3);J2:[2,5);J3:[5,6)","J0;J3","2","J0;J3","2","J0;J3","2","J3;J1","2","J2;J3","2"
"4180","J0:[0,3);J1:[1,3);J2:[2,6);J3:[3,4)","J0;J3","2","J0;J3","2","J0;J3","2","J3;J1","2","J1;J3","2"
"4181","J0:[0,3);J1:[1,3);J2:[2,6);J3:[3,5)","J0;J3","2","J0;J3","2","J0;J3","2","J1;J3","2","J1;J3","2"
"4182","J0:[0,3);J1:[1,3);J2:[2,6);J3:[3,6)","J0;J3","2","J0;J3","2","J0;J3","2","J1;J3","2","J1;J3","2"
"4183","J0:[0,3);J1:[1,3);J2:[2,6);J3:[4,5)","J0;J3","2","J0;J3","2","J0;J3","2","J3;J1","2","J1;J3","2"
"4184","J0:[0,3);J1:[1,3);J2:[2,6);J3:[4,6)","J0;J3","2","J0;J3","2","J0;J3","2","J1;J3","2","J1;J3","2"
"4185","J0:[0,3);J1:[1,3);J2:[2,6);J3:[5,6)","J0;J3","2","J0;J3","2","J0;J3","2","J3;J1","2","J1;J3","2"
"4186","J0:[0,3);J1:[1,3);J2:[3,4);J3:[3,5)","J0;J2","2","J0;J2","2","J0;J2","2","J2;J1","2","J1;J3","2"
"4187","J0:[0,3);J1:[1,3);J2:[3,4);J3:[3,6)","J0;J2","2","J0;J2","2","J0;J2","2","J2;J1","2","J1;J3","2"
"4188","J0:[0,3);J1:[1,3);J2:[3,4);J3:[4,5)","J0;J2;J3","3","J0;J2;J3","3","J0;J2;J3","3","J2;J3;J1","3","J1;J2;J3","3"
"4189","J0:[0,3);J1:[1,3);J2:[3,4);J3:[4,6)","J0;J2;J3","3","J0;J2;J3","3","J0;J2;J3","3","J2;J1;J3","3","J1;J2;J3","3"
"4190","J0:[0,3);J1:[1,3);J2:[3,4);J3:[5,6)","J0;J2;J3","3","J0;J2;J3","3","J0;J2;J3","3","J2;J3;J1","3","J1;J2;J3","3"
"4191","J0:[0,3);J1:[1,3);J2:[3,5);J3:[3,6)","J0;J2","2","J0;J2","2","J0;J2","2","J1;J2","2","J1;J3","2"
"4192","J0:[0,3);J1:[1,3);J2:[3,5);J3:[4,5)","J0;J2","2","J0;J2","2","J0;J2","2","J3;J1","2","J1;J3","2"
"4193","J0:[0,3);J1:[1,3);J2:[3,5);J3:[4,6)","J0;J2","2","J0;J2","2","J0;J2","2","J1;J2","2","J1;J3","2"
"4194","J0:[0,3);J1:[1,3);J2:[3,5);J3:[5,6)","J0;J2;J3","3","J0;J2;J3","3","J0;J2;J3","3","J3;J1;J2","3","J1;J2;J3","3"
"4195","J0:[0,3);J1:[1,3);J2:[3,6);J3:[4,5)","J0;J2","2","J0;J3","2","J0;J2","2","J3;J1","2","J1;J3","2"
"4196","J0:[0,3);J1:[1,3);J2:[3,6);J3:[4,6)","J0;J2","2","J0;J2","2","J0;J2","2","J1;J3","2","J1;J3","2"
"4197","J0:[0,3);J1:[1,3);J2:[3,6);J3:[5,6)","J0;J2","2","J0;J2","2","J0;J2","2","J3;J1","2","J1;J3","2"
"4198","J0:[0,3);J1:[1,3);J2:[4,5);J3:[4,6)","J0;J2","2","J0;J2","2","J0;J2","2","J2;J1","2","J1;J3","2"
"4199","J0:[0,3);J1:[1,3);J2:[4,5);J3:[5,6)","J0;J2;J3","3","J0;J2;J3","3","J0;J2;J3","3","J2;J3;J1","3","J1;J2;J3","3"
"4200","J0:[0,3);J1:[1,3);J2:[4,6);J3:[5,6)","J0;J2","2","J0;J2","2","J0;J2","2","J3;J1","2","J1;J3","2"
"4201","J0:[0,3);J1:[1,4);J2:[1,5);J3:[1,6)","J0","1","J0","1","J0","1","J0","1","J3","1"
"4202","J0:[0,3);J1:[1,4);J2:[1,5);J3:[2,3)","J0","1","J0","1","J0","1","J3","1","J3","1"
"4203","J0:[0,3);J1:[1,4);J2:[1,5);J3:[2,4)","J0","1","J0","1","J0","1","J3","1","J3","1"
"4204","J0:[0,3);J1:[1,4);J2:[1,5);J3:[2,5)","J0","1","J0","1","J0","1","J0","1","J3","1"
"4205","J0:[0,3);J1:[1,4);J2:[1,5);J3:[2,6)","J0","1","J0","1","J0","1","J0","1","J3","1"
"4206","J0:[0,3);J1:[1,4);J2:[1,5);J3:[3,4)","J0;J3","2","J0;J3","2","J0;J3","2","J3;J0","2","J0;J3","2"
"4207","J0:[0,3);J1:[1,4);J2:[1,5);J3:[3,5)","J0;J3","2","J0;J3","2","J0;J3","2","J3;J0","2","J0;J3","2"
"4208","J0:[0,3);J1:[1,4);J2:[1,5);J3:[3,6)","J0;J3","2","J0;J3","2","J0;J3","2","J0;J3","2","J0;J3","2"
"4209","J0:[0,3);J1:[1,4);J2:[1,5);J3:[4,5)","J0;J3","2","J0;J3","2","J0;J3","2","J3;J0","2","J1;J3","2"
"4210","J0:[0,3);J1:[1,4);J2:[1,5);J3:[4,6)","J0;J3","2","J0;J3","2","J0;J3","2","J3;J0","2","J1;J3","2"
"4211","J0:[0,3);J1:[1,4);J2:[1,5);J3:[5,6)","J0;J3","2","J0;J3","2","J0;J3","2","J3;J0","2","J2;J3","2"
"4212","J0:[0,3);J1:[1,4);J2:[1,6);J3:[2,3)","J0","1","J0","1","J0","1","J3","1","J3","1"
"4213","J0:[0,3);J1:[1,4);J2:[1,6);J3:[2,4)","J0","1","J0","1","J0","1","J3","1","J3","1"
"4214","J0:[0,3);J1:[1,4);J2:[1,6);J3:[2,5)","J0","1","J0","1","J0","1","J0","1","J3","1"
"4215","J0:[0,3);J1:[1,4);J2:[1,6);J3:[2,6)","J0","1","J0","1","J0","1","J0","1","J3","1"
"4216","J0:[0,3);J1:[1,4);J2:[1,6);J3:[3,4)","J0;J3","2","J0;J3","2","J0;J3","2","J3;J0","2","J0;J3","2"
"4217","J0:[0,3);J1:[1,4);J2:[1,6);J3:[3,5)","J0;J3","2","J0;J3","2","J0;J3","2","J3;J0","2","J0;J3","2"
"4218","J0:[0,3);J1:[1,4);J2:[1,6);J3:[3,6)","J0;J3","2","J0;J3","2","J0;J3","2","J0;J3","2","J0;J3","2"
"4219","J0:[0,3);J1:[1,4);J2:[1,6);J3:[4,5)","J0;J3","2","J0;J3","2","J0;J3","2","J3;J0","2","J1;J3","2"
"4220","J0:[0,3);J1:[1,4);J2:[1,6);J3:[4,6)","J0;J3","2","J0;J3","2","J0;J3","2","J3;J0","2","J1;J3","2"
"4221","J0:[0,3);J1:[1,4);J2:[1,6);J3:[5,6)","J0;J3","2","J0;J3","2","J0;J3","2","J3;J0","2","J1;J3","2"
"4222","J0:[0,3);J1:[1,4);J2:[2,3);J3:[2,4)","J0","1","J0","1","J0","1","J2","1","J3","1"
"4223","J0:[0,3);J1:[1,4);J2:[2,3);J3:[2,5)","J0","1","J0","1","J0","1","J2","1","J3","1"
"4224","J0:[0,3);J1:[1,4);J2:[2,3);J3:[2,6)","J0","1","J0","1","J0","1","J2","1","J3","1"
"4225","J0:[0,3);J1:[1,4);J2:[2,3);J3:[3,4)","J0;J3","2","J0;J3","2","J0;J3","2","J2;J3","2","J2;J3","2"
"4226","J0:[0,3);J1:[1,4);J2:[2,3);J3:[3,5)","J0;J3","2","J0;J3","2","J0;J3","2","J2;J3","2","J2;J3","2"
"4227","J0:[0,3);J1:[1,4);J2:[2,3);J3:[3,6)","J0;J3","2","J0;J3","2","J0;J3","2","J2;J3","2","J2;J3","2"
"4228","J0:[0,3);J1:[1,4);J2:[2,3);J3:[4,5)","J0;J3","2","J0;J3","2","J0;J3","2","J2;J3","2","J2;J3","2"
"4229","J0:[0,3);J1:[1,4);J2:[2,3);J3:[4,6)","J0;J3","2","J0;J3","2","J0;J3","2","J2;J3","2","J2;J3","2"
"4230","J0:[0,3);J1:[1,4);J2:[2,3);J3:[5,6)","J0;J3","2","J0;J3","2","J0;J3","2","J2;J3","2","J2;J3","2"
"4231","J0:[0,3);J1:[1,4);J2:[2,4);J3:[2,5)","J0","1","J0","1","J0","1","J2","1","J3","1"
"4232","J0:[0,3);J1:[1,4);J2:[2,4);J3:[2,6)","J0","1","J0","1","J0","1","J2","1","J3","1"
"4233","J0:[0,3);J1:[1,4);J2:[2,4);J3:[3,4)","J0;J3","2","J0;J3","2","J0;J3","2","J3;J0","2","J0;J3","2"
"4234","J0:[0,3);J1:[1,4);J2:[2,4);J3:[3,5)","J0;J3","2","J0;J3","2","J0;J3","2","J2","1","J0;J3","2"
"4235","J0:[0,3);J1:[1,4);J2:[2,4);J3:[3,6)","J0;J3","2","J0;J3","2","J0;J3","2","J2","1","J0;J3","2"
"4236","J0:[0,3);J1:[1,4);J2:[2,4);J3:[4,5)","J0;J3","2","J0;J3","2","J0;J3","2","J3;J2","2","J2;J3","2"
"4237","J0:[0,3);J1:[1,4);J2:[2,4);J3:[4,6)","J0;J3","2","J0;J3","2","J0;J3","2","J2;J3","2","J2;J3","2"
"4238","J0:[0,3);J1:[1,4);J2:[2,4);J3:[5,6)","J0;J3","2","J0;J3","2","J0;J3","2","J3;J2","2","J2;J3","2"
"4239","J0:[0,3);J1:[1,4);J2:[2,5);J3:[2,6)","J0","1","J0","1","J0","1","J0","1","J3","1"
"4240","J0:[0,3);J1:[1,4);J2:[2,5);J3:[3,4)","J0;J3","2","J0;J3","2","J0;J3","2","J3;J0","2","J0;J3","2"
"4241","J0:[0,3);J1:[1,4);J2:[2,5);J3:[3,5)","J0;J3","2","J0;J3","2","J0;J3","2","J3;J0","2","J0;J3","2"
"4242","J0:[0,3);J1:[1,4);J2:[2,5);J3:[3,6)","J0;J3","2","J0;J3","2","J0;J3","2","J0;J3","2","J0;J3","2"
"4243","J0:[0,3);J1:[1,4);J2:[2,5);J3:[4,5)","J0;J3","2","J0;J3","2","J0;J3","2","J3;J0","2","J1;J3","2"
"4244","J0:[0,3);J1:[1,4);J2:[2,5);J3:[4,6)","J0;J3","2","J0;J3","2","J0;J3","2","J3;J0","2","J1;J3","2"
"4245","J0:[0,3);J1:[1,4);J2:[2,5);J3:[5,6)","J0;J3","2","J0;J3","2","J0;J3","2","J3;J0","2","J2;J3","2"
"4246","J0:[0,3);J1:[1,4);J2:[2,6);J3:[3,4)","J0;J3","2","J0;J3","2","J0;J3","2","J3;J0","2","J0;J3","2"
"4247","J0:[0,3);J1:[1,4);J2:[2,6);J3:[3,5)","J0;J3","2","J0;J3","2","J0;J3","2","J3;J0","2","J0;J3","2"
"4248","J0:[0,3);J1:[1,4);J2:[2,6);J3:[3,6)","J0;J3","2","J0;J3","2","J0;J3","2","J0;J3","2","J0;J3","2"
"4249","J0:[0,3);J1:[1,4);J2:[2,6);J3:[4,5)","J0;J3","2","J0;J3","2","J0;J3","2","J3;J0","2","J1;J3","2"
"4250","J0:[0,3);J1:[1,4);J2:[2,6);J3:[4,6)","J0;J3","2","J0;J3","2","J0;J3","2","J3;J0","2","J1;J3","2"
"4251","J0:[0,3);J1:[1,4);J2:[2,6);J3:[5,6)","J0;J3","2","J0;J3","2","J0;J3","2","J3;J0","2","J1;J3","2"
"4252","J0:[0,3);J1:[1,4);J2:[3,4);J3:[3,5)","J0;J2","2","J0;J2","2","J0;J2","2","J2;J0","2","J0;J3","2"
"4253","J0:[0,3);J1:[1,4);J2:[3,4);J3:[3,6)","J0;J2","2","J0;J2","2","J0;J2","2","J2;J0","2","J0;J3","2"
"4254","J0:[0,3);J1:[1,4);J2:[3,4);J3:[4,5)","J0;J2;J3","3","J0;J2;J3","3","J0;J2;J3","3","J2;J3;J0","3","J0;J2;J3","3"
"4255","J0:[0,3);J1:[1,4);J2:[3,4);J3:[4,6)","J0;J2;J3","3","J0;J2;J3","3","J0;J2;J3","3","J2;J3;J0","3","J0;J2;J3","3"
"4256","J0:[0,3);J1:[1,4);J2:[3,4);J3:[5,6)","J0;J2;J3","3","J0;J2;J3","3","J0;J2;J3","3","J2;J3;J0","3","J0;J2;J3","3"
"4257","J0:[0,3);J1:[1,4);J2:[3,5);J3:[3,6)","J0;J2","2","J0;J2","2","J0;J2","2","J2;J0","2","J0;J3","2"
"4258","J0:[0,3);J1:[1,4);J2:[3,5);J3:[4,5)","J0;J2","2","J0;J2","2","J0;J2","2","J3;J0","2","J1;J3","2"
"4259","J0:[0,3);J1:[1,4);J2:[3,5);J3:[4,6)","J0;J2","2","J0;J2","2","J0;J2","2","J2;J0","2","J1;J3","2"
"4260","J0:[0,3);J1:[1,4);J2:[3,5);J3:[5,6)","J0;J2;J3","3","J0;J2;J3","3","J0;J2;J3","3","J3;J2;J0","3","J0;J2;J3","3"
"4261","J0:[0,3);J1:[1,4);J2:[3,6);J3:[4,5)","J0;J2","2","J0;J3","2","J0;J2","2","J3;J0","2","J1;J3","2"
"4262","J0:[0,3);J1:[1,4);J2:[3,6);J3:[4,6)","J0;J2","2","J0;J2","2","J0;J2","2","J3;J0","2","J1;J3","2"
"4263","J0:[0,3);J1:[1,4);J2:[3,6);J3:[5,6)","J0;J2","2","J0;J2","2","J0;J2","2","J3;J0","2","J1;J3","2"
"4264","J0:[0,3);J1:[1,4);J2:[4,5);J3:[4,6)","J0;J2","2","J0;J2","2","J0;J2","2","J2;J0","2","J1;J3","2"
"4265","J0:[0,3);J1:[1,4);J2:[4,5);J3:[5,6)","J0;J2;J3","3","J0;J2;J3","3","J0;J2;J3","3","J2;J3;J0","3","J1;J2;J3","3"
"4266","J0:[0,3);J1:[1,4);J2:[4,6);J3:[5,6)","J0;J2","2","J0;J2","2","J0;J2","2","J3;J0","2","J1;J3","2"
"4267","J0:[0,3);J1:[1,5);J2:[1,6);J3:[2,3)","J0","1","J0","1","J0","1","J3","1","J3","1"
"4268","J0:[0,3);J1:[1,5);J2:[1,6);J3:[2,4)","J0","1","J0","1","J0","1","J3","1","J3","1"
"4269","J0:[0,3);J1:[1,5);J2:[1,6);J3:[2,5)","J0","1","J0","1","J0","1","J0","1","J3","1"
"4270","J0:[0,3);J1:[1,5);J2:[1,6);J3:[2,6)","J0","1","J0","1","J0","1","J0","1","J3","1"
"4271","J0:[0,3);J1:[1,5);J2:[1,6);J3:[3,4)","J0;J3","2","J0;J3","2","J0;J3","2","J3;J0","2","J0;J3","2"
"4272","J0:[0,3);J1:[1,5);J2:[1,6);J3:[3,5)","J0;J3","2","J0;J3","2","J0;J3","2","J3;J0","2","J0;J3","2"
"4273","J0:[0,3);J1:[1,5);J2:[1,6);J3:[3,6)","J0;J3","2","J0;J3","2","J0;J3","2","J0;J3","2","J0;J3","2"
"4274","J0:[0,3);J1:[1,5);J2:[1,6);J3:[4,5)","J0;J3","2","J0;J3","2","J0;J3","2","J3;J0","2","J0;J3","2"
"4275","J0:[0,3);J1:[1,5);J2:[1,6);J3:[4,6)","J0;J3","2","J0;J3","2","J0;J3","2","J3;J0","2","J0;J3","2"
"4276","J0:[0,3);J1:[1,5);J2:[1,6);J3:[5,6)","J0;J3","2","J0;J3","2","J0;J3","2","J3;J0","2","J1;J3","2"
"4277","J0:[0,3);J1:[1,5);J2:[2,3);J3:[2,4)","J0","1","J0","1","J0","1","J2","1","J3","1"
"4278","J0:[0,3);J1:[1,5);J2:[2,3);J3:[2,5)","J0","1","J0","1","J0","1","J2","1","J3","1"
"4279","J0:[0,3);J1:[1,5);J2:[2,3);J3:[2,6)","J0","1","J0","1","J0","1","J2","1","J3","1"
"4280","J0:[0,3);J1:[1,5);J2:[2,3);J3:[3,4)","J0;J3","2","J0;J3","2","J0;J3","2","J2;J3","2","J2;J3","2"
"4281","J0:[0,3);J1:[1,5);J2:[2,3);J3:[3,5)","J0;J3","2","J0;J3","2","J0;J3","2","J2;J3","2","J2;J3","2"
"4282","J0:[0,3);J1:[1,5);J2:[2,3);J3:[3,6)","J0;J3","2","J0;J3","2","J0;J3","2","J2;J3","2","J2;J3","2"
"4283","J0:[0,3);J1:[1,5);J2:[2,3);J3:[4,5)","J0;J3","2","J0;J3","2","J0;J3","2","J2;J3","2","J2;J3","2"
"4284","J0:[0,3);J1:[1,5);J2:[2,3);J3:[4,6)","J0;J3","2","J0;J3","2","J0;J3","2","J2;J3","2","J2;J3","2"
"4285","J0:[0,3);J1:[1,5);J2:[2,3);J3:[5,6)","J0;J3","2","J0;J3","2","J0;J3","2","J2;J3","2","J2;J3","2"
"4286","J0:[0,3);J1:[1,5);J2:[2,4);J3:[2,5)","J0","1","J0","1","J0","1","J2","1","J3","1"
"4287","J0:[0,3);J1:[1,5);J2:[2,4);J3:[2,6)","J0","1","J0","1","J0","1","J2","1","J3","1"
"4288","J0:[0,3);J1:[1,5);J2:[2,4);J3:[3,4)","J0;J3","2","J0;J3","2","J0;J3","2","J3;J0","2","J0;J3","2"
"4289","J0:[0,3);J1:[1,5);J2:[2,4);J3:[3,5)","J0;J3","2","J0;J3","2","J0;J3","2","J2","1","J0;J3","2"
"4290","J0:[0,3);J1:[1,5);J2:[2,4);J3:[3,6)","J0;J3","2","J0;J3","2","J0;J3","2","J2","1","J0;J3","2"
"4291","J0:[0,3);J1:[1,5);J2:[2,4);J3:[4,5)","J0;J3","2","J0;J3","2","J0;J3","2","J3;J2","2","J2;J3","2"
"4292","J0:[0,3);J1:[1,5);J2:[2,4);J3:[4,6)","J0;J3","2","J0;J3","2","J0;J3","2","J2;J3","2","J2;J3","2"
"4293","J0:[0,3);J1:[1,5);J2:[2,4);J3:[5,6)","J0;J3","2","J0;J3","2","J0;J3","2","J3;J2","2","J2;J3","2"
"4294","J0:[0,3);J1:[1,5);J2:[2,5);J3:[2,6)","J0","1","J0","1","J0","1","J0","1","J3","1"
"4295","J0:[0,3);J1:[1,5);J2:[2,5);J3:[3,4)","J0;J3","2","J0;J3","2","J0;J3","2","J3;J0","2","J0;J3","2"
"4296","J0:[0,3);J1:[1,5);J2:[2,5);J3:[3,5)","J0;J3","2","J0;J3","2","J0;J3","2","J3;J0","2","J0;J3","2"
"4297","J0:[0,3);J1:[1,5);J2:[2,5);J3:[3,6)","J0;J3","2","J0;J3","2","J0;J3","2","J0;J3","2","J0;J3","2"
"4298","J0:[0,3);J1:[1,5);J2:[2,5);J3:[4,5)","J0;J3","2","J0;J3","2","J0;J3","2","J3;J0","2","J0;J3","2"
"4299","J0:[0,3);J1:[1,5);J2:[2,5);J3:[4,6)","J0;J3","2","J0;J3","2","J0;J3","2","J3;J0","2","J0;J3","2"
"4300","J0:[0,3);J1:[1,5);J2:[2,5);J3:[5,6)","J0;J3","2","J0;J3","2","J0;J3","2","J3;J0","2","J2;J3","2"
"4301","J0:[0,3);J1:[1,5);J2:[2,6);J3:[3,4)","J0;J3","2","J0;J3","2","J0;J3","2","J3;J0","2","J0;J3","2"
"4302","J0:[0,3);J1:[1,5);J2:[2,6);J3:[3,5)","J0;J3","2","J0;J3","2","J0;J3","2","J3;J0","2","J0;J3","2"
"4303","J0:[0,3);J1:[1,5);J2:[2,6);J3:[3,6)","J0;J3","2","J0;J3","2","J0;J3","2","J0;J3","2","J0;J3","2"
"4304","J0:[0,3);J1:[1,5);J2:[2,6);J3:[4,5)","J0;J3","2","J0;J3","2","J0;J3","2","J3;J0","2","J0;J3","2"
"4305","J0:[0,3);J1:[1,5);J2:[2,6);J3:[4,6)","J0;J3","2","J0;J3","2","J0;J3","2","J3;J0","2","J0;J3","2"
"4306","J0:[0,3);J1:[1,5);J2:[2,6);J3:[5,6)","J0;J3","2","J0;J3","2","J0;J3","2","J3;J0","2","J1;J3","2"
"4307","J0:[0,3);J1:[1,5);J2:[3,4);J3:[3,5)","J0;J2","2","J0;J2","2","J0;J2","2","J2;J0","2","J0;J3","2"
"4308","J0:[0,3);J1:[1,5);J2:[3,4);J3:[3,6)","J0;J2","2","J0;J2","2","J0;J2","2","J2;J0","2","J0;J3","2"
"4309","J0:[0,3);J1:[1,5);J2:[3,4);J3:[4,5)","J0;J2;J3","3","J0;J2;J3","3","J0;J2;J3","3","J2;J3;J0","3","J0;J2;J3","3"
"4310","J0:[0,3);J1:[1,5);J2:[3,4);J3:[4,6)","J0;J2;J3","3","J0;J2;J3","3","J0;J2;J3","3","J2;J3;J0","3","J0;J2;J3","3"
"4311","J0:[0,3);J1:[1,5);J2:[3,4);J3:[5,6)","J0;J2;J3","3","J0;J2;J3","3","J0;J2;J3","3","J2;J3;J0","3","J0;J2;J3","3"
"4312","J0:[0,3);J1:[1,5);J2:[3,5);J3:[3,6)","J0;J2","2","J0;J2","2","J0;J2","2","J2;J0","2","J0;J3","2"
"4313","J0:[0,3);J1:[1,5);J2:[3,5);J3:[4,5)","J0;J2","2","J0;J2","2","J0;J2","2","J3;J0","2","J0;J3","2"
"4314","J0:[0,3);J1:[1,5);J2:[3,5);J3:[4,6)","J0;J2","2","J0;J2","2","J0;J2","2","J2;J0","2","J0;J3","2"
"4315","J0:[0,3);J1:[1,5);J2:[3,5);J3:[5,6)","J0;J2;J3","3","J0;J2;J3","3","J0;J2;J3","3","J3;J2;J0","3","J0;J2;J3","3"
"4316","J0:[0,3);J1:[1,5);J2:[3,6);J3:[4,5)","J0;J2","2","J0;J3","2","J0;J2","2","J3;J0","2","J0;J3","2"
"4317","J0:[0,3);J1:[1,5);J2:[3,6);J3:[4,6)","J0;J2","2","J0;J2","2","J0;J2","2","J3;J0","2","J0;J3","2"
"4318","J0:[0,3);J1:[1,5);J2:[3,6);J3:[5,6)","J0;J2","2","J0;J2","2","J0;J2","2","J3;J0","2","J1;J3","2"
"4319","J0:[0,3);J1:[1,5);J2:[4,5);J3:[4,6)","J0;J2","2","J0;J2","2","J0;J2","2","J2;J0","2","J0;J3","2"
"4320","J0:[0,3);J1:[1,5);J2:[4,5);J3:[5,6)","J0;J2;J3","3","J0;J2;J3","3","J0;J2;J3","3","J2;J3;J0","3","J0;J2;J3","3"
"4321","J0:[0,3);J1:[1,5);J2:[4,6);J3:[5,6)","J0;J2","2","J0;J2","2","J0;J2","2","J3;J0","2","J1;J3","2"
"4322","J0:[0,3);J1:[1,6);J2:[2,3);J3:[2,4)","J0","1","J0","1","J0","1","J2","1","J3","1"
"4323","J0:[0,3);J1:[1,6);J2:[2,3);J3:[2,5)","J0","1","J0","1","J0","1","J2","1","J3","1"
"4324","J0:[0,3);J1:[1,6);J2:[2,3);J3:[2,6)","J0","1","J0","1","J0","1","J2","1","J3","1"
"4325","J0:[0,3);J1:[1,6);J2:[2,3);J3:[3,4)","J0;J3","2","J0;J3","2","J0;J3","2","J2;J3","2","J2;J3","2"
"4326","J0:[0,3);J1:[1,6);J2:[2,3);J3:[3,5)","J0;J3","2","J0;J3","2","J0;J3","2","J2;J3","2","J2;J3","2"
"4327","J0:[0,3);J1:[1,6);J2:[2,3);J3:[3,6)","J0;J3","2","J0;J3","2","J0;J3","2","J2;J3","2","J2;J3","2"
"4328","J0:[0,3);J1:[1,6);J2:[2,3);J3:[4,5)","J0;J3","2","J0;J3","2","J0;J3","2","J2;J3","2","J2;J3","2"
"4329","J0:[0,3);J1:[1,6);J2:[2,3);J3:[4,6)","J0;J3","2","J0;J3","2","J0;J3","2","J2;J3","2","J2;J3","2"
"4330","J0:[0,3);J1:[1,6);J2:[2,3);J3:[5,6)","J0;J3","2","J0;J3","2","J0;J3","2","J2;J3","2","J2;J3","2"
"4331","J0:[0,3);J1:[1,6);J2:[2,4);J3:[2,5)","J0","1","J0","1","J0","1","J2","1","J3","1"
"4332","J0:[0,3);J1:[1,6);J2:[2,4);J3:[2,6)","J0","1","J0","1","J0","1","J2","1","J3","1"
"4333","J0:[0,3);J1:[1,6);J2:[2,4);J3:[3,4)","J0;J3","2","J0;J3","2","J0;J3","2","J3;J0","2","J0;J3","2"
"4334","J0:[0,3);J1:[1,6);J2:[2,4);J3:[3,5)","J0;J3","2","J0;J3","2","J0;J3","2","J2","1","J0;J3","2"
"4335","J0:[0,3);J1:[1,6);J2:[2,4);J3:[3,6)","J0;J3","2","J0;J3","2","J0;J3","2","J2","1","J0;J3","2"
"4336","J0:[0,3);J1:[1,6);J2:[2,4);J3:[4,5)","J0;J3","2","J0;J3","2","J0;J3","2","J3;J2","2","J2;J3","2"
"4337","J0:[0,3);J1:[1,6);J2:[2,4);J3:[4,6)","J0;J3","2","J0;J3","2","J0;J3","2","J2;J3","2","J2;J3","2"
"4338","J0:[0,3);J1:[1,6);J2:[2,4);J3:[5,6)","J0;J3","2","J0;J3","2","J0;J3","2","J3;J2","2","J2;J3","2"
"4339","J0:[0,3);J1:[1,6);J2:[2,5);J3:[2,6)","J0","1","J0","1","J0","1","J0","1","J3","1"
"4340","J0:[0,3);J1:[1,6);J2:[2,5);J3:[3,4)","J0;J3","2","J0;J3","2","J0;J3","2","J3;J0","2","J0;J3","2"
"4341","J0:[0,3);J1:[1,6);J2:[2,5);J3:[3,5)","J0;J3","2","J0;J3","2","J0;J3","2","J3;J0","2","J0;J3","2"
"4342","J0:[0,3);J1:[1,6);J2:[2,5);J3:[3,6)","J0;J3","2","J0;J3","2","J0;J3","2","J0;J3","2","J0;J3","2"
"4343","J0:[0,3);J1:[1,6);J2:[2,5);J3:[4,5)","J0;J3","2","J0;J3","2","J0;J3","2","J3;J0","2","J0;J3","2"
"4344","J0:[0,3);J1:[1,6);J2:[2,5);J3:[4,6)","J0;J3","2","J0;J3","2","J0;J3","2","J3;J0","2","J0;J3","2"
"4345","J0:[0,3);J1:[1,6);J2:[2,5);J3:[5,6)","J0;J3","2","J0;J3","2","J0;J3","2","J3;J0","2","J2;J3","2"
"4346","J0:[0,3);J1:[1,6);J2:[2,6);J3:[3,4)","J0;J3","2","J0;J3","2","J0;J3","2","J3;J0","2","J0;J3","2"
"4347","J0:[0,3);J1:[1,6);J2:[2,6);J3:[3,5)","J0;J3","2","J0;J3","2","J0;J3","2","J3;J0","2","J0;J3","2"
"4348","J0:[0,3);J1:[1,6);J2:[2,6);J3:[3,6)","J0;J3","2","J0;J3","2","J0;J3","2","J0;J3","2","J0;J3","2"
"4349","J0:[0,3);J1:[1,6);J2:[2,6);J3:[4,5)","J0;J3","2","J0;J3","2","J0;J3","2","J3;J0","2","J0;J3","2"
"4350","J0:[0,3);J1:[1,6);J2:[2,6);J3:[4,6)","J0;J3","2","J0;J3","2","J0;J3","2","J3;J0","2","J0;J3","2"
"4351","J0:[0,3);J1:[1,6);J2:[2,6);J3:[5,6)","J0;J3","2","J0;J3","2","J0;J3","2","J3;J0","2","J0;J3","2"
"4352","J0:[0,3);J1:[1,6);J2:[3,4);J3:[3,5)","J0;J2","2","J0;J2","2","J0;J2","2","J2;J0","2","J0;J3","2"
"4353","J0:[0,3);J1:[1,6);J2:[3,4);J3:[3,6)","J0;J2","2","J0;J2","2","J0;J2","2","J2;J0","2","J0;J3","2"
"4354","J0:[0,3);J1:[1,6);J2:[3,4);J3:[4,5)","J0;J2;J3","3","J0;J2;J3","3","J0;J2;J3","3","J2;J3;J0","3","J0;J2;J3","3"
"4355","J0:[0,3);J1:[1,6);J2:[3,4);J3:[4,6)","J0;J2;J3","3","J0;J2;J3","3","J0;J2;J3","3","J2;J3;J0","3","J0;J2;J3","3"
"4356","J0:[0,3);J1:[1,6);J2:[3,4);J3:[5,6)","J0;J2;J3","3","J0;J2;J3","3","J0;J2;J3","3","J2;J3;J0","3","J0;J2;J3","3"
"4357","J0:[0,3);J1:[1,6);J2:[3,5);J3:[3,6)","J0;J2","2","J0;J2","2","J0;J2","2","J2;J0","2","J0;J3","2"
"4358","J0:[0,3);J1:[1,6);J2:[3,5);J3:[4,5)","J0;J2","2","J0;J2","2","J0;J2","2","J3;J0","2","J0;J3","2"
"4359","J0:[0,3);J1:[1,6);J2:[3,5);J3:[4,6)","J0;J2","2","J0;J2","2","J0;J2","2","J2;J0","2","J0;J3","2"
"4360","J0:[0,3);J1:[1,6);J2:[3,5);J3:[5,6)","J0;J2;J3","3","J0;J2;J3","3","J0;J2;J3","3","J3;J2;J0","3","J0;J2;J3","3"
"4361","J0:[0,3);J1:[1,6);J2:[3,6);J3:[4,5)","J0;J2","2","J0;J3","2","J0;J2","2","J3;J0","2","J0;J3","2"
"4362","J0:[0,3);J1:[1,6);J2:[3,6);J3:[4,6)","J0;J2","2","J0;J2","2","J0;J2","2","J3;J0","2","J0;J3","2"
"4363","J0:[0,3);J1:[1,6);J2:[3,6);J3:[5,6)","J0;J2","2","J0;J2","2","J0;J2","2","J3;J0","2","J0;J3","2"
"4364","J0:[0,3);J1:[1,6);J2:[4,5);J3:[4,6)","J0;J2","2","J0;J2","2","J0;J2","2","J2;J0","2","J0;J3","2"
"4365","J0:[0,3);J1:[1,6);J2:[4,5);J3:[5,6)","J0;J2;J3","3","J0;J2;J3","3","J0;J2;J3","3","J2;J3;J0","3","J0;J2;J3","3"
"4366","J0:[0,3);J1:[1,6);J2:[4,6);J3:[5,6)","J0;J2","2","J0;J2","2","J0;J2","2","J3;J0","2","J0;J3","2"
"4367","J0:[0,3);J1:[2,3);J2:[2,4);J3:[2,5)","J0","1","J0","1","J0","1","J1","1","J3","1"
"4368","J0:[0,3);J1:[2,3);J2:[2,4);J3:[2,6)","J0","1","J0","1","J0","1","J1","1","J3","1"
"4369","J0:[0,3);J1:[2,3);J2:[2,4);J3:[3,4)","J0;J3","2","J0;J3","2","J0;J3","2","J1;J3","2","J1;J3","2"
"4370","J0:[0,3);J1:[2,3);J2:[2,4);J3:[3,5)","J0;J3","2","J0;J3","2","J0;J3","2","J1;J3","2","J1;J3","2"
"4371","J0:[0,3);J1:[2,3);J2:[2,4);J3:[3,6)","J0;J3","2","J0;J3","2","J0;J3","2","J1;J3","2","J1;J3","2"
"4372","J0:[0,3);J1:[2,3);J2:[2,4);J3:[4,5)","J0;J3","2","J0;J3","2","J0;J3","2","J1;J3","2","J2;J3","2"
"4373","J0:[0,3);J1:[2,3);J2:[2,4);J3:[4,6)","J0;J3","2","J0;J3","2","J0;J3","2","J1;J3","2","J2;J3","2"
"4374","J0:[0,3);J1:[2,3);J2:[2,4);J3:[5,6)","J0;J3","2","J0;J3","2","J0;J3","2","J1;J3","2","J2;J3","2"
"4375","J0:[0,3);J1:[2,3);J2:[2,5);J3:[2,6)","J0","1","J0","1","J0","1","J1","1","J3","1"
"4376","J0:[0,3);J1:[2,3);J2:[2,5);J3:[3,4)","J0;J3","2","J0;J3","2","J0;J3","2","J1;J3","2","J1;J3","2"
"4377","J0:[0,3);J1:[2,3);J2:[2,5);J3:[3,5)","J0;J3","2","J0;J3","2","J0;J3","2","J1;J3","2","J1;J3","2"
"4378","J0:[0,3);J1:[2,3);J2:[2,5);J3:[3,6)","J0;J3","2","J0;J3","2","J0;J3","2","J1;J3","2","J1;J3","2"
"4379","J0:[0,3);J1:[2,3);J2:[2,5);J3:[4,5)","J0;J3","2","J0;J3","2","J0;J3","2","J1;J3","2","J1;J3","2"
"4380","J0:[0,3);J1:[2,3);J2:[2,5);J3:[4,6)","J0;J3","2","J0;J3","2","J0;J3","2","J1;J3","2","J1;J3","2"
"4381","J0:[0,3);J1:[2,3);J2:[2,5);J3:[5,6)","J0;J3","2","J0;J3","2","J0;J3","2","J1;J3","2","J2;J3","2"
"4382","J0:[0,3);J1:[2,3);J2:[2,6);J3:[3,4)","J0;J3","2","J0;J3","2","J0;J3","2","J1;J3","2","J1;J3","2"
"4383","J0:[0,3);J1:[2,3);J2:[2,6);J3:[3,5)","J0;J3","2","J0;J3","2","J0;J3","2","J1;J3","2","J1;J3","2"
"4384","J0:[0,3);J1:[2,3);J2:[2,6);J3:[3,6)","J0;J3","2","J0;J3","2","J0;J3","2","J1;J3","2","J1;J3","2"
"4385","J0:[0,3);J1:[2,3);J2:[2,6);J3:[4,5)","J0;J3","2","J0;J3","2","J0;J3","2","J1;J3","2","J1;J3","2"
"4386","J0:[0,3);J1:[2,3);J2:[2,6);J3:[4,6)","J0;J3","2","J0;J3","2","J0;J3","2","J1;J3","2","J1;J3","2"
"4387","J0:[0,3);J1:[2,3);J2:[2,6);J3:[5,6)","J0;J3","2","J0;J3","2","J0;J3","2","J1;J3","2","J1;J3","2"
"4388","J0:[0,3);J1:[2,3);J2:[3,4);J3:[3,5)","J0;J2","2","J0;J2","2","J0;J2","2","J1;J2","2","J1;J3","2"
"4389","J0:[0,3);J1:[2,3);J2:[3,4);J3:[3,6)","J0;J2","2","J0;J2","2","J0;J2","2","J1;J2","2","J1;J3","2"
"4390","J0:[0,3);J1:[2,3);J2:[3,4);J3:[4,5)","J0;J2;J3","3","J0;J2;J3","3","J0;J2;J3","3","J1;J2;J3","3","J1;J2;J3","3"
"4391","J0:[0,3);J1:[2,3);J2:[3,4);J3:[4,6)","J0;J2;J3","3","J0;J2;J3","3","J0;J2;J3","3","J1;J2;J3","3","J1;J2;J3","3"
"4392","J0:[0,3);J1:[2,3);J2:[3,4);J3:[5,6)","J0;J2;J3","3","J0;J2;J3","3","J0;J2;J3","3","J1;J2;J3","3","J1;J2;J3","3"
"4393","J0:[0,3);J1:[2,3);J2:[3,5);J3:[3,6)","J0;J2","2","J0;J2","2","J0;J2","2","J1;J2","2","J1;J3","2"
"4394","J0:[0,3);J1:[2,3);J2:[3,5);J3:[4,5)","J0;J2","2","J0;J2","2","J0;J2","2","J1;J3","2","J1;J3","2"
"4395","J0:[0,3);J1:[2,3);J2:[3,5);J3:[4,6)","J0;J2","2","J0;J2","2","J0;J2","2","J1;J2","2","J1;J3","2"
"4396","J0:[0,3);J1:[2,3);J2:[3,5);J3:[5,6)","J0;J2;J3","3","J0;J2;J3","3","J0;J2;J3","3","J1;J3;J2","3","J1;J2;J3","3"
"4397","J0:[0,3);J1:[2,3);J2:[3,6);J3:[4,5)","J0;J2","2","J0;J3","2","J0;J2","2","J1;J3","2","J1;J3","2"
"4398","J0:[0,3);J1:[2,3);J2:[3,6);J3:[4,6)","J0;J2","2","J0;J2","2","J0;J2","2","J1;J3","2","J1;J3","2"
"4399","J0:[0,3);J1:[2,3);J2:[3,6);J3:[5,6)","J0;J2","2","J0;J2","2","J0;J2","2","J1;J3","2","J1;J3","2"
"4400","J0:[0,3);J1:[2,3);J2:[4,5);J3:[4,6)","J0;J2","2","J0;J2","2","J0;J2","2","J1;J2","2","J1;J3","2"
"4401","J0:[0,3);J1:[2,3);J2:[4,5);J3:[5,6)","J0;J2;J3","3","J0;J2;J3","3","J0;J2;J3","3","J1;J2;J3","3","J1;J2;J3","3"
"4402","J0:[0,3);J1:[2,3);J2:[4,6);J3:[5,6)","J0;J2","2","J0;J2","2","J0;J2","2","J1;J3","2","J1;J3","2"
"4403","J0:[0,3);J1:[2,4);J2:[2,5);J3:[2,6)","J0","1","J0","1","J0","1","J1","1","J3","1"
"4404","J0:[0,3);J1:[2,4);J2:[2,5);J3:[3,4)","J0;J3","2","J0;J3","2","J0;J3","2","J3;J0","2","J0;J3","2"
"4405","J0:[0,3);J1:[2,4);J2:[2,5);J3:[3,5)","J0;J3","2","J0;J3","2","J0;J3","2","J1","1","J0;J3","2"
"4406","J0:[0,3);J1:[2,4);J2:[2,5);J3:[3,6)","J0;J3","2","J0;J3","2","J0;J3","2","J1","1","J0;J3","2"
"4407","J0:[0,3);J1:[2,4);J2:[2,5);J3:[4,5)","J0;J3","2","J0;J3","2","J0;J3","2","J3;J1","2","J1;J3","2"
"4408","J0:[0,3);J1:[2,4);J2:[2,5);J3:[4,6)","J0;J3","2","J0;J3","2","J0;J3","2","J1;J3","2","J1;J3","2"
"4409","J0:[0,3);J1:[2,4);J2:[2,5);J3:[5,6)","J0;J3","2","J0;J3","2","J0;J3","2","J3;J1","2","J2;J3","2"
"4410","J0:[0,3);J1:[2,4);J2:[2,6);J3:[3,4)","J0;J3","2","J0;J3","2","J0;J3","2","J3;J0","2","J0;J3","2"
"4411","J0:[0,3);J1:[2,4);J2:[2,6);J3:[3,5)","J0;J3","2","J0;J3","2","J0;J3","2","J1","1","J0;J3","2"
"4412","J0:[0,3);J1:[2,4);J2:[2,6);J3:[3,6)","J0;J3","2","J0;J3","2","J0;J3","2","J1","1","J0;J3","2"
"4413","J0:[0,3);J1:[2,4);J2:[2,6);J3:[4,5)","J0;J3","2","J0;J3","2","J0;J3","2","J3;J1","2","J1;J3","2"
"4414","J0:[0,3);J1:[2,4);J2:[2,6);J3:[4,6)","J0;J3","2","J0;J3","2","J0;J3","2","J1;J3","2","J1;J3","2"
"4415","J0:[0,3);J1:[2,4);J2:[2,6);J3:[5,6)","J0;J3","2","J0;J3","2","J0;J3","2","J3;J1","2","J1;J3","2"
"4416","J0:[0,3);J1:[2,4);J2:[3,4);J3:[3,5)","J0;J2","2","J0;J2","2","J0;J2","2","J2;J0","2","J0;J3","2"
"4417","J0:[0,3);J1:[2,4);J2:[3,4);J3:[3,6)","J0;J2","2","J0;J2","2","J0;J2","2","J2;J0","2","J0;J3","2"
"4418","J0:[0,3);J1:[2,4);J2:[3,4);J3:[4,5)","J0;J2;J3","3","J0;J2;J3","3","J0;J2;J3","3","J2;J3;J0","3","J0;J2;J3","3"
"4419","J0:[0,3);J1:[2,4);J2:[3,4);J3:[4,6)","J0;J2;J3","3","J0;J2;J3","3","J0;J2;J3","3","J2;J3;J0","3","J0;J2;J3","3"
"4420","J0:[0,3);J1:[2,4);J2:[3,4);J3:[5,6)","J0;J2;J3","3","J0;J2;J3","3","J0;J2;J3","3","J2;J3;J0","3","J0;J2;J3","3"
"4421","J0:[0,3);J1:[2,4);J2:[3,5);J3:[3,6)","J0;J2","2","J0;J2","2","J0;J2","2","J1","1","J0;J3","2"
"4422","J0:[0,3);J1:[2,4);J2:[3,5);J3:[4,5)","J0;J2","2","J0;J2","2","J0;J2","2","J3;J1","2","J1;J3","2"
"4423","J0:[0,3);J1:[2,4);J2:[3,5);J3:[4,6)","J0;J2","2","J0;J2","2","J0;J2","2","J1;J3","2","J1;J3","2"
"4424","J0:[0,3);J1:[2,4);J2:[3,5);J3:[5,6)","J0;J2;J3","3","J0;J2;J3","3","J0;J2;J3","3","J3;J1","2","J0;J2;J3","3"
"4425","J0:[0,3);J1:[2,4);J2:[3,6);J3:[4,5)","J0;J2","2","J0;J3","2","J0;J2","2","J3;J1","2","J1;J3","2"
"4426","J0:[0,3);J1:[2,4);J2:[3,6);J3:[4,6)","J0;J2","2","J0;J2","2","J0;J2","2","J1;J3","2","J1;J3","2"
"4427","J0:[0,3);J1:[2,4);J2:[3,6);J3:[5,6)","J0;J2","2","J0;J2","2","J0;J2","2","J3;J1","2","J1;J3","2"
"4428","J0:[0,3);J1:[2,4);J2:[4,5);J3:[4,6)","J0;J2","2","J0;J2","2","J0;J2","2","J2;J1","2","J1;J3","2"
"4429","J0:[0,3);J1:[2,4);J2:[4,5);J3:[5,6)","J0;J2;J3","3","J0;J2;J3","3","J0;J2;J3","3","J2;J3;J1","3","J1;J2;J3","3"
"4430","J0:[0,3);J1:[2,4);J2:[4,6);J3:[5,6)","J0;J2","2","J0;J2","2","J0;J2","2","J3;J1","2","J1;J3","2"
"4431","J0:[0,3);J1:[2,5);J2:[2,6);J3:[3,4)","J0;J3","2","J0;J3","2","J0;J3","2","J3;J0","2","J0;J3","2"
"4432","J0:[0,3);J1:[2,5);J2:[2,6);J3:[3,5)","J0;J3","2","J0;J3","2","J0;J3","2","J3;J0","2","J0;J3","2"
"4433","J0:[0,3);J1:[2,5);J2:[2,6);J3:[3,6)","J0;J3","2","J0;J3","2","J0;J3","2","J0;J3","2","J0;J3","2"
"4434","J0:[0,3);J1:[2,5);J2:[2,6);J3:[4,5)","J0;J3","2","J0;J3","2","J0;J3","2","J3;J0","2","J0;J3","2"
"4435","J0:[0,3);J1:[2,5);J2:[2,6);J3:[4,6)","J0;J3","2","J0;J3","2","J0;J3","2","J3;J0","2","J0;J3","2"
"4436","J0:[0,3);J1:[2,5);J2:[2,6);J3:[5,6)","J0;J3","2","J0;J3","2","J0;J3","2","J3;J0","2","J1;J3","2"
"4437","J0:[0,3);J1:[2,5);J2:[3,4);J3:[3,5)","J0;J2","2","J0;J2","2","J0;J2","2","J2;J0","2","J0;J3","2"
"4438","J0:[0,3);J1:[2,5);J2:[3,4);J3:[3,6)","J0;J2","2","J0;J2","2","J0;J2","2","J2;J0","2","J0;J3","2"
"4439","J0:[0,3);J1:[2,5);J2:[3,4);J3:[4,5)","J0;J2;J3","3","J0;J2;J3","3","J0;J2;J3","3","J2;J3;J0","3","J0;J2;J3","3"
"4440","J0:[0,3);J1:[2,5);J2:[3,4);J3:[4,6)","J0;J2;J3","3","J0;J2;J3","3","J0;J2;J3","3","J2;J3;J0","3","J0;J2;J3","3"
"4441","J0:[0,3);J1:[2,5);J2:[3,4);J3:[5,6)","J0;J2;J3","3","J0;J2;J3","3","J0;J2;J3","3","J2;J3;J0","3","J0;J2;J3","3"
"4442","J0:[0,3);J1:[2,5);J2:[3,5);J3:[3,6)","J0;J2","2","J0;J2","2","J0;J2","2","J2;J0","2","J0;J3","2"
"4443","J0:[0,3);J1:[2,5);J2:[3,5);J3:[4,5)","J0;J2","2","J0;J2","2","J0;J2","2","J3;J0","2","J0;J3","2"
"4444","J0:[0,3);J1:[2,5);J2:[3,5);J3:[4,6)","J0;J2","2","J0;J2","2","J0;J2","2","J2;J0","2","J0;J3","2"
"4445","J0:[0,3);J1:[2,5);J2:[3,5);J3:[5,6)","J0;J2;J3","3","J0;J2;J3","3","J0;J2;J3","3","J3;J2;J0","3","J0;J2;J3","3"
"4446","J0:[0,3);J1:[2,5);J2:[3,6);J3:[4,5)","J0;J2","2","J0;J3","2","J0;J2","2","J3;J0","2","J0;J3","2"
"4447","J0:[0,3);J1:[2,5);J2:[3,6);J3:[4,6)","J0;J2","2","J0;J2","2","J0;J2","2","J3;J0","2","J0;J3","2"
"4448","J0:[0,3);J1:[2,5);J2:[3,6);J3:[5,6)","J0;J2","2","J0;J2","2","J0;J2","2","J3;J0","2","J1;J3","2"
"4449","J0:[0,3);J1:[2,5);J2:[4,5);J3:[4,6)","J0;J2","2","J0;J2","2","J0;J2","2","J2;J0","2","J0;J3","2"
"4450","J0:[0,3);J1:[2,5);J2:[4,5);J3:[5,6)","J0;J2;J3","3","J0;J2;J3","3","J0;J2;J3","3","J2;J3;J0","3","J0;J2;J3","3"
"4451","J0:[0,3);J1:[2,5);J2:[4,6);J3:[5,6)","J0;J2","2","J0;J2","2","J0;J2","2","J3;J0","2","J1;J3","2"
"4452","J0:[0,3);J1:[2,6);J2:[3,4);J3:[3,5)","J0;J2","2","J0;J2","2","J0;J2","2","J2;J0","2","J0;J3","2"
"4453","J0:[0,3);J1:[2,6);J2:[3,4);J3:[3,6)","J0;J2","2","J0;J2","2","J0;J2","2","J2;J0","2","J0;J3","2"
"4454","J0:[0,3);J1:[2,6);J2:[3,4);J3:[4,5)","J0;J2;J3","3","J0;J2;J3","3","J0;J2;J3","3","J2;J3;J0","3","J0;J2;J3","3"
"4455","J0:[0,3);J1:[2,6);J2:[3,4);J3:[4,6)","J0;J2;J3","3","J0;J2;J3","3","J0;J2;J3","3","J2;J3;J0","3","J0;J2;J3","3"
"4456","J0:[0,3);J1:[2,6);J2:[3,4);J3:[5,6)","J0;J2;J3","3","J0;J2;J3","3","J0;J2;J3","3","J2;J3;J0","3","J0;J2;J3","3"
"4457","J0:[0,3);J1:[2,6);J2:[3,5);J3:[3,6)","J0;J2","2","J0;J2","2","J0;J2","2","J2;J0","2","J0;J3","2"
"4458","J0:[0,3);J1:[2,6);J2:[3,5);J3:[4,5)","J0;J2","2","J0;J2","2","J0;J2","2","J3;J0","2","J0;J3","2"
"4459","J0:[0,3);J1:[2,6);J2:[3,5);J3:[4,6)","J0;J2","2","J0;J2","2","J0;J2","2","J2;J0","2","J0;J3","2"
"4460","J0:[0,3);J1:[2,6);J2:[3,5);J3:[5,6)","J0;J2;J3","3","J0;J2;J3","3","J0;J2;J3","3","J3;J2;J0","3","J0;J2;J3","3"
"4461","J0:[0,3);J1:[2,6);J2:[3,6);J3:[4,5)","J0;J2","2","J0;J3","2","J0;J2","2","J3;J0","2","J0;J3","2"
"4462","J0:[0,3);J1:[2,6);J2:[3,6);J3:[4,6)","J0;J2","2","J0;J2","2","J0;J2","2","J3;J0","2","J0;J3","2"
"4463","J0:[0,3);J1:[2,6);J2:[3,6);J3:[5,6)","J0;J2","2","J0;J2","2","J0;J2","2","J3;J0","2","J0;J3","2"
"4464","J0:[0,3);J1:[2,6);J2:[4,5);J3:[4,6)","J0;J2","2","J0;J2","2","J0;J2","2","J2;J0","2","J0;J3","2"
"4465","J0:[0,3);J1:[2,6);J2:[4,5);J3:[5,6)","J0;J2;J3","3","J0;J2;J3","3","J0;J2;J3","3","J2;J3;J0","3","J0;J2;J3","3"
"4466","J0:[0,3);J1:[2,6);J2:[4,6);J3:[5,6)","J0;J2","2","J0;J2","2","J0;J2","2","J3;J0","2","J0;J3","2"
"4467","J0:[0,3);J1:[3,4);J2:[3,5);J3:[3,6)","J0;J1","2","J0;J1","2","J0;J1","2","J1;J0","2","J0;J3","2"
"4468","J0:[0,3);J1:[3,4);J2:[3,5);J3:[4,5)","J0;J1;J3","3","J0;J1;J3","3","J0;J1;J3","3","J1;J3;J0","3","J0;J1;J3","3"
"4469","J0:[0,3);J1:[3,4);J2:[3,5);J3:[4,6)","J0;J1;J3","3","J0;J1;J3","3","J0;J1;J3","3","J1;J3;J0","3","J0;J1;J3","3"
"4470","J0:[0,3);J1:[3,4);J2:[3,5);J3:[5,6)","J0;J1;J3","3","J0;J1;J3","3","J0;J1;J3","3","J1;J3;J0","3","J0;J2;J3","3"
"4471","J0:[0,3);J1:[3,4);J2:[3,6);J3:[4,5)","J0;J1;J3","3","J0;J1;J3","3","J0;J1;J3","3","J1;J3;J0","3","J0;J1;J3","3"
"4472","J0:[0,3);J1:[3,4);J2:[3,6);J3:[4,6)","J0;J1;J3","3","J0;J1;J3","3","J0;J1;J3","3","J1;J3;J0","3","J0;J1;J3","3"
"4473","J0:[0,3);J1:[3,4);J2:[3,6);J3:[5,6)","J0;J1;J3","3","J0;J1;J3","3","J0;J1;J3","3","J1;J3;J0","3","J0;J1;J3","3"
"4474","J0:[0,3);J1:[3,4);J2:[4,5);J3:[4,6)","J0;J1;J2","3","J0;J1;J2","3","J0;J1;J2","3","J1;J2;J0","3","J0;J1;J3","3"
"4475","J0:[0,3);J1:[3,4);J2:[4,5);J3:[5,6)","J0;J1;J2;J3","4","J0;J1;J2;J3","4","J0;J1;J2;J3","4","J1;J2;J3;J0","4","J0;J1;J2;J3","4"
"4476","J0:[0,3);J1:[3,4);J2:[4,6);J3:[5,6)","J0;J1;J2","3","J0;J1;J2","3","J0;J1;J2","3","J1;J3;J0","3","J0;J1;J3","3"
"4477","J0:[0,3);J1:[3,5);J2:[3,6);J3:[4,5)","J0;J1","2","J0;J1","2","J0;J1","2","J3;J0","2","J0;J3","2"
"4478","J0:[0,3);J1:[3,5);J2:[3,6);J3:[4,6)","J0;J1","2","J0;J1","2","J0;J1","2","J1;J0","2","J0;J3","2"
"4479","J0:[0,3);J1:[3,5);J2:[3,6);J3:[5,6)","J0;J1;J3","3","J0;J1;J3","3","J0;J1;J3","3","J3;J1;J0","3","J0;J1;J3","3"
"4480","J0:[0,3);J1:[3,5);J2:[4,5);J3:[4,6)","J0;J1","2","J0;J1","2","J0;J1","2","J2;J0","2","J0;J3","2"
"4481","J0:[0,3);J1:[3,5);J2:[4,5);J3:[5,6)","J0;J1;J3","3","J0;J1;J3","3","J0;J1;J3","3","J2;J3;J0","3","J0;J2;J3","3"
"4482","J0:[0,3);J1:[3,5);J2:[4,6);J3:[5,6)","J0;J1;J3","3","J0;J1;J3","3","J0;J1;J3","3","J3;J1;J0","3","J0;J1;J3","3"
"4483","J0:[0,3);J1:[3,6);J2:[4,5);J3:[4,6)","J0;J1","2","J0;J2","2","J0;J1","2","J2;J0","2","J0;J3","2"
"4484","J0:[0,3);J1:[3,6);J2:[4,5);J3:[5,6)","J0;J2;J3","3","J0;J2;J3","3","J0;J1","2","J2;J3;J0","3","J0;J2;J3","3"
"4485","J0:[0,3);J1:[3,6);J2:[4,6);J3:[5,6)","J0;J1","2","J0;J1","2","J0;J1","2","J3;J0","2","J0;J3","2"
"4486","J0:[0,3);J1:[4,5);J2:[4,6);J3:[5,6)","J0;J1;J3","3","J0;J1;J3","3","J0;J1;J3","3","J1;J3;J0","3","J0;J1;J3","3"
"4487","J0:[0,4);J1:[0,5);J2:[0,6);J3:[1,2)","J0","1","J3","1","J0","1","J3","1","J3","1"
"4488","J0:[0,4);J1:[0,5);J2:[0,6);J3:[1,3)","J0","1","J3","1","J0","1","J3","1","J3","1"
"4489","J0:[0,4);J1:[0,5);J2:[0,6);J3:[1,4)","J0","1","J0","1","J0","1","J3","1","J3","1"
"4490","J0:[0,4);J1:[0,5);J2:[0,6);J3:[1,5)","J0","1","J0","1","J0","1","J0","1","J3","1"
"4491","J0:[0,4);J1:[0,5);J2:[0,6);J3:[1,6)","J0","1","J0","1","J0","1","J0","1","J3","1"
"4492","J0:[0,4);J1:[0,5);J2:[0,6);J3:[2,3)","J0","1","J3","1","J0","1","J3","1","J3","1"
"4493","J0:[0,4);J1:[0,5);J2:[0,6);J3:[2,4)","J0","1","J0","1","J0","1","J3","1","J3","1"
"4494","J0:[0,4);J1:[0,5);J2:[0,6);J3:[2,5)","J0","1","J0","1","J0","1","J3","1","J3","1"
"4495","J0:[0,4);J1:[0,5);J2:[0,6);J3:[2,6)","J0","1","J0","1","J0","1","J0","1","J3","1"
"4496","J0:[0,4);J1:[0,5);J2:[0,6);J3:[3,4)","J0","1","J0","1","J0","1","J3","1","J3","1"
"4497","J0:[0,4);J1:[0,5);J2:[0,6);J3:[3,5)","J0","1","J0","1","J0","1","J3","1","J3","1"
"4498","J0:[0,4);J1:[0,5);J2:[0,6);J3:[3,6)","J0","1","J0","1","J0","1","J3","1","J3","1"
"4499","J0:[0,4);J1:[0,5);J2:[0,6);J3:[4,5)","J0;J3","2","J0;J3","2","J0;J3","2","J3;J0","2","J0;J3","2"
"4500","J0:[0,4);J1:[0,5);J2:[0,6);J3:[4,6)","J0;J3","2","J0;J3","2","J0;J3","2","J3;J0","2","J0;J3","2"
"4501","J0:[0,4);J1:[0,5);J2:[0,6);J3:[5,6)","J0;J3","2","J0;J3","2","J0;J3","2","J3;J0","2","J1;J3","2"
"4502","J0:[0,4);J1:[0,5);J2:[1,2);J3:[1,3)","J0","1","J2","1","J0","1","J2","1","J3","1"
"4503","J0:[0,4);J1:[0,5);J2:[1,2);J3:[1,4)","J0","1","J2","1","J0","1","J2","1","J3","1"
"4504","J0:[0,4);J1:[0,5);J2:[1,2);J3:[1,5)","J0","1","J2","1","J0","1","J2","1","J3","1"
"4505","J0:[0,4);J1:[0,5);J2:[1,2);J3:[1,6)","J0","1","J2","1","J0","1","J2","1","J3","1"
"4506","J0:[0,4);J1:[0,5);J2:[1,2);J3:[2,3)","J2;J3","2","J2;J3","2","J0","1","J2;J3","2","J2;J3","2"
"4507","J0:[0,4);J1:[0,5);J2:[1,2);J3:[2,4)","J2;J3","2","J2;J3","2","J0","1","J2;J3","2","J2;J3","2"
"4508","J0:[0,4);J1:[0,5);J2:[1,2);J3:[2,5)","J2;J3","2","J2;J3","2","J0","1","J2;J3","2","J2;J3","2"
"4509","J0:[0,4);J1:[0,5);J2:[1,2);J3:[2,6)","J2;J3","2","J2;J3","2","J0","1","J2;J3","2","J2;J3","2"
"4510","J0:[0,4);J1:[0,5);J2:[1,2);J3:[3,4)","J2;J3","2","J2;J3","2","J0","1","J2;J3","2","J2;J3","2"
"4511","J0:[0,4);J1:[0,5);J2:[1,2);J3:[3,5)","J2;J3","2","J2;J3","2","J0","1","J2;J3","2","J2;J3","2"
"4512","J0:[0,4);J1:[0,5);J2:[1,2);J3:[3,6)","J2;J3","2","J2;J3","2","J0","1","J2;J3","2","J2;J3","2"
"4513","J0:[0,4);J1:[0,5);J2:[1,2);J3:[4,5)","J0;J3","2","J2;J3","2","J0;J3","2","J2;J3","2","J2;J3","2"
"4514","J0:[0,4);J1:[0,5);J2:[1,2);J3:[4,6)","J0;J3","2","J2;J3","2","J0;J3","2","J2;J3","2","J2;J3","2"
"4515","J0:[0,4);J1:[0,5);J2:[1,2);J3:[5,6)","J0;J3","2","J2;J3","2","J0;J3","2","J2;J3","2","J2;J3","2"
"4516","J0:[0,4);J1:[0,5);J2:[1,3);J3:[1,4)","J0","1","J2","1","J0","1","J2","1","J3","1"
"4517","J0:[0,4);J1:[0,5);J2:[1,3);J3:[1,5)","J0","1","J2","1","J0","1","J2","1","J3","1"
"4518","J0:[0,4);J1:[0,5);J2:[1,3);J3:[1,6)","J0","1","J2","1","J0","1","J2","1","J3","1"
"4519","J0:[0,4);J1:[0,5);J2:[1,3);J3:[2,3)","J0","1","J2","1","J0","1","J3","1","J3","1"
"4520","J0:[0,4);J1:[0,5);J2:[1,3);J3:[2,4)","J0","1","J2","1","J0","1","J2","1","J3","1"
"4521","J0:[0,4);J1:[0,5);J2:[1,3);J3:[2,5)","J0","1","J2","1","J0","1","J2","1","J3","1"
"4522","J0:[0,4);J1:[0,5);J2:[1,3);J3:[2,6)","J0","1","J2","1","J0","1","J2","1","J3","1"
"4523","J0:[0,4);J1:[0,5);J2:[1,3);J3:[3,4)","J2;J3","2","J2;J3","2","J0","1","J3;J2","2","J2;J3","2"
"4524","J0:[0,4);J1:[0,5);J2:[1,3);J3:[3,5)","J2;J3","2","J2;J3","2","J0","1","J2;J3","2","J2;J3","2"
"4525","J0:[0,4);J1:[0,5);J2:[1,3);J3:[3,6)","J2;J3","2","J2;J3","2","J0","1","J2;J3","2","J2;J3","2"
"4526","J0:[0,4);J1:[0,5);J2:[1,3);J3:[4,5)","J0;J3","2","J2;J3","2","J0;J3","2","J3;J2","2","J2;J3","2"
"4527","J0:[0,4);J1:[0,5);J2:[1,3);J3:[4,6)","J0;J3","2","J2;J3","2","J0;J3","2","J2;J3","2","J2;J3","2"
"4528","J0:[0,4);J1:[0,5);J2:[1,3);J3:[5,6)","J0;J3","2","J2;J3","2","J0;J3","2","J3;J2","2","J2;J3","2"
"4529","J0:[0,4);J1:[0,5);J2:[1,4);J3:[1,5)","J0","1","J0","1","J0","1","J2","1","J3","1"
"4530","J0:[0,4);J1:[0,5);J2:[1,4);J3:[1,6)","J0","1","J0","1","J0","1","J2","1","J3","1"
"4531","J0:[0,4);J1:[0,5);J2:[1,4);J3:[2,3)","J0","1","J3","1","J0","1","J3","1","J3","1"
"4532","J0:[0,4);J1:[0,5);J2:[1,4);J3:[2,4)","J0","1","J0","1","J0","1","J3","1","J3","1"
"4533","J0:[0,4);J1:[0,5);J2:[1,4);J3:[2,5)","J0","1","J0","1","J0","1","J2","1","J3","1"
"4534","J0:[0,4);J1:[0,5);J2:[1,4);J3:[2,6)","J0","1","J0","1","J0","1","J2","1","J3","1"
"4535","J0:[0,4);J1:[0,5);J2:[1,4);J3:[3,4)","J0","1","J0","1","J0","1","J3","1","J3","1"
"4536","J0:[0,4);J1:[0,5);J2:[1,4);J3:[3,5)","J0","1","J0","1","J0","1","J3","1","J3","1"
"4537","J0:[0,4);J1:[0,5);J2:[1,4);J3:[3,6)","J0","1","J0","1","J0","1","J2","1","J3","1"
"4538","J0:[0,4);J1:[0,5);J2:[1,4);J3:[4,5)","J0;J3","2","J0;J3","2","J0;J3","2","J3;J2","2","J2;J3","2"
"4539","J0:[0,4);J1:[0,5);J2:[1,4);J3:[4,6)","J0;J3","2","J0;J3","2","J0;J3","2","J3;J2","2","J2;J3","2"
"4540","J0:[0,4);J1:[0,5);J2:[1,4);J3:[5,6)","J0;J3","2","J0;J3","2","J0;J3","2","J3;J2","2","J2;J3","2"
"4541","J0:[0,4);J1:[0,5);J2:[1,5);J3:[1,6)","J0","1","J0","1","J0","1","J0","1","J3","1"
"4542","J0:[0,4);J1:[0,5);J2:[1,5);J3:[2,3)","J0","1","J3","1","J0","1","J3","1","J3","1"
"4543","J0:[0,4);J1:[0,5);J2:[1,5);J3:[2,4)","J0","1","J0","1","J0","1","J3","1","J3","1"
"4544","J0:[0,4);J1:[0,5);J2:[1,5);J3:[2,5)","J0","1","J0","1","J0","1","J3","1","J3","1"
"4545","J0:[0,4);J1:[0,5);J2:[1,5);J3:[2,6)","J0","1","J0","1","J0","1","J0","1","J3","1"
"4546","J0:[0,4);J1:[0,5);J2:[1,5);J3:[3,4)","J0","1","J0","1","J0","1","J3","1","J3","1"
"4547","J0:[0,4);J1:[0,5);J2:[1,5);J3:[3,5)","J0","1","J0","1","J0","1","J3","1","J3","1"
"4548","J0:[0,4);J1:[0,5);J2:[1,5);J3:[3,6)","J0","1","J0","1","J0","1","J3","1","J3","1"
"4549","J0:[0,4);J1:[0,5);J2:[1,5);J3:[4,5)","J0;J3","2","J0;J3","2","J0;J3","2","J3;J0","2","J0;J3","2"
"4550","J0:[0,4);J1:[0,5);J2:[1,5);J3:[4,6)","J0;J3","2","J0;J3","2","J0;J3","2","J3;J0","2","J0;J3","2"
"4551","J0:[0,4);J1:[0,5);J2:[1,5);J3:[5,6)","J0;J3","2","J0;J3","2","J0;J3","2","J3;J0","2","J2;J3","2"
"4552","J0:[0,4);J1:[0,5);J2:[1,6);J3:[2,3)","J0","1","J3","1","J0","1","J3","1","J3","1"
"4553","J0:[0,4);J1:[0,5);J2:[1,6);J3:[2,4)","J0","1","J0","1","J0","1","J3","1","J3","1"
"4554","J0:[0,4);J1:[0,5);J2:[1,6);J3:[2,5)","J0","1","J0","1","J0","1","J3","1","J3","1"
"4555","J0:[0,4);J1:[0,5);J2:[1,6);J3:[2,6)","J0","1","J0","1","J0","1","J0","1","J3","1"
"4556","J0:[0,4);J1:[0,5);J2:[1,6);J3:[3,4)","J0","1","J0","1","J0","1","J3","1","J3","1"
"4557","J0:[0,4);J1:[0,5);J2:[1,6);J3:[3,5)","J0","1","J0","1","J0","1","J3","1","J3","1"
"4558","J0:[0,4);J1:[0,5);J2:[1,6);J3:[3,6)","J0","1","J0","1","J0","1","J3","1","J3","1"
"4559","J0:[0,4);J1:[0,5);J2:[1,6);J3:[4,5)","J0;J3","2","J0;J3","2","J0;J3","2","J3;J0","2","J0;J3","2"
"4560","J0:[0,4);J1:[0,5);J2:[1,6);J3:[4,6)","J0;J3","2","J0;J3","2","J0;J3","2","J3;J0","2","J0;J3","2"
"4561","J0:[0,4);J1:[0,5);J2:[1,6);J3:[5,6)","J0;J3","2","J0;J3","2","J0;J3","2","J3;J0","2","J1;J3","2"
"4562","J0:[0,4);J1:[0,5);J2:[2,3);J3:[2,4)","J0","1","J2","1","J0","1","J2","1","J3","1"
"4563","J0:[0,4);J1:[0,5);J2:[2,3);J3:[2,5)","J0","1","J2","1","J0","1","J2","1","J3","1"
"4564","J0:[0,4);J1:[0,5);J2:[2,3);J3:[2,6)","J0","1","J2","1","J0","1","J2","1","J3","1"
"4565","J0:[0,4);J1:[0,5);J2:[2,3);J3:[3,4)","J2;J3","2","J2;J3","2","J0","1","J2;J3","2","J2;J3","2"
"4566","J0:[0,4);J1:[0,5);J2:[2,3);J3:[3,5)","J2;J3","2","J2;J3","2","J0","1","J2;J3","2","J2;J3","2"
"4567","J0:[0,4);J1:[0,5);J2:[2,3);J3:[3,6)","J2;J3","2","J2;J3","2","J0","1","J2;J3","2","J2;J3","2"
"4568","J0:[0,4);J1:[0,5);J2:[2,3);J3:[4,5)","J0;J3","2","J2;J3","2","J0;J3","2","J2;J3","2","J2;J3","2"
"4569","J0:[0,4);J1:[0,5);J2:[2,3);J3:[4,6)","J0;J3","2","J2;J3","2","J0;J3","2","J2;J3","2","J2;J3","2"
"4570","J0:[0,4);J1:[0,5);J2:[2,3);J3:[5,6)","J0;J3","2","J2;J3","2","J0;J3","2","J2;J3","2","J2;J3","2"
"4571","J0:[0,4);J1:[0,5);J2:[2,4);J3:[2,5)","J0","1","J0","1","J0","1","J2","1","J3","1"
"4572","J0:[0,4);J1:[0,5);J2:[2,4);J3:[2,6)","J0","1","J0","1","J0","1","J2","1","J3","1"
"4573","J0:[0,4);J1:[0,5);J2:[2,4);J3:[3,4)","J0","1","J0","1","J0","1","J3","1","J3","1"
"4574","J0:[0,4);J1:[0,5);J2:[2,4);J3:[3,5)","J0","1","J0","1","J0","1","J2","1","J3","1"
"4575","J0:[0,4);J1:[0,5);J2:[2,4);J3:[3,6)","J0","1","J0","1","J0","1","J2","1","J3","1"
"4576","J0:[0,4);J1:[0,5);J2:[2,4);J3:[4,5)","J0;J3","2","J0;J3","2","J0;J3","2","J3;J2","2","J2;J3","2"
"4577","J0:[0,4);J1:[0,5);J2:[2,4);J3:[4,6)","J0;J3","2","J0;J3","2","J0;J3","2","J2;J3","2","J2;J3","2"
"4578","J0:[0,4);J1:[0,5);J2:[2,4);J3:[5,6)","J0;J3","2","J0;J3","2","J0;J3","2","J3;J2","2","J2;J3","2"
"4579","J0:[0,4);J1:[0,5);J2:[2,5);J3:[2,6)","J0","1","J0","1","J0","1","J2","1","J3","1"
"4580","J0:[0,4);J1:[0,5);J2:[2,5);J3:[3,4)","J0","1","J0","1","J0","1","J3","1","J3","1"
"4581","J0:[0,4);J1:[0,5);J2:[2,5);J3:[3,5)","J0","1","J0","1","J0","1","J3","1","J3","1"
"4582","J0:[0,4);J1:[0,5);J2:[2,5);J3:[3,6)","J0","1","J0","1","J0","1","J2","1","J3","1"
"4583","J0:[0,4);J1:[0,5);J2:[2,5);J3:[4,5)","J0;J3","2","J0;J3","2","J0;J3","2","J3;J0","2","J0;J3","2"
"4584","J0:[0,4);J1:[0,5);J2:[2,5);J3:[4,6)","J0;J3","2","J0;J3","2","J0;J3","2","J3;J0","2","J0;J3","2"
"4585","J0:[0,4);J1:[0,5);J2:[2,5);J3:[5,6)","J0;J3","2","J0;J3","2","J0;J3","2","J3;J2","2","J2;J3","2"
"4586","J0:[0,4);J1:[0,5);J2:[2,6);J3:[3,4)","J0","1","J0","1","J0","1","J3","1","J3","1"
"4587","J0:[0,4);J1:[0,5);J2:[2,6);J3:[3,5)","J0","1","J0","1","J0","1","J3","1","J3","1"
"4588","J0:[0,4);J1:[0,5);J2:[2,6);J3:[3,6)","J0","1","J0","1","J0","1","J3","1","J3","1"
"4589","J0:[0,4);J1:[0,5);J2:[2,6);J3:[4,5)","J0;J3","2","J0;J3","2","J0;J3","2","J3;J0","2","J0;J3","2"
"4590","J0:[0,4);J1:[0,5);J2:[2,6);J3:[4,6)","J0;J3","2","J0;J3","2","J0;J3","2","J3;J0","2","J0;J3","2"
"4591","J0:[0,4);J1:[0,5);J2:[2,6);J3:[5,6)","J0;J3","2","J0;J3","2","J0;J3","2","J3;J0","2","J1;J3","2"
"4592","J0:[0,4);J1:[0,5);J2:[3,4);J3:[3,5)","J0","1","J0","1","J0","1","J2","1","J3","1"
"4593","J0:[0,4);J1:[0,5);J2:[3,4);J3:[3,6)","J0","1","J0","1","J0","1","J2","1","J3","1"
"4594","J0:[0,4);J1:[0,5);J2:[3,4);J3:[4,5)","J0;J3","2","J0;J3","2","J0;J3","2","J2;J3","2","J2;J3","2"
"4595","J0:[0,4);J1:[0,5);J2:[3,4);J3:[4,6)","J0;J3","2","J0;J3","2","J0;J3","2","J2;J3","2","J2;J3","2"
"4596","J0:[0,4);J1:[0,5);J2:[3,4);J3:[5,6)","J0;J3","2","J0;J3","2","J0;J3","2","J2;J3","2","J2;J3","2"
"4597","J0:[0,4);J1:[0,5);J2:[3,5);J3:[3,6)","J0","1","J0","1","J0","1","J2","1","J3","1"
"4598","J0:[0,4);J1:[0,5);J2:[3,5);J3:[4,5)","J0;J3","2","J0;J3","2","J0;J3","2","J3;J0","2","J0;J3","2"
"4599","J0:[0,4);J1:[0,5);J2:[3,5);J3:[4,6)","J0;J3","2","J0;J3","2","J0;J3","2","J2","1","J0;J3","2"
"4600","J0:[0,4);J1:[0,5);J2:[3,5);J3:[5,6)","J0;J3","2","J0;J3","2","J0;J3","2","J3;J2","2","J2;J3","2"
"4601","J0:[0,4);J1:[0,5);J2:[3,6);J3:[4,5)","J0;J3","2","J0;J3","2","J0;J3","2","J3;J0","2","J0;J3","2"
"4602","J0:[0,4);J1:[0,5);J2:[3,6);J3:[4,6)","J0;J3","2","J0;J3","2","J0;J3","2","J3;J0","2","J0;J3","2"
"4603","J0:[0,4);J1:[0,5);J2:[3,6);J3:[5,6)","J0;J3","2","J0;J3","2","J0;J3","2","J3;J0","2","J1;J3","2"
"4604","J0:[0,4);J1:[0,5);J2:[4,5);J3:[4,6)","J0;J2","2","J0;J2","2","J0;J2","2","J2;J0","2","J0;J3","2"
"4605","J0:[0,4);J1:[0,5);J2:[4,5);J3:[5,6)","J0;J2;J3","3","J0;J2;J3","3","J0;J2;J3","3","J2;J3;J0","3","J0;J2;J3","3"
"4606","J0:[0,4);J1:[0,5);J2:[4,6);J3:[5,6)","J0;J2","2","J0;J2","2","J0;J2","2","J3;J0","2","J1;J3","2"
"4607","J0:[0,4);J1:[0,6);J2:[1,2);J3:[1,3)","J0","1","J2","1","J0","1","J2","1","J3","1"
"4608","J0:[0,4);J1:[0,6);J2:[1,2);J3:[1,4)","J0","1","J2","1","J0","1","J2","1","J3","1"
"4609","J0:[0,4);J1:[0,6);J2:[1,2);J3:[1,5)","J0","1","J2","1","J0","1","J2","1","J3","1"
"4610","J0:[0,4);J1:[0,6);J2:[1,2);J3:[1,6)","J0","1","J2","1","J0","1","J2","1","J3","1"
"4611","J0:[0,4);J1:[0,6);J2:[1,2);J3:[2,3)","J2;J3","2","J2;J3","2","J0","1","J2;J3","2","J2;J3","2"
"4612","J0:[0,4);J1:[0,6);J2:[1,2);J3:[2,4)","J2;J3","2","J2;J3","2","J0","1","J2;J3","2","J2;J3","2"
"4613","J0:[0,4);J1:[0,6);J2:[1,2);J3:[2,5)","J2;J3","2","J2;J3","2","J0","1","J2;J3","2","J2;J3","2"
"4614","J0:[0,4);J1:[0,6);J2:[1,2);J3:[2,6)","J2;J3","2","J2;J3","2","J0","1","J2;J3","2","J2;J3","2"
"4615","J0:[0,4);J1:[0,6);J2:[1,2);J3:[3,4)","J2;J3","2","J2;J3","2","J0","1","J2;J3","2","J2;J3","2"
"4616","J0:[0,4);J1:[0,6);J2:[1,2);J3:[3,5)","J2;J3","2","J2;J3","2","J0","1","J2;J3","2","J2;J3","2"
"4617","J0:[0,4);J1:[0,6);J2:[1,2);J3:[3,6)","J2;J3","2","J2;J3","2","J0","1","J2;J3","2","J2;J3","2"
"4618","J0:[0,4);J1:[0,6);J2:[1,2);J3:[4,5)","J0;J3","2","J2;J3","2","J0;J3","2","J2;J3","2","J2;J3","2"
"4619","J0:[0,4);J1:[0,6);J2:[1,2);J3:[4,6)","J0;J3","2","J2;J3","2","J0;J3","2","J2;J3","2","J2;J3","2"
"4620","J0:[0,4);J1:[0,6);J2:[1,2);J3:[5,6)","J0;J3","2","J2;J3","2","J0;J3","2","J2;J3","2","J2;J3","2"
"4621","J0:[0,4);J1:[0,6);J2:[1,3);J3:[1,4)","J0","1","J2","1","J0","1","J2","1","J3","1"
"4622","J0:[0,4);J1:[0,6);J2:[1,3);J3:[1,5)","J0","1","J2","1","J0","1","J2","1","J3","1"
"4623","J0:[0,4);J1:[0,6);J2:[1,3);J3:[1,6)","J0","1","J2","1","J0","1","J2","1","J3","1"
"4624","J0:[0,4);J1:[0,6);J2:[1,3);J3:[2,3)","J0","1","J2","1","J0","1","J3","1","J3","1"
"4625","J0:[0,4);J1:[0,6);J2:[1,3);J3:[2,4)","J0","1","J2","1","J0","1","J2","1","J3","1"
"4626","J0:[0,4);J1:[0,6);J2:[1,3);J3:[2,5)","J0","1","J2","1","J0","1","J2","1","J3","1"
"4627","J0:[0,4);J1:[0,6);J2:[1,3);J3:[2,6)","J0","1","J2","1","J0","1","J2","1","J3","1"
"4628","J0:[0,4);J1:[0,6);J2:[1,3);J3:[3,4)","J2;J3","2","J2;J3","2","J0","1","J3;J2","2","J2;J3","2"
"4629","J0:[0,4);J1:[0,6);J2:[1,3);J3:[3,5)","J2;J3","2","J2;J3","2","J0","1","J2;J3","2","J2;J3","2"
"4630","J0:[0,4);J1:[0,6);J2:[1,3);J3:[3,6)","J2;J3","2","J2;J3","2","J0","1","J2;J3","2","J2;J3","2"
"4631","J0:[0,4);J1:[0,6);J2:[1,3);J3:[4,5)","J0;J3","2","J2;J3","2","J0;J3","2","J3;J2","2","J2;J3","2"
"4632","J0:[0,4);J1:[0,6);J2:[1,3);J3:[4,6)","J0;J3","2","J2;J3","2","J0;J3","2","J2;J3","2","J2;J3","2"
"4633","J0:[0,4);J1:[0,6);J2:[1,3);J3:[5,6)","J0;J3","2","J2;J3","2","J0;J3","2","J3;J2","2","J2;J3","2"
"4634","J0:[0,4);J1:[0,6);J2:[1,4);J3:[1,5)","J0","1","J0","1","J0","1","J2","1","J3","1"
"4635","J0:[0,4);J1:[0,6);J2:[1,4);J3:[1,6)","J0","1","J0","1","J0","1","J2","1","J3","1"
"4636","J0:[0,4);J1:[0,6);J2:[1,4);J3:[2,3)","J0","1","J3","1","J0","1","J3","1","J3","1"
"4637","J0:[0,4);J1:[0,6);J2:[1,4);J3:[2,4)","J0","1","J0","1","J0","1","J3","1","J3","1"
"4638","J0:[0,4);J1:[0,6);J2:[1,4);J3:[2,5)","J0","1","J0","1","J0","1","J2","1","J3","1"
"4639","J0:[0,4);J1:[0,6);J2:[1,4);J3:[2,6)","J0","1","J0","1","J0","1","J2","1","J3","1"
"4640","J0:[0,4);J1:[0,6);J2:[1,4);J3:[3,4)","J0","1","J0","1","J0","1","J3","1","J3","1"
"4641","J0:[0,4);J1:[0,6);J2:[1,4);J3:[3,5)","J0","1","J0","1","J0","1","J3","1","J3","1"
"4642","J0:[0,4);J1:[0,6);J2:[1,4);J3:[3,6)","J0","1","J0","1","J0","1","J2","1","J3","1"
"4643","J0:[0,4);J1:[0,6);J2:[1,4);J3:[4,5)","J0;J3","2","J0;J3","2","J0;J3","2","J3;J2","2","J2;J3","2"
"4644","J0:[0,4);J1:[0,6);J2:[1,4);J3:[4,6)","J0;J3","2","J0;J3","2","J0;J3","2","J3;J2","2","J2;J3","2"
"4645","J0:[0,4);J1:[0,6);J2:[1,4);J3:[5,6)","J0;J3","2","J0;J3","2","J0;J3","2","J3;J2","2","J2;J3","2"
"4646","J0:[0,4);J1:[0,6);J2:[1,5);J3:[1,6)","J0","1","J0","1","J0","1","J0","1","J3","1"
"4647","J0:[0,4);J1:[0,6);J2:[1,5);J3:[2,3)","J0","1","J3","1","J0","1","J3","1","J3","1"
"4648","J0:[0,4);J1:[0,6);J2:[1,5);J3:[2,4)","J0","1","J0","1","J0","1","J3","1","J3","1"
"4649","J0:[0,4);J1:[0,6);J2:[1,5);J3:[2,5)","J0","1","J0","1","J0","1","J3","1","J3","1"
"4650","J0:[0,4);J1:[0,6);J2:[1,5);J3:[2,6)","J0","1","J0","1","J0","1","J0","1","J3","1"
"4651","J0:[0,4);J1:[0,6);J2:[1,5);J3:[3,4)","J0","1","J0","1","J0","1","J3","1","J3","1"
"4652","J0:[0,4);J1:[0,6);J2:[1,5);J3:[3,5)","J0","1","J0","1","J0","1","J3","1","J3","1"
"4653","J0:[0,4);J1:[0,6);J2:[1,5);J3:[3,6)","J0","1","J0","1","J0","1","J3","1","J3","1"
"4654","J0:[0,4);J1:[0,6);J2:[1,5);J3:[4,5)","J0;J3","2","J0;J3","2","J0;J3","2","J3;J0","2","J0;J3","2"
"4655","J0:[0,4);J1:[0,6);J2:[1,5);J3:[4,6)","J0;J3","2","J0;J3","2","J0;J3","2","J3;J0","2","J0;J3","2"
"4656","J0:[0,4);J1:[0,6);J2:[1,5);J3:[5,6)","J0;J3","2","J0;J3","2","J0;J3","2","J3;J0","2","J2;J3","2"
"4657","J0:[0,4);J1:[0,6);J2:[1,6);J3:[2,3)","J0","1","J3","1","J0","1","J3","1","J3","1"
"4658","J0:[0,4);J1:[0,6);J2:[1,6);J3:[2,4)","J0","1","J0","1","J0","1","J3","1","J3","1"
"4659","J0:[0,4);J1:[0,6);J2:[1,6);J3:[2,5)","J0","1","J0","1","J0","1","J3","1","J3","1"
"4660","J0:[0,4);J1:[0,6);J2:[1,6);J3:[2,6)","J0","1","J0","1","J0","1","J0","1","J3","1"
"4661","J0:[0,4);J1:[0,6);J2:[1,6);J3:[3,4)","J0","1","J0","1","J0","1","J3","1","J3","1"
"4662","J0:[0,4);J1:[0,6);J2:[1,6);J3:[3,5)","J0","1","J0","1","J0","1","J3","1","J3","1"
"4663","J0:[0,4);J1:[0,6);J2:[1,6);J3:[3,6)","J0","1","J0","1","J0","1","J3","1","J3","1"
"4664","J0:[0,4);J1:[0,6);J2:[1,6);J3:[4,5)","J0;J3","2","J0;J3","2","J0;J3","2","J3;J0","2","J0;J3","2"
"4665","J0:[0,4);J1:[0,6);J2:[1,6);J3:[4,6)","J0;J3","2","J0;J3","2","J0;J3","2","J3;J0","2","J0;J3","2"
"4666","J0:[0,4);J1:[0,6);J2:[1,6);J3:[5,6)","J0;J3","2","J0;J3","2","J0;J3","2","J3;J0","2","J0;J3","2"
"4667","J0:[0,4);J1:[0,6);J2:[2,3);J3:[2,4)","J0","1","J2","1","J0","1","J2","1","J3","1"
"4668","J0:[0,4);J1:[0,6);J2:[2,3);J3:[2,5)","J0","1","J2","1","J0","1","J2","1","J3","1"
"4669","J0:[0,4);J1:[0,6);J2:[2,3);J3:[2,6)","J0","1","J2","1","J0","1","J2","1","J3","1"
"4670","J0:[0,4);J1:[0,6);J2:[2,3);J3:[3,4)","J2;J3","2","J2;J3","2","J0","1","J2;J3","2","J2;J3","2"
"4671","J0:[0,4);J1:[0,6);J2:[2,3);J3:[3,5)","J2;J3","2","J2;J3","2","J0","1","J2;J3","2","J2;J3","2"
"4672","J0:[0,4);J1:[0,6);J2:[2,3);J3:[3,6)","J2;J3","2","J2;J3","2","J0","1","J2;J3","2","J2;J3","2"
"4673","J0:[0,4);J1:[0,6);J2:[2,3);J3:[4,5)","J0;J3","2","J2;J3","2","J0;J3","2","J2;J3","2","J2;J3","2"
"4674","J0:[0,4);J1:[0,6);J2:[2,3);J3:[4,6)","J0;J3","2","J2;J3","2","J0;J3","2","J2;J3","2","J2;J3","2"
"4675","J0:[0,4);J1:[0,6);J2:[2,3);J3:[5,6)","J0;J3","2","J2;J3","2","J0;J3","2","J2;J3","2","J2;J3","2"
"4676","J0:[0,4);J1:[0,6);J2:[2,4);J3:[2,5)","J0","1","J0","1","J0","1","J2","1","J3","1"
"4677","J0:[0,4);J1:[0,6);J2:[2,4);J3:[2,6)","J0","1","J0","1","J0","1","J2","1","J3","1"
"4678","J0:[0,4);J1:[0,6);J2:[2,4);J3:[3,4)","J0","1","J0","1","J0","1","J3","1","J3","1"
"4679","J0:[0,4);J1:[0,6);J2:[2,4);J3:[3,5)","J0","1","J0","1","J0","1","J2","1","J3","1"
"4680","J0:[0,4);J1:[0,6);J2:[2,4);J3:[3,6)","J0","1","J0","1","J0","1","J2","1","J3","1"
"4681","J0:[0,4);J1:[0,6);J2:[2,4);J3:[4,5)","J0;J3","2","J0;J3","2","J0;J3","2","J3;J2","2","J2;J3","2"
"4682","J0:[0,4);J1:[0,6);J2:[2,4);J3:[4,6)","J0;J3","2","J0;J3","2","J0;J3","2","J2;J3","2","J2;J3","2"
"4683","J0:[0,4);J1:[0,6);J2:[2,4);J3:[5,6)","J0;J3","2","J0;J3","2","J0;J3","2","J3;J2","2","J2;J3","2"
"4684","J0:[0,4);J1:[0,6);J2:[2,5);J3:[2,6)","J0","1","J0","1","J0","1","J2","1","J3","1"
"4685","J0:[0,4);J1:[0,6);J2:[2,5);J3:[3,4)","J0","1","J0","1","J0","1","J3","1","J3","1"
"4686","J0:[0,4);J1:[0,6);J2:[2,5);J3:[3,5)","J0","1","J0","1","J0","1","J3","1","J3","1"
"4687","J0:[0,4);J1:[0,6);J2:[2,5);J3:[3,6)","J0","1","J0","1","J0","1","J2","1","J3","1"
"4688","J0:[0,4);J1:[0,6);J2:[2,5);J3:[4,5)","J0;J3","2","J0;J3","2","J0;J3","2","J3;J0","2","J0;J3","2"
"4689","J0:[0,4);J1:[0,6);J2:[2,5);J3:[4,6)","J0;J3","2","J0;J3","2","J0;J3","2","J3;J0","2","J0;J3","2"
"4690","J0:[0,4);J1:[0,6);J2:[2,5);J3:[5,6)","J0;J3","2","J0;J3","2","J0;J3","2","J3;J2","2","J2;J3","2"
"4691","J0:[0,4);J1:[0,6);J2:[2,6);J3:[3,4)","J0","1","J0","1","J0","1","J3","1","J3","1"
"4692","J0:[0,4);J1:[0,6);J2:[2,6);J3:[3,5)","J0","1","J0","1","J0","1","J3","1","J3","1"
"4693","J0:[0,4);J1:[0,6);J2:[2,6);J3:[3,6)","J0","1","J0","1","J0","1","J3","1","J3","1"
"4694","J0:[0,4);J1:[0,6);J2:[2,6);J3:[4,5)","J0;J3","2","J0;J3","2","J0;J3","2","J3;J0","2","J0;J3","2"
"4695","J0:[0,4);J1:[0,6);J2:[2,6);J3:[4,6)","J0;J3","2","J0;J3","2","J0;J3","2","J3;J0","2","J0;J3","2"
"4696","J0:[0,4);J1:[0,6);J2:[2,6);J3:[5,6)","J0;J3","2","J0;J3","2","J0;J3","2","J3;J0","2","J0;J3","2"
"4697","J0:[0,4);J1:[0,6);J2:[3,4);J3:[3,5)","J0","1","J0","1","J0","1","J2","1","J3","1"
"4698","J0:[0,4);J1:[0,6);J2:[3,4);J3:[3,6)","J0","1","J0","1","J0","1","J2","1","J3","1"
"4699","J0:[0,4);J1:[0,6);J2:[3,4);J3:[4,5)","J0;J3","2","J0;J3","2","J0;J3","2","J2;J3","2","J2;J3","2"
"4700","J0:[0,4);J1:[0,6);J2:[3,4);J3:[4,6)","J0;J3","2","J0;J3","2","J0;J3","2","J2;J3","2","J2;J3","2"
"4701","J0:[0,4);J1:[0,6);J2:[3,4);J3:[5,6)","J0;J3","2","J0;J3","2","J0;J3","2","J2;J3","2","J2;J3","2"
"4702","J0:[0,4);J1:[0,6);J2:[3,5);J3:[3,6)","J0","1","J0","1","J0","1","J2","1","J3","1"
"4703","J0:[0,4);J1:[0,6);J2:[3,5);J3:[4,5)","J0;J3","2","J0;J3","2","J0;J3","2","J3;J0","2","J0;J3","2"
"4704","J0:[0,4);J1:[0,6);J2:[3,5);J3:[4,6)","J0;J3","2","J0;J3","2","J0;J3","2","J2","1","J0;J3","2"
"4705","J0:[0,4);J1:[0,6);J2:[3,5);J3:[5,6)","J0;J3","2","J0;J3","2","J0;J3","2","J3;J2","2","J2;J3","2"
"4706","J0:[0,4);J1:[0,6);J2:[3,6);J3:[4,5)","J0;J3","2","J0;J3","2","J0;J3","2","J3;J0","2","J0;J3","2"
"4707","J0:[0,4);J1:[0,6);J2:[3,6);J3:[4,6)","J0;J3","2","J0;J3","2","J0;J3","2","J3;J0","2","J0;J3","2"
"4708","J0:[0,4);J1:[0,6);J2:[3,6);J3:[5,6)","J0;J3","2","J0;J3","2","J0;J3","2","J3;J0","2","J0;J3","2"
"4709","J0:[0,4);J1:[0,6);J2:[4,5);J3:[4,6)","J0;J2","2","J0;J2","2","J0;J2","2","J2;J0","2","J0;J3","2"
"4710","J0:[0,4);J1:[0,6);J2:[4,5);J3:[5,6)","J0;J2;J3","3","J0;J2;J3","3","J0;J2;J3","3","J2;J3;J0","3","J0;J2;J3","3"
"4711","J0:[0,4);J1:[0,6);J2:[4,6);J3:[5,6)","J0;J2","2","J0;J2","2","J0;J2","2","J3;J0","2","J0;J3","2"
"4712","J0:[0,4);J1:[1,2);J2:[1,3);J3:[1,4)","J0","1","J1","1","J0","1","J1","1","J3","1"
"4713","J0:[0,4);J1:[1,2);J2:[1,3);J3:[1,5)","J0","1","J1","1","J0","1","J1","1","J3","1"
"4714","J0:[0,4);J1:[1,2);J2:[1,3);J3:[1,6)","J0","1","J1","1","J0","1","J1","1","J3","1"
"4715","J0:[0,4);J1:[1,2);J2:[1,3);J3:[2,3)","J1;J3","2","J1;J3","2","J0","1","J1;J3","2","J1;J3","2"
"4716","J0:[0,4);J1:[1,2);J2:[1,3);J3:[2,4)","J1;J3","2","J1;J3","2","J0","1","J1;J3","2","J1;J3","2"
"4717","J0:[0,4);J1:[1,2);J2:[1,3);J3:[2,5)","J1;J3","2","J1;J3","2","J0","1","J1;J3","2","J1;J3","2"
"4718","J0:[0,4);J1:[1,2);J2:[1,3);J3:[2,6)","J1;J3","2","J1;J3","2","J0","1","J1;J3","2","J1;J3","2"
"4719","J0:[0,4);J1:[1,2);J2:[1,3);J3:[3,4)","J1;J3","2","J1;J3","2","J0","1","J1;J3","2","J2;J3","2"
"4720","J0:[0,4);J1:[1,2);J2:[1,3);J3:[3,5)","J1;J3","2","J1;J3","2","J0","1","J1;J3","2","J2;J3","2"
"4721","J0:[0,4);J1:[1,2);J2:[1,3);J3:[3,6)","J1;J3","2","J1;J3","2","J0","1","J1;J3","2","J2;J3","2"
"4722","J0:[0,4);J1:[1,2);J2:[1,3);J3:[4,5)","J0;J3","2","J1;J3","2","J0;J3","2","J1;J3","2","J2;J3","2"
"4723","J0:[0,4);J1:[1,2);J2:[1,3);J3:[4,6)","J0;J3","2","J1;J3","2","J0;J3","2","J1;J3","2","J2;J3","2"
"4724","J0:[0,4);J1:[1,2);J2:[1,3);J3:[5,6)","J0;J3","2","J1;J3","2","J0;J3","2","J1;J3","2","J2;J3","2"
"4725","J0:[0,4);J1:[1,2);J2:[1,4);J3:[1,5)","J0","1","J1","1","J0","1","J1","1","J3","1"
"4726","J0:[0,4);J1:[1,2);J2:[1,4);J3:[1,6)","J0","1","J1","1","J0","1","J1","1","J3","1"
"4727","J0:[0,4);J1:[1,2);J2:[1,4);J3:[2,3)","J1;J3","2","J1;J3","2","J0","1","J1;J3","2","J1;J3","2"
"4728","J0:[0,4);J1:[1,2);J2:[1,4);J3:[2,4)","J1;J3","2","J1;J3","2","J0","1","J1;J3","2","J1;J3","2"
"4729","J0:[0,4);J1:[1,2);J2:[1,4);J3:[2,5)","J1;J3","2","J1;J3","2","J0","1","J1;J3","2","J1;J3","2"
"4730","J0:[0,4);J1:[1,2);J2:[1,4);J3:[2,6)","J1;J3","2","J1;J3","2","J0","1","J1;J3","2","J1;J3","2"
"4731","J0:[0,4);J1:[1,2);J2:[1,4);J3:[3,4)","J1;J3","2","J1;J3","2","J0","1","J1;J3","2","J1;J3","2"
"4732","J0:[0,4);J1:[1,2);J2:[1,4);J3:[3,5)","J1;J3","2","J1;J3","2","J0","1","J1;J3","2","J1;J3","2"
"4733","J0:[0,4);J1:[1,2);J2:[1,4);J3:[3,6)","J1;J3","2","J1;J3","2","J0","1","J1;J3","2","J1;J3","2"
"4734","J0:[0,4);J1:[1,2);J2:[1,4);J3:[4,5)","J0;J3","2","J1;J3","2","J0;J3","2","J1;J3","2","J2;J3","2"
"4735","J0:[0,4);J1:[1,2);J2:[1,4);J3:[4,6)","J0;J3","2","J1;J3","2","J0;J3","2","J1;J3","2","J2;J3","2"
"4736","J0:[0,4);J1:[1,2);J2:[1,4);J3:[5,6)","J0;J3","2","J1;J3","2","J0;J3","2","J1;J3","2","J2;J3","2"
"4737","J0:[0,4);J1:[1,2);J2:[1,5);J3:[1,6)","J0","1","J1","1","J0","1","J1","1","J3","1"
"4738","J0:[0,4);J1:[1,2);J2:[1,5);J3:[2,3)","J1;J3","2","J1;J3","2","J0","1","J1;J3","2","J1;J3","2"
"4739","J0:[0,4);J1:[1,2);J2:[1,5);J3:[2,4)","J1;J3","2","J1;J3","2","J0","1","J1;J3","2","J1;J3","2"
"4740","J0:[0,4);J1:[1,2);J2:[1,5);J3:[2,5)","J1;J3","2","J1;J3","2","J0","1","J1;J3","2","J1;J3","2"
"4741","J0:[0,4);J1:[1,2);J2:[1,5);J3:[2,6)","J1;J3","2","J1;J3","2","J0","1","J1;J3","2","J1;J3","2"
"4742","J0:[0,4);J1:[1,2);J2:[1,5);J3:[3,4)","J1;J3","2","J1;J3","2","J0","1","J1;J3","2","J1;J3","2"
"4743","J0:[0,4);J1:[1,2);J2:[1,5);J3:[3,5)","J1;J3","2","J1;J3","2","J0","1","J1;J3","2","J1;J3","2"
"4744","J0:[0,4);J1:[1,2);J2:[1,5);J3:[3,6)","J1;J3","2","J1;J3","2","J0","1","J1;J3","2","J1;J3","2"
"4745","J0:[0,4);J1:[1,2);J2:[1,5);J3:[4,5)","J0;J3","2","J1;J3","2","J0;J3","2","J1;J3","2","J1;J3","2"
"4746","J0:[0,4);J1:[1,2);J2:[1,5);J3:[4,6)","J0;J3","2","J1;J3","2","J0;J3","2","J1;J3","2","J1;J3","2"
"4747","J0:[0,4);J1:[1,2);J2:[1,5);J3:[5,6)","J0;J3","2","J1;J3","2","J0;J3","2","J1;J3","2","J2;J3","2"
"4748","J0:[0,4);J1:[1,2);J2:[1,6);J3:[2,3)","J1;J3","2","J1;J3","2","J0","1","J1;J3","2","J1;J3","2"
"4749","J0:[0,4);J1:[1,2);J2:[1,6);J3:[2,4)","J1;J3","2","J1;J3","2","J0","1","J1;J3","2","J1;J3","2"
"4750","J0:[0,4);J1:[1,2);J2:[1,6);J3:[2,5)","J1;J3","2","J1;J3","2","J0","1","J1;J3","2","J1;J3","2"
"4751","J0:[0,4);J1:[1,2);J2:[1,6);J3:[2,6)","J1;J3","2","J1;J3","2","J0","1","J1;J3","2","J1;J3","2"
"4752","J0:[0,4);J1:[1,2);J2:[1,6);J3:[3,4)","J1;J3","2","J1;J3","2","J0","1","J1;J3","2","J1;J3","2"
"4753","J0:[0,4);J1:[1,2);J2:[1,6);J3:[3,5)","J1;J3","2","J1;J3","2","J0","1","J1;J3","2","J1;J3","2"
"4754","J0:[0,4);J1:[1,2);J2:[1,6);J3:[3,6)","J1;J3","2","J1;J3","2","J0","1","J1;J3","2","J1;J3","2"
"4755","J0:[0,4);J1:[1,2);J2:[1,6);J3:[4,5)","J0;J3","2","J1;J3","2","J0;J3","2","J1;J3","2","J1;J3","2"
"4756","J0:[0,4);J1:[1,2);J2:[1,6);J3:[4,6)","J0;J3","2","J1;J3","2","J0;J3","2","J1;J3","2","J1;J3","2"
"4757","J0:[0,4);J1:[1,2);J2:[1,6);J3:[5,6)","J0;J3","2","J1;J3","2","J0;J3","2","J1;J3","2","J1;J3","2"
"4758","J0:[0,4);J1:[1,2);J2:[2,3);J3:[2,4)","J1;J2","2","J1;J2","2","J0","1","J1;J2","2","J1;J3","2"
"4759","J0:[0,4);J1:[1,2);J2:[2,3);J3:[2,5)","J1;J2","2","J1;J2","2","J0","1","J1;J2","2","J1;J3","2"
"4760","J0:[0,4);J1:[1,2);J2:[2,3);J3:[2,6)","J1;J2","2","J1;J2","2","J0","1","J1;J2","2","J1;J3","2"
"4761","J0:[0,4);J1:[1,2);J2:[2,3);J3:[3,4)","J1;J2;J3","3","J1;J2;J3","3","J0","1","J1;J2;J3","3","J1;J2;J3","3"
"4762","J0:[0,4);J1:[1,2);J2:[2,3);J3:[3,5)","J1;J2;J3","3","J1;J2;J3","3","J0","1","J1;J2;J3","3","J1;J2;J3","3"
"4763","J0:[0,4);J1:[1,2);J2:[2,3);J3:[3,6)","J1;J2;J3","3","J1;J2;J3","3","J0","1","J1;J2;J3","3","J1;J2;J3","3"
"4764","J0:[0,4);J1:[1,2);J2:[2,3);J3:[4,5)","J1;J2;J3","3","J1;J2;J3","3","J0;J3","2","J1;J2;J3","3","J1;J2;J3","3"
"4765","J0:[0,4);J1:[1,2);J2:[2,3);J3:[4,6)","J1;J2;J3","3","J1;J2;J3","3","J0;J3","2","J1;J2;J3","3","J1;J2;J3","3"
"4766","J0:[0,4);J1:[1,2);J2:[2,3);J3:[5,6)","J1;J2;J3","3","J1;J2;J3","3","J0;J3","2","J1;J2;J3","3","J1;J2;J3","3"
"4767","J0:[0,4);J1:[1,2);J2:[2,4);J3:[2,5)","J1;J2","2","J1;J2","2","J0","1","J1;J2","2","J1;J3","2"
"4768","J0:[0,4);J1:[1,2);J2:[2,4);J3:[2,6)","J1;J2","2","J1;J2","2","J0","1","J1;J2","2","J1;J3","2"
"4769","J0:[0,4);J1:[1,2);J2:[2,4);J3:[3,4)","J1;J2","2","J1;J2","2","J0","1","J1;J3","2","J1;J3","2"
"4770","J0:[0,4);J1:[1,2);J2:[2,4);J3:[3,5)","J1;J2","2","J1;J2","2","J0","1","J1;J2","2","J1;J3","2"
"4771","J0:[0,4);J1:[1,2);J2:[2,4);J3:[3,6)","J1;J2","2","J1;J2","2","J0","1","J1;J2","2","J1;J3","2"
"4772","J0:[0,4);J1:[1,2);J2:[2,4);J3:[4,5)","J1;J2;J3","3","J1;J2;J3","3","J0;J3","2","J1;J3;J2","3","J1;J2;J3","3"
"4773","J0:[0,4);J1:[1,2);J2:[2,4);J3:[4,6)","J1;J2;J3","3","J1;J2;J3","3","J0;J3","2","J1;J2;J3","3","J1;J2;J3","3"
"4774","J0:[0,4);J1:[1,2);J2:[2,4);J3:[5,6)","J1;J2;J3","3","J1;J2;J3","3","J0;J3","2","J1;J3;J2","3","J1;J2;J3","3"
"4775","J0:[0,4);J1:[1,2);J2:[2,5);J3:[2,6)","J1;J2","2","J1;J2","2","J0","1","J1;J2","2","J1;J3","2"
"4776","J0:[0,4);J1:[1,2);J2:[2,5);J3:[3,4)","J1;J2","2","J1;J3","2","J0","1","J1;J3","2","J1;J3","2"
"4777","J0:[0,4);J1:[1,2);J2:[2,5);J3:[3,5)","J1;J2","2","J1;J2","2","J0","1","J1;J3","2","J1;J3","2"
"4778","J0:[0,4);J1:[1,2);J2:[2,5);J3:[3,6)","J1;J2","2","J1;J2","2","J0","1","J1;J2","2","J1;J3","2"
"4779","J0:[0,4);J1:[1,2);J2:[2,5);J3:[4,5)","J0;J3","2","J1;J2","2","J0;J3","2","J1;J3","2","J1;J3","2"
"4780","J0:[0,4);J1:[1,2);J2:[2,5);J3:[4,6)","J0;J3","2","J1;J2","2","J0;J3","2","J1;J3","2","J1;J3","2"
"4781","J0:[0,4);J1:[1,2);J2:[2,5);J3:[5,6)","J1;J2;J3","3","J1;J2;J3","3","J0;J3","2","J1;J3;J2","3","J1;J2;J3","3"
"4782","J0:[0,4);J1:[1,2);J2:[2,6);J3:[3,4)","J1;J2","2","J1;J3","2","J0","1","J1;J3","2","J1;J3","2"
"4783","J0:[0,4);J1:[1,2);J2:[2,6);J3:[3,5)","J1;J2","2","J1;J3","2","J0","1","J1;J3","2","J1;J3","2"
"4784","J0:[0,4);J1:[1,2);J2:[2,6);J3:[3,6)","J1;J2","2","J1;J2","2","J0","1","J1;J3","2","J1;J3","2"
"4785","J0:[0,4);J1:[1,2);J2:[2,6);J3:[4,5)","J0;J3","2","J1;J3","2","J0;J3","2","J1;J3","2","J1;J3","2"
"4786","J0:[0,4);J1:[1,2);J2:[2,6);J3:[4,6)","J0;J3","2","J1;J2","2","J0;J3","2","J1;J3","2","J1;J3","2"
"4787","J0:[0,4);J1:[1,2);J2:[2,6);J3:[5,6)","J0;J3","2","J1;J2","2","J0;J3","2","J1;J3","2","J1;J3","2"
"4788","J0:[0,4);J1:[1,2);J2:[3,4);J3:[3,5)","J1;J2","2","J1;J2","2","J0","1","J1;J2","2","J1;J3","2"
"4789","J0:[0,4);J1:[1,2);J2:[3,4);J3:[3,6)","J1;J2","2","J1;J2","2","J0","1","J1;J2","2","J1;J3","2"
"4790","J0:[0,4);J1:[1,2);J2:[3,4);J3:[4,5)","J1;J2;J3","3","J1;J2;J3","3","J0;J3","2","J1;J2;J3","3","J1;J2;J3","3"
"4791","J0:[0,4);J1:[1,2);J2:[3,4);J3:[4,6)","J1;J2;J3","3","J1;J2;J3","3","J0;J3","2","J1;J2;J3","3","J1;J2;J3","3"
"4792","J0:[0,4);J1:[1,2);J2:[3,4);J3:[5,6)","J1;J2;J3","3","J1;J2;J3","3","J0;J3","2","J1;J2;J3","3","J1;J2;J3","3"
"4793","J0:[0,4);J1:[1,2);J2:[3,5);J3:[3,6)","J1;J2","2","J1;J2","2","J0","1","J1;J2","2","J1;J3","2"
"4794","J0:[0,4);J1:[1,2);J2:[3,5);J3:[4,5)","J0;J3","2","J1;J2","2","J0;J3","2","J1;J3","2","J1;J3","2"
"4795","J0:[0,4);J1:[1,2);J2:[3,5);J3:[4,6)","J0;J3","2","J1;J2","2","J0;J3","2","J1;J2","2","J1;J3","2"
"4796","J0:[0,4);J1:[1,2);J2:[3,5);J3:[5,6)","J1;J2;J3","3","J1;J2;J3","3","J0;J3","2","J1;J3;J2","3","J1;J2;J3","3"
"4797","J0:[0,4);J1:[1,2);J2:[3,6);J3:[4,5)","J0;J3","2","J1;J3","2","J0;J3","2","J1;J3","2","J1;J3","2"
"4798","J0:[0,4);J1:[1,2);J2:[3,6);J3:[4,6)","J0;J3","2","J1;J2","2","J0;J3","2","J1;J3","2","J1;J3","2"
"4799","J0:[0,4);J1:[1,2);J2:[3,6);J3:[5,6)","J0;J3","2","J1;J2","2","J0;J3","2","J1;J3","2","J1;J3","2"
"4800","J0:[0,4);J1:[1,2);J2:[4,5);J3:[4,6)","J0;J2","2","J1;J2","2","J0;J2","2","J1;J2","2","J1;J3","2"
"4801","J0:[0,4);J1:[1,2);J2:[4,5);J3:[5,6)","J0;J2;J3","3","J1;J2;J3","3","J0;J2;J3","3","J1;J2;J3","3","J1;J2;J3","3"
"4802","J0:[0,4);J1:[1,2);J2:[4,6);J3:[5,6)","J0;J2","2","J1;J2","2","J0;J2","2","J1;J3","2","J1;J3","2"
"4803","J0:[0,4);J1:[1,3);J2:[1,4);J3:[1,5)","J0","1","J1","1","J0","1","J1","1","J3","1"
"4804","J0:[0,4);J1:[1,3);J2:[1,4);J3:[1,6)","J0","1","J1","1","J0","1","J1","1","J3","1"
"4805","J0:[0,4);J1:[1,3);J2:[1,4);J3:[2,3)","J0","1","J1","1","J0","1","J3","1","J3","1"
"4806","J0:[0,4);J1:[1,3);J2:[1,4);J3:[2,4)","J0","1","J1","1","J0","1","J1","1","J3","1"
"4807","J0:[0,4);J1:[1,3);J2:[1,4);J3:[2,5)","J0","1","J1","1","J0","1","J1","1","J3","1"
"4808","J0:[0,4);J1:[1,3);J2:[1,4);J3:[2,6)","J0","1","J1","1","J0","1","J1","1","J3","1"
"4809","J0:[0,4);J1:[1,3);J2:[1,4);J3:[3,4)","J1;J3","2","J1;J3","2","J0","1","J3;J1","2","J1;J3","2"
"4810","J0:[0,4);J1:[1,3);J2:[1,4);J3:[3,5)","J1;J3","2","J1;J3","2","J0","1","J1;J3","2","J1;J3","2"
"4811","J0:[0,4);J1:[1,3);J2:[1,4);J3:[3,6)","J1;J3","2","J1;J3","2","J0","1","J1;J3","2","J1;J3","2"
"4812","J0:[0,4);J1:[1,3);J2:[1,4);J3:[4,5)","J0;J3","2","J1;J3","2","J0;J3","2","J3;J1","2","J2;J3","2"
"4813","J0:[0,4);J1:[1,3);J2:[1,4);J3:[4,6)","J0;J3","2","J1;J3","2","J0;J3","2","J1;J3","2","J2;J3","2"
"4814","J0:[0,4);J1:[1,3);J2:[1,4);J3:[5,6)","J0;J3","2","J1;J3","2","J0;J3","2","J3;J1","2","J2;J3","2"
"4815","J0:[0,4);J1:[1,3);J2:[1,5);J3:[1,6)","J0","1","J1","1","J0","1","J1","1","J3","1"
"4816","J0:[0,4);J1:[1,3);J2:[1,5);J3:[2,3)","J0","1","J1","1","J0","1","J3","1","J3","1"
"4817","J0:[0,4);J1:[1,3);J2:[1,5);J3:[2,4)","J0","1","J1","1","J0","1","J1","1","J3","1"
"4818","J0:[0,4);J1:[1,3);J2:[1,5);J3:[2,5)","J0","1","J1","1","J0","1","J1","1","J3","1"
"4819","J0:[0,4);J1:[1,3);J2:[1,5);J3:[2,6)","J0","1","J1","1","J0","1","J1","1","J3","1"
"4820","J0:[0,4);J1:[1,3);J2:[1,5);J3:[3,4)","J1;J3","2","J1;J3","2","J0","1","J3;J1","2","J1;J3","2"
"4821","J0:[0,4);J1:[1,3);J2:[1,5);J3:[3,5)","J1;J3","2","J1;J3","2","J0","1","J1;J3","2","J1;J3","2"
"4822","J0:[0,4);J1:[1,3);J2:[1,5);J3:[3,6)","J1;J3","2","J1;J3","2","J0","1","J1;J3","2","J1;J3","2"
"4823","J0:[0,4);J1:[1,3);J2:[1,5);J3:[4,5)","J0;J3","2","J1;J3","2","J0;J3","2","J3;J1","2","J1;J3","2"
"4824","J0:[0,4);J1:[1,3);J2:[1,5);J3:[4,6)","J0;J3","2","J1;J3","2","J0;J3","2","J1;J3","2","J1;J3","2"
"4825","J0:[0,4);J1:[1,3);J2:[1,5);J3:[5,6)","J0;J3","2","J1;J3","2","J0;J3","2","J3;J1","2","J2;J3","2"
"4826","J0:[0,4);J1:[1,3);J2:[1,6);J3:[2,3)","J0","1","J1","1","J0","1","J3","1","J3","1"
"4827","J0:[0,4);J1:[1,3);J2:[1,6);J3:[2,4)","J0","1","J1","1","J0","1","J1","1","J3","1"
"4828","J0:[0,4);J1:[1,3);J2:[1,6);J3:[2,5)","J0","1","J1","1","J0","1","J1","1","J3","1"
"4829","J0:[0,4);J1:[1,3);J2:[1,6);J3:[2,6)","J0","1","J1","1","J0","1","J1","1","J3","1"
"4830","J0:[0,4);J1:[1,3);J2:[1,6);J3:[3,4)","J1;J3","2","J1;J3","2","J0","1","J3;J1","2","J1;J3","2"
"4831","J0:[0,4);J1:[1,3);J2:[1,6);J3:[3,5)","J1;J3","2","J1;J3","2","J0","1","J1;J3","2","J1;J3","2"
"4832","J0:[0,4);J1:[1,3);J2:[1,6);J3:[3,6)","J1;J3","2","J1;J3","2","J0","1","J1;J3","2","J1;J3","2"
"4833","J0:[0,4);J1:[1,3);J2:[1,6);J3:[4,5)","J0;J3","2","J1;J3","2","J0;J3","2","J3;J1","2","J1;J3","2"
"4834","J0:[0,4);J1:[1,3);J2:[1,6);J3:[4,6)","J0;J3","2","J1;J3","2","J0;J3","2","J1;J3","2","J1;J3","2"
"4835","J0:[0,4);J1:[1,3);J2:[1,6);J3:[5,6)","J0;J3","2","J1;J3","2","J0;J3","2","J3;J1","2","J1;J3","2"
"4836","J0:[0,4);J1:[1,3);J2:[2,3);J3:[2,4)","J0","1","J1","1","J0","1","J2","1","J3","1"
"4837","J0:[0,4);J1:[1,3);J2:[2,3);J3:[2,5)","J0","1","J1","1","J0","1","J2","1","J3","1"
"4838","J0:[0,4);J1:[1,3);J2:[2,3);J3:[2,6)","J0","1","J1","1","J0","1","J2","1","J3","1"
"4839","J0:[0,4);J1:[1,3);J2:[2,3);J3:[3,4)","J1;J3","2","J1;J3","2","J0","1","J2;J3","2","J2;J3","2"
"4840","J0:[0,4);J1:[1,3);J2:[2,3);J3:[3,5)","J1;J3","2","J1;J3","2","J0","1","J2;J3","2","J2;J3","2"
"4841","J0:[0,4);J1:[1,3);J2:[2,3);J3:[3,6)","J1;J3","2","J1;J3","2","J0","1","J2;J3","2","J2;J3","2"
"4842","J0:[0,4);J1:[1,3);J2:[2,3);J3:[4,5)","J0;J3","2","J1;J3","2","J0;J3","2","J2;J3","2","J2;J3","2"
"4843","J0:[0,4);J1:[1,3);J2:[2,3);J3:[4,6)","J0;J3","2","J1;J3","2","J0;J3","2","J2;J3","2","J2;J3","2"
"4844","J0:[0,4);J1:[1,3);J2:[2,3);J3:[5,6)","J0;J3","2","J1;J3","2","J0;J3","2","J2;J3","2","J2;J3","2"
"4845","J0:[0,4);J1:[1,3);J2:[2,4);J3:[2,5)","J0","1","J1","1","J0","1","J1","1","J3","1"
"4846","J0:[0,4);J1:[1,3);J2:[2,4);J3:[2,6)","J0","1","J1","1","J0","1","J1","1","J3","1"
"4847","J0:[0,4);J1:[1,3);J2:[2,4);J3:[3,4)","J1;J3","2","J1;J3","2","J0","1","J3;J1","2","J1;J3","2"
"4848","J0:[0,4);J1:[1,3);J2:[2,4);J3:[3,5)","J1;J3","2","J1;J3","2","J0","1","J1;J3","2","J1;J3","2"
"4849","J0:[0,4);J1:[1,3);J2:[2,4);J3:[3,6)","J1;J3","2","J1;J3","2","J0","1","J1;J3","2","J1;J3","2"
"4850","J0:[0,4);J1:[1,3);J2:[2,4);J3:[4,5)","J0;J3","2","J1;J3","2","J0;J3","2","J3;J1","2","J2;J3","2"
"4851","J0:[0,4);J1:[1,3);J2:[2,4);J3:[4,6)","J0;J3","2","J1;J3","2","J0;J3","2","J1;J3","2","J2;J3","2"
"4852","J0:[0,4);J1:[1,3);J2:[2,4);J3:[5,6)","J0;J3","2","J1;J3","2","J0;J3","2","J3;J1","2","J2;J3","2"
"4853","J0:[0,4);J1:[1,3);J2:[2,5);J3:[2,6)","J0","1","J1","1","J0","1","J1","1","J3","1"
"4854","J0:[0,4);J1:[1,3);J2:[2,5);J3:[3,4)","J1;J3","2","J1;J3","2","J0","1","J3;J1","2","J1;J3","2"
"4855","J0:[0,4);J1:[1,3);J2:[2,5);J3:[3,5)","J1;J3","2","J1;J3","2","J0","1","J1;J3","2","J1;J3","2"
"4856","J0:[0,4);J1:[1,3);J2:[2,5);J3:[3,6)","J1;J3","2","J1;J3","2","J0","1","J1;J3","2","J1;J3","2"
"4857","J0:[0,4);J1:[1,3);J2:[2,5);J3:[4,5)","J0;J3","2","J1;J3","2","J0;J3","2","J3;J1","2","J1;J3","2"
"4858","J0:[0,4);J1:[1,3);J2:[2,5);J3:[4,6)","J0;J3","2","J1;J3","2","J0;J3","2","J1;J3","2","J1;J3","2"
"4859","J0:[0,4);J1:[1,3);J2:[2,5);J3:[5,6)","J0;J3","2","J1;J3","2","J0;J3","2","J3;J1","2","J2;J3","2"
"4860","J0:[0,4);J1:[1,3);J2:[2,6);J3:[3,4)","J1;J3","2","J1;J3","2","J0","1","J3;J1","2","J1;J3","2"
"4861","J0:[0,4);J1:[1,3);J2:[2,6);J3:[3,5)","J1;J3","2","J1;J3","2","J0","1","J1;J3","2","J1;J3","2"
"4862","J0:[0,4);J1:[1,3);J2:[2,6);J3:[3,6)","J1;J3","2","J1;J3","2","J0","1","J1;J3","2","J1;J3","2"
"4863","J0:[0,4);J1:[1,3);J2:[2,6);J3:[4,5)","J0;J3","2","J1;J3","2","J0;J3","2","J3;J1","2","J1;J3","2"
"4864","J0:[0,4);J1:[1,3);J2:[2,6);J3:[4,6)","J0;J3","2","J1;J3","2","J0;J3","2","J1;J3","2","J1;J3","2"
"4865","J0:[0,4);J1:[1,3);J2:[2,6);J3:[5,6)","J0;J3","2","J1;J3","2","J0;J3","2","J3;J1","2","J1;J3","2"
"4866","J0:[0,4);J1:[1,3);J2:[3,4);J3:[3,5)","J1;J2","2","J1;J2","2","J0","1","J2;J1","2","J1;J3","2"
"4867","J0:[0,4);J1:[1,3);J2:[3,4);J3:[3,6)","J1;J2","2","J1;J2","2","J0","1","J2;J1","2","J1;J3","2"
"4868","J0:[0,4);J1:[1,3);J2:[3,4);J3:[4,5)","J1;J2;J3","3","J1;J2;J3","3","J0;J3","2","J2;J3;J1","3","J1;J2;J3","3"
"4869","J0:[0,4);J1:[1,3);J2:[3,4);J3:[4,6)","J1;J2;J3","3","J1;J2;J3","3","J0;J3","2","J2;J1;J3","3","J1;J2;J3","3"
"4870","J0:[0,4);J1:[1,3);J2:[3,4);J3:[5,6)","J1;J2;J3","3","J1;J2;J3","3","J0;J3","2","J2;J3;J1","3","J1;J2;J3","3"
"4871","J0:[0,4);J1:[1,3);J2:[3,5);J3:[3,6)","J1;J2","2","J1;J2","2","J0","1","J1;J2","2","J1;J3","2"
"4872","J0:[0,4);J1:[1,3);J2:[3,5);J3:[4,5)","J0;J3","2","J1;J2","2","J0;J3","2","J3;J1","2","J1;J3","2"
"4873","J0:[0,4);J1:[1,3);J2:[3,5);J3:[4,6)","J0;J3","2","J1;J2","2","J0;J3","2","J1;J2","2","J1;J3","2"
"4874","J0:[0,4);J1:[1,3);J2:[3,5);J3:[5,6)","J1;J2;J3","3","J1;J2;J3","3","J0;J3","2","J3;J1;J2","3","J1;J2;J3","3"
"4875","J0:[0,4);J1:[1,3);J2:[3,6);J3:[4,5)","J0;J3","2","J1;J3","2","J0;J3","2","J3;J1","2","J1;J3","2"
"4876","J0:[0,4);J1:[1,3);J2:[3,6);J3:[4,6)","J0;J3","2","J1;J2","2","J0;J3","2","J1;J3","2","J1;J3","2"
"4877","J0:[0,4);J1:[1,3);J2:[3,6);J3:[5,6)","J0;J3","2","J1;J2","2","J0;J3","2","J3;J1","2","J1;J3","2"
"4878","J0:[0,4);J1:[1,3);J2:[4,5);J3:[4,6)","J0;J2","2","J1;J2","2","J0;J2","2","J2;J1","2","J1;J3","2"
"4879","J0:[0,4);J1:[1,3);J2:[4,5);J3:[5,6)","J0;J2;J3","3","J1;J2;J3","3","J0;J2;J3","3","J2;J3;J1","3","J1;J2;J3","3"
"4880","J0:[0,4);J1:[1,3);J2:[4,6);J3:[5,6)","J0;J2","2","J1;J2","2","J0;J2","2","J3;J1","2","J1;J3","2"
"4881","J0:[0,4);J1:[1,4);J2:[1,5);J3:[1,6)","J0","1","J0","1","J0","1","J1","1","J3","1"
"4882","J0:[0,4);J1:[1,4);J2:[1,5);J3:[2,3)","J0","1","J3","1","J0","1","J3","1","J3","1"
"4883","J0:[0,4);J1:[1,4);J2:[1,5);J3:[2,4)","J0","1","J0","1","J0","1","J3","1","J3","1"
"4884","J0:[0,4);J1:[1,4);J2:[1,5);J3:[2,5)","J0","1","J0","1","J0","1","J1","1","J3","1"
"4885","J0:[0,4);J1:[1,4);J2:[1,5);J3:[2,6)","J0","1","J0","1","J0","1","J1","1","J3","1"
"4886","J0:[0,4);J1:[1,4);J2:[1,5);J3:[3,4)","J0","1","J0","1","J0","1","J3","1","J3","1"
"4887","J0:[0,4);J1:[1,4);J2:[1,5);J3:[3,5)","J0","1","J0","1","J0","1","J3","1","J3","1"
"4888","J0:[0,4);J1:[1,4);J2:[1,5);J3:[3,6)","J0","1","J0","1","J0","1","J1","1","J3","1"
"4889","J0:[0,4);J1:[1,4);J2:[1,5);J3:[4,5)","J0;J3","2","J0;J3","2","J0;J3","2","J3;J1","2","J1;J3","2"
"4890","J0:[0,4);J1:[1,4);J2:[1,5);J3:[4,6)","J0;J3","2","J0;J3","2","J0;J3","2","J3;J1","2","J1;J3","2"
"4891","J0:[0,4);J1:[1,4);J2:[1,5);J3:[5,6)","J0;J3","2","J0;J3","2","J0;J3","2","J3;J1","2","J2;J3","2"
"4892","J0:[0,4);J1:[1,4);J2:[1,6);J3:[2,3)","J0","1","J3","1","J0","1","J3","1","J3","1"
"4893","J0:[0,4);J1:[1,4);J2:[1,6);J3:[2,4)","J0","1","J0","1","J0","1","J3","1","J3","1"
"4894","J0:[0,4);J1:[1,4);J2:[1,6);J3:[2,5)","J0","1","J0","1","J0","1","J1","1","J3","1"
"4895","J0:[0,4);J1:[1,4);J2:[1,6);J3:[2,6)","J0","1","J0","1","J0","1","J1","1","J3","1"
"4896","J0:[0,4);J1:[1,4);J2:[1,6);J3:[3,4)","J0","1","J0","1","J0","1","J3","1","J3","1"
"4897","J0:[0,4);J1:[1,4);J2:[1,6);J3:[3,5)","J0","1","J0","1","J0","1","J3","1","J3","1"
"4898","J0:[0,4);J1:[1,4);J2:[1,6);J3:[3,6)","J0","1","J0","1","J0","1","J1","1","J3","1"
"4899","J0:[0,4);J1:[1,4);J2:[1,6);J3:[4,5)","J0;J3","2","J0;J3","2","J0;J3","2","J3;J1","2","J1;J3","2"
"4900","J0:[0,4);J1:[1,4);J2:[1,6);J3:[4,6)","J0;J3","2","J0;J3","2","J0;J3","2","J3;J1","2","J1;J3","2"
"4901","J0:[0,4);J1:[1,4);J2:[1,6);J3:[5,6)","J0;J3","2","J0;J3","2","J0;J3","2","J3;J1","2","J1;J3","2"
"4902","J0:[0,4);J1:[1,4);J2:[2,3);J3:[2,4)","J0","1","J2","1","J0","1","J2","1","J3","1"
"4903","J0:[0,4);J1:[1,4);J2:[2,3);J3:[2,5)","J0","1","J2","1","J0","1","J2","1","J3","1"
"4904","J0:[0,4);J1:[1,4);J2:[2,3);J3:[2,6)","J0","1","J2","1","J0","1","J2","1","J3","1"
"4905","J0:[0,4);J1:[1,4);J2:[2,3);J3:[3,4)","J2;J3","2","J2;J3","2","J0","1","J2;J3","2","J2;J3","2"
"4906","J0:[0,4);J1:[1,4);J2:[2,3);J3:[3,5)","J2;J3","2","J2;J3","2","J0","1","J2;J3","2","J2;J3","2"
"4907","J0:[0,4);J1:[1,4);J2:[2,3);J3:[3,6)","J2;J3","2","J2;J3","2","J0","1","J2;J3","2","J2;J3","2"
"4908","J0:[0,4);J1:[1,4);J2:[2,3);J3:[4,5)","J0;J3","2","J2;J3","2","J0;J3","2","J2;J3","2","J2;J3","2"
"4909","J0:[0,4);J1:[1,4);J2:[2,3);J3:[4,6)","J0;J3","2","J2;J3","2","J0;J3","2","J2;J3","2","J2;J3","2"
"4910","J0:[0,4);J1:[1,4);J2:[2,3);J3:[5,6)","J0;J3","2","J2;J3","2","J0;J3","2","J2;J3","2","J2;J3","2"
"4911","J0:[0,4);J1:[1,4);J2:[2,4);J3:[2,5)","J0","1","J0","1","J0","1","J2","1","J3","1"
"4912","J0:[0,4);J1:[1,4);J2:[2,4);J3:[2,6)","J0","1","J0","1","J0","1","J2","1","J3","1"
"4913","J0:[0,4);J1:[1,4);J2:[2,4);J3:[3,4)","J0","1","J0","1","J0","1","J3","1","J3","1"
"4914","J0:[0,4);J1:[1,4);J2:[2,4);J3:[3,5)","J0","1","J0","1","J0","1","J2","1","J3","1"
"4915","J0:[0,4);J1:[1,4);J2:[2,4);J3:[3,6)","J0","1","J0","1","J0","1","J2","1","J3","1"
"4916","J0:[0,4);J1:[1,4);J2:[2,4);J3:[4,5)","J0;J3","2","J0;J3","2","J0;J3","2","J3;J2","2","J2;J3","2"
"4917","J0:[0,4);J1:[1,4);J2:[2,4);J3:[4,6)","J0;J3","2","J0;J3","2","J0;J3","2","J2;J3","2","J2;J3","2"
"4918","J0:[0,4);J1:[1,4);J2:[2,4);J3:[5,6)","J0;J3","2","J0;J3","2","J0;J3","2","J3;J2","2","J2;J3","2"
"4919","J0:[0,4);J1:[1,4);J2:[2,5);J3:[2,6)","J0","1","J0","1","J0","1","J1","1","J3","1"
"4920","J0:[0,4);J1:[1,4);J2:[2,5);J3:[3,4)","J0","1","J0","1","J0","1","J3","1","J3","1"
"4921","J0:[0,4);J1:[1,4);J2:[2,5);J3:[3,5)","J0","1","J0","1","J0","1","J3","1","J3","1"
"4922","J0:[0,4);J1:[1,4);J2:[2,5);J3:[3,6)","J0","1","J0","1","J0","1","J1","1","J3","1"
"4923","J0:[0,4);J1:[1,4);J2:[2,5);J3:[4,5)","J0;J3","2","J0;J3","2","J0;J3","2","J3;J1","2","J1;J3","2"
"4924","J0:[0,4);J1:[1,4);J2:[2,5);J3:[4,6)","J0;J3","2","J0;J3","2","J0;J3","2","J3;J1","2","J1;J3","2"
"4925","J0:[0,4);J1:[1,4);J2:[2,5);J3:[5,6)","J0;J3","2","J0;J3","2","J0;J3","2","J3;J1","2","J2;J3","2"
"4926","J0:[0,4);J1:[1,4);J2:[2,6);J3:[3,4)","J0","1","J0","1","J0","1","J3","1","J3","1"
"4927","J0:[0,4);J1:[1,4);J2:[2,6);J3:[3,5)","J0","1","J0","1","J0","1","J3","1","J3","1"
"4928","J0:[0,4);J1:[1,4);J2:[2,6);J3:[3,6)","J0","1","J0","1","J0","1","J1","1","J3","1"
"4929","J0:[0,4);J1:[1,4);J2:[2,6);J3:[4,5)","J0;J3","2","J0;J3","2","J0;J3","2","J3;J1","2","J1;J3","2"
"4930","J0:[0,4);J1:[1,4);J2:[2,6);J3:[4,6)","J0;J3","2","J0;J3","2","J0;J3","2","J3;J1","2","J1;J3","2"
"4931","J0:[0,4);J1:[1,4);J2:[2,6);J3:[5,6)","J0;J3","2","J0;J3","2","J0;J3","2","J3;J1","2","J1;J3","2"
"4932","J0:[0,4);J1:[1,4);J2:[3,4);J3:[3,5)","J0","1","J0","1","J0","1","J2","1","J3","1"
"4933","J0:[0,4);J1:[1,4);J2:[3,4);J3:[3,6)","J0","1","J0","1","J0","1","J2","1","J3","1"
"4934","J0:[0,4);J1:[1,4);J2:[3,4);J3:[4,5)","J0;J3","2","J0;J3","2","J0;J3","2","J2;J3","2","J2;J3","2"
"4935","J0:[0,4);J1:[1,4);J2:[3,4);J3:[4,6)","J0;J3","2","J0;J3","2","J0;J3","2","J2;J3","2","J2;J3","2"
"4936","J0:[0,4);J1:[1,4);J2:[3,4);J3:[5,6)","J0;J3","2","J0;J3","2","J0;J3","2","J2;J3","2","J2;J3","2"
"4937","J0:[0,4);J1:[1,4);J2:[3,5);J3:[3,6)","J0","1","J0","1","J0","1","J2","1","J3","1"
"4938","J0:[0,4);J1:[1,4);J2:[3,5);J3:[4,5)","J0;J3","2","J0;J3","2","J0;J3","2","J3;J1","2","J1;J3","2"
"4939","J0:[0,4);J1:[1,4);J2:[3,5);J3:[4,6)","J0;J3","2","J0;J3","2","J0;J3","2","J2","1","J1;J3","2"
"4940","J0:[0,4);J1:[1,4);J2:[3,5);J3:[5,6)","J0;J3","2","J0;J3","2","J0;J3","2","J3;J2","2","J2;J3","2"
"4941","J0:[0,4);J1:[1,4);J2:[3,6);J3:[4,5)","J0;J3","2","J0;J3","2","J0;J3","2","J3;J1","2","J1;J3","2"
"4942","J0:[0,4);J1:[1,4);J2:[3,6);J3:[4,6)","J0;J3","2","J0;J3","2","J0;J3","2","J3;J1","2","J1;J3","2"
"4943","J0:[0,4);J1:[1,4);J2:[3,6);J3:[5,6)","J0;J3","2","J0;J3","2","J0;J3","2","J3;J1","2","J1;J3","2"
"4944","J0:[0,4);J1:[1,4);J2:[4,5);J3:[4,6)","J0;J2","2","J0;J2","2","J0;J2","2","J2;J1","2","J1;J3","2"
"4945","J0:[0,4);J1:[1,4);J2:[4,5);J3:[5,6)","J0;J2;J3","3","J0;J2;J3","3","J0;J2;J3","3","J2;J3;J1","3","J1;J2;J3","3"
"4946","J0:[0,4);J1:[1,4);J2:[4,6);J3:[5,6)","J0;J2","2","J0;J2","2","J0;J2","2","J3;J1","2","J1;J3","2"
"4947","J0:[0,4);J1:[1,5);J2:[1,6);J3:[2,3)","J0","1","J3","1","J0","1","J3","1","J3","1"
"4948","J0:[0,4);J1:[1,5);J2:[1,6);J3:[2,4)","J0","1","J0","1","J0","1","J3","1","J3","1"
"4949","J0:[0,4);J1:[1,5);J2:[1,6);J3:[2,5)","J0","1","J0","1","J0","1","J3","1","J3","1"
"4950","J0:[0,4);J1:[1,5);J2:[1,6);J3:[2,6)","J0","1","J0","1","J0","1","J0","1","J3","1"
"4951","J0:[0,4);J1:[1,5);J2:[1,6);J3:[3,4)","J0","1","J0","1","J0","1","J3","1","J3","1"
"4952","J0:[0,4);J1:[1,5);J2:[1,6);J3:[3,5)","J0","1","J0","1","J0","1","J3","1","J3","1"
"4953","J0:[0,4);J1:[1,5);J2:[1,6);J3:[3,6)","J0","1","J0","1","J0","1","J3","1","J3","1"
"4954","J0:[0,4);J1:[1,5);J2:[1,6);J3:[4,5)","J0;J3","2","J0;J3","2","J0;J3","2","J3;J0","2","J0;J3","2"
"4955","J0:[0,4);J1:[1,5);J2:[1,6);J3:[4,6)","J0;J3","2","J0;J3","2","J0;J3","2","J3;J0","2","J0;J3","2"
"4956","J0:[0,4);J1:[1,5);J2:[1,6);J3:[5,6)","J0;J3","2","J0;J3","2","J0;J3","2","J3;J0","2","J1;J3","2"
"4957","J0:[0,4);J1:[1,5);J2:[2,3);J3:[2,4)","J0","1","J2","1","J0","1","J2","1","J3","1"
"4958","J0:[0,4);J1:[1,5);J2:[2,3);J3:[2,5)","J0","1","J2","1","J0","1","J2","1","J3","1"
"4959","J0:[0,4);J1:[1,5);J2:[2,3);J3:[2,6)","J0","1","J2","1","J0","1","J2","1","J3","1"
"4960","J0:[0,4);J1:[1,5);J2:[2,3);J3:[3,4)","J2;J3","2","J2;J3","2","J0","1","J2;J3","2","J2;J3","2"
"4961","J0:[0,4);J1:[1,5);J2:[2,3);J3:[3,5)","J2;J3","2","J2;J3","2","J0","1","J2;J3","2","J2;J3","2"
"4962","J0:[0,4);J1:[1,5);J2:[2,3);J3:[3,6)","J2;J3","2","J2;J3","2","J0","1","J2;J3","2","J2;J3","2"
"4963","J0:[0,4);J1:[1,5);J2:[2,3);J3:[4,5)","J0;J3","2","J2;J3","2","J0;J3","2","J2;J3","2","J2;J3","2"
"4964","J0:[0,4);J1:[1,5);J2:[2,3);J3:[4,6)","J0;J3","2","J2;J3","2","J0;J3","2","J2;J3","2","J2;J3","2"
"4965","J0:[0,4);J1:[1,5);J2:[2,3);J3:[5,6)","J0;J3","2","J2;J3","2","J0;J3","2","J2;J3","2","J2;J3","2"
"4966","J0:[0,4);J1:[1,5);J2:[2,4);J3:[2,5)","J0","1","J0","1","J0","1","J2","1","J3","1"
"4967","J0:[0,4);J1:[1,5);J2:[2,4);J3:[2,6)","J0","1","J0","1","J0","1","J2","1","J3","1"
"4968","J0:[0,4);J1:[1,5);J2:[2,4);J3:[3,4)","J0","1","J0","1","J0","1","J3","1","J3","1"
"4969","J0:[0,4);J1:[1,5);J2:[2,4);J3:[3,5)","J0","1","J0","1","J0","1","J2","1","J3","1"
"4970","J0:[0,4);J1:[1,5);J2:[2,4);J3:[3,6)","J0","1","J0","1","J0","1","J2","1","J3","1"
"4971","J0:[0,4);J1:[1,5);J2:[2,4);J3:[4,5)","J0;J3","2","J0;J3","2","J0;J3","2","J3;J2","2","J2;J3","2"
"4972","J0:[0,4);J1:[1,5);J2:[2,4);J3:[4,6)","J0;J3","2","J0;J3","2","J0;J3","2","J2;J3","2","J2;J3","2"
"4973","J0:[0,4);J1:[1,5);J2:[2,4);J3:[5,6)","J0;J3","2","J0;J3","2","J0;J3","2","J3;J2","2","J2;J3","2"
"4974","J0:[0,4);J1:[1,5);J2:[2,5);J3:[2,6)","J0","1","J0","1","J0","1","J2","1","J3","1"
"4975","J0:[0,4);J1:[1,5);J2:[2,5);J3:[3,4)","J0","1","J0","1","J0","1","J3","1","J3","1"
"4976","J0:[0,4);J1:[1,5);J2:[2,5);J3:[3,5)","J0","1","J0","1","J0","1","J3","1","J3","1"
"4977","J0:[0,4);J1:[1,5);J2:[2,5);J3:[3,6)","J0","1","J0","1","J0","1","J2","1","J3","1"
"4978","J0:[0,4);J1:[1,5);J2:[2,5);J3:[4,5)","J0;J3","2","J0;J3","2","J0;J3","2","J3;J0","2","J0;J3","2"
"4979","J0:[0,4);J1:[1,5);J2:[2,5);J3:[4,6)","J0;J3","2","J0;J3","2","J0;J3","2","J3;J0","2","J0;J3","2"
"4980","J0:[0,4);J1:[1,5);J2:[2,5);J3:[5,6)","J0;J3","2","J0;J3","2","J0;J3","2","J3;J2","2","J2;J3","2"
"4981","J0:[0,4);J1:[1,5);J2:[2,6);J3:[3,4)","J0","1","J0","1","J0","1","J3","1","J3","1"
"4982","J0:[0,4);J1:[1,5);J2:[2,6);J3:[3,5)","J0","1","J0","1","J0","1","J3","1","J3","1"
"4983","J0:[0,4);J1:[1,5);J2:[2,6);J3:[3,6)","J0","1","J0","1","J0","1","J3","1","J3","1"
"4984","J0:[0,4);J1:[1,5);J2:[2,6);J3:[4,5)","J0;J3","2","J0;J3","2","J0;J3","2","J3;J0","2","J0;J3","2"
"4985","J0:[0,4);J1:[1,5);J2:[2,6);J3:[4,6)","J0;J3","2","J0;J3","2","J0;J3","2","J3;J0","2","J0;J3","2"
"4986","J0:[0,4);J1:[1,5);J2:[2,6);J3:[5,6)","J0;J3","2","J0;J3","2","J0;J3","2","J3;J0","2","J1;J3","2"
"4987","J0:[0,4);J1:[1,5);J2:[3,4);J3:[3,5)","J0","1","J0","1","J0","1","J2","1","J3","1"
"4988","J0:[0,4);J1:[1,5);J2:[3,4);J3:[3,6)","J0","1","J0","1","J0","1","J2","1","J3","1"
"4989","J0:[0,4);J1:[1,5);J2:[3,4);J3:[4,5)","J0;J3","2","J0;J3","2","J0;J3","2","J2;J3","2","J2;J3","2"
"4990","J0:[0,4);J1:[1,5);J2:[3,4);J3:[4,6)","J0;J3","2","J0;J3","2","J0;J3","2","J2;J3","2","J2;J3","2"
"4991","J0:[0,4);J1:[1,5);J2:[3,4);J3:[5,6)","J0;J3","2","J0;J3","2","J0;J3","2","J2;J3","2","J2;J3","2"
"4992","J0:[0,4);J1:[1,5);J2:[3,5);J3:[3,6)","J0","1","J0","1","J0","1","J2","1","J3","1"
"4993","J0:[0,4);J1:[1,5);J2:[3,5);J3:[4,5)","J0;J3","2","J0;J3","2","J0;J3","2","J3;J0","2","J0;J3","2"
"4994","J0:[0,4);J1:[1,5);J2:[3,5);J3:[4,6)","J0;J3","2","J0;J3","2","J0;J3","2","J2","1","J0;J3","2"
"4995","J0:[0,4);J1:[1,5);J2:[3,5);J3:[5,6)","J0;J3","2","J0;J3","2","J0;J3","2","J3;J2","2","J2;J3","2"
"4996","J0:[0,4);J1:[1,5);J2:[3,6);J3:[4,5)","J0;J3","2","J0;J3","2","J0;J3","2","J3;J0","2","J0;J3","2"
"4997","J0:[0,4);J1:[1,5);J2:[3,6);J3:[4,6)","J0;J3","2","J0;J3","2","J0;J3","2","J3;J0","2","J0;J3","2"
"4998","J0:[0,4);J1:[1,5);J2:[3,6);J3:[5,6)","J0;J3","2","J0;J3","2","J0;J3","2","J3;J0","2","J1;J3","2"
"4999","J0:[0,4);J1:[1,5);J2:[4,5);J3:[4,6)","J0;J2","2","J0;J2","2","J0;J2","2","J2;J0","2","J0;J3","2"
"5000","J0:[0,4);J1:[1,5);J2:[4,5);J3:[5,6)","J0;J2;J3","3","J0;J2;J3","3","J0;J2;J3","3","J2;J3;J0","3","J0;J2;J3","3"
"5001","J0:[0,4);J1:[1,5);J2:[4,6);J3:[5,6)","J0;J2","2","J0;J2","2","J0;J2","2","J3;J0","2","J1;J3","2"
"5002","J0:[0,4);J1:[1,6);J2:[2,3);J3:[2,4)","J0","1","J2","1","J0","1","J2","1","J3","1"
"5003","J0:[0,4);J1:[1,6);J2:[2,3);J3:[2,5)","J0","1","J2","1","J0","1","J2","1","J3","1"
"5004","J0:[0,4);J1:[1,6);J2:[2,3);J3:[2,6)","J0","1","J2","1","J0","1","J2","1","J3","1"
"5005","J0:[0,4);J1:[1,6);J2:[2,3);J3:[3,4)","J2;J3","2","J2;J3","2","J0","1","J2;J3","2","J2;J3","2"
"5006","J0:[0,4);J1:[1,6);J2:[2,3);J3:[3,5)","J2;J3","2","J2;J3","2","J0","1","J2;J3","2","J2;J3","2"
"5007","J0:[0,4);J1:[1,6);J2:[2,3);J3:[3,6)","J2;J3","2","J2;J3","2","J0","1","J2;J3","2","J2;J3","2"
"5008","J0:[0,4);J1:[1,6);J2:[2,3);J3:[4,5)","J0;J3","2","J2;J3","2","J0;J3","2","J2;J3","2","J2;J3","2"
"5009","J0:[0,4);J1:[1,6);J2:[2,3);J3:[4,6)","J0;J3","2","J2;J3","2","J0;J3","2","J2;J3","2","J2;J3","2"
"5010","J0:[0,4);J1:[1,6);J2:[2,3);J3:[5,6)","J0;J3","2","J2;J3","2","J0;J3","2","J2;J3","2","J2;J3","2"
"5011","J0:[0,4);J1:[1,6);J2:[2,4);J3:[2,5)","J0","1","J0","1","J0","1","J2","1","J3","1"
"5012","J0:[0,4);J1:[1,6);J2:[2,4);J3:[2,6)","J0","1","J0","1","J0","1","J2","1","J3","1"
"5013","J0:[0,4);J1:[1,6);J2:[2,4);J3:[3,4)","J0","1","J0","1","J0","1","J3","1","J3","1"
"5014","J0:[0,4);J1:[1,6);J2:[2,4);J3:[3,5)","J0","1","J0","1","J0","1","J2","1","J3","1"
"5015","J0:[0,4);J1:[1,6);J2:[2,4);J3:[3,6)","J0","1","J0","1","J0","1","J2","1","J3","1"
"5016","J0:[0,4);J1:[1,6);J2:[2,4);J3:[4,5)","J0;J3","2","J0;J3","2","J0;J3","2","J3;J2","2","J2;J3","2"
"5017","J0:[0,4);J1:[1,6);J2:[2,4);J3:[4,6)","J0;J3","2","J0;J3","2","J0;J3","2","J2;J3","2","J2;J3","2"
"5018","J0:[0,4);J1:[1,6);J2:[2,4);J3:[5,6)","J0;J3","2","J0;J3","2","J0;J3","2","J3;J2","2","J2;J3","2"
"5019","J0:[0,4);J1:[1,6);J2:[2,5);J3:[2,6)","J0","1","J0","1","J0","1","J2","1","J3","1"
"5020","J0:[0,4);J1:[1,6);J2:[2,5);J3:[3,4)","J0","1","J0","1","J0","1","J3","1","J3","1"
"5021","J0:[0,4);J1:[1,6);J2:[2,5);J3:[3,5)","J0","1","J0","1","J0","1","J3","1","J3","1"
"5022","J0:[0,4);J1:[1,6);J2:[2,5);J3:[3,6)","J0","1","J0","1","J0","1","J2","1","J3","1"
"5023","J0:[0,4);J1:[1,6);J2:[2,5);J3:[4,5)","J0;J3","2","J0;J3","2","J0;J3","2","J3;J0","2","J0;J3","2"
"5024","J0:[0,4);J1:[1,6);J2:[2,5);J3:[4,6)","J0;J3","2","J0;J3","2","J0;J3","2","J3;J0","2","J0;J3","2"
"5025","J0:[0,4);J1:[1,6);J2:[2,5);J3:[5,6)","J0;J3","2","J0;J3","2","J0;J3","2","J3;J2","2","J2;J3","2"
"5026","J0:[0,4);J1:[1,6);J2:[2,6);J3:[3,4)","J0","1","J0","1","J0","1","J3","1","J3","1"
"5027","J0:[0,4);J1:[1,6);J2:[2,6);J3:[3,5)","J0","1","J0","1","J0","1","J3","1","J3","1"
"5028","J0:[0,4);J1:[1,6);J2:[2,6);J3:[3,6)","J0","1","J0","1","J0","1","J3","1","J3","1"
"5029","J0:[0,4);J1:[1,6);J2:[2,6);J3:[4,5)","J0;J3","2","J0;J3","2","J0;J3","2","J3;J0","2","J0;J3","2"
"5030","J0:[0,4);J1:[1,6);J2:[2,6);J3:[4,6)","J0;J3","2","J0;J3","2","J0;J3","2","J3;J0","2","J0;J3","2"
"5031","J0:[0,4);J1:[1,6);J2:[2,6);J3:[5,6)","J0;J3","2","J0;J3","2","J0;J3","2","J3;J0","2","J0;J3","2"
"5032","J0:[0,4);J1:[1,6);J2:[3,4);J3:[3,5)","J0","1","J0","1","J0","1","J2","1","J3","1"
"5033","J0:[0,4);J1:[1,6);J2:[3,4);J3:[3,6)","J0","1","J0","1","J0","1","J2","1","J3","1"
"5034","J0:[0,4);J1:[1,6);J2:[3,4);J3:[4,5)","J0;J3","2","J0;J3","2","J0;J3","2","J2;J3","2","J2;J3","2"
"5035","J0:[0,4);J1:[1,6);J2:[3,4);J3:[4,6)","J0;J3","2","J0;J3","2","J0;J3","2","J2;J3","2","J2;J3","2"
"5036","J0:[0,4);J1:[1,6);J2:[3,4);J3:[5,6)","J0;J3","2","J0;J3","2","J0;J3","2","J2;J3","2","J2;J3","2"
"5037","J0:[0,4);J1:[1,6);J2:[3,5);J3:[3,6)","J0","1","J0","1","J0","1","J2","1","J3","1"
"5038","J0:[0,4);J1:[1,6);J2:[3,5);J3:[4,5)","J0;J3","2","J0;J3","2","J0;J3","2","J3;J0","2","J0;J3","2"
"5039","J0:[0,4);J1:[1,6);J2:[3,5);J3:[4,6)","J0;J3","2","J0;J3","2","J0;J3","2","J2","1","J0;J3","2"
"5040","J0:[0,4);J1:[1,6);J2:[3,5);J3:[5,6)","J0;J3","2","J0;J3","2","J0;J3","2","J3;J2","2","J2;J3","2"
"5041","J0:[0,4);J1:[1,6);J2:[3,6);J3:[4,5)","J0;J3","2","J0;J3","2","J0;J3","2","J3;J0","2","J0;J3","2"
"5042","J0:[0,4);J1:[1,6);J2:[3,6);J3:[4,6)","J0;J3","2","J0;J3","2","J0;J3","2","J3;J0","2","J0;J3","2"
"5043","J0:[0,4);J1:[1,6);J2:[3,6);J3:[5,6)","J0;J3","2","J0;J3","2","J0;J3","2","J3;J0","2","J0;J3","2"
"5044","J0:[0,4);J1:[1,6);J2:[4,5);J3:[4,6)","J0;J2","2","J0;J2","2","J0;J2","2","J2;J0","2","J0;J3","2"
"5045","J0:[0,4);J1:[1,6);J2:[4,5);J3:[5,6)","J0;J2;J3","3","J0;J2;J3","3","J0;J2;J3","3","J2;J3;J0","3","J0;J2;J3","3"
"5046","J0:[0,4);J1:[1,6);J2:[4,6);J3:[5,6)","J0;J2","2","J0;J2","2","J0;J2","2","J3;J0","2","J0;J3","2"
"5047","J0:[0,4);J1:[2,3);J2:[2,4);J3:[2,5)","J0","1","J1","1","J0","1","J1","1","J3","1"
"5048","J0:[0,4);J1:[2,3);J2:[2,4);J3:[2,6)","J0","1","J1","1","J0","1","J1","1","J3","1"
"5049","J0:[0,4);J1:[2,3);J2:[2,4);J3:[3,4)","J1;J3","2","J1;J3","2","J0","1","J1;J3","2","J1;J3","2"
"5050","J0:[0,4);J1:[2,3);J2:[2,4);J3:[3,5)","J1;J3","2","J1;J3","2","J0","1","J1;J3","2","J1;J3","2"
"5051","J0:[0,4);J1:[2,3);J2:[2,4);J3:[3,6)","J1;J3","2","J1;J3","2","J0","1","J1;J3","2","J1;J3","2"
"5052","J0:[0,4);J1:[2,3);J2:[2,4);J3:[4,5)","J0;J3","2","J1;J3","2","J0;J3","2","J1;J3","2","J2;J3","2"
"5053","J0:[0,4);J1:[2,3);J2:[2,4);J3:[4,6)","J0;J3","2","J1;J3","2","J0;J3","2","J1;J3","2","J2;J3","2"
"5054","J0:[0,4);J1:[2,3);J2:[2,4);J3:[5,6)","J0;J3","2","J1;J3","2","J0;J3","2","J1;J3","2","J2;J3","2"
"5055","J0:[0,4);J1:[2,3);J2:[2,5);J3:[2,6)","J0","1","J1","1","J0","1","J1","1","J3","1"
"5056","J0:[0,4);J1:[2,3);J2:[2,5);J3:[3,4)","J1;J3","2","J1;J3","2","J0","1","J1;J3","2","J1;J3","2"
"5057","J0:[0,4);J1:[2,3);J2:[2,5);J3:[3,5)","J1;J3","2","J1;J3","2","J0","1","J1;J3","2","J1;J3","2"
"5058","J0:[0,4);J1:[2,3);J2:[2,5);J3:[3,6)","J1;J3","2","J1;J3","2","J0","1","J1;J3","2","J1;J3","2"
"5059","J0:[0,4);J1:[2,3);J2:[2,5);J3:[4,5)","J0;J3","2","J1;J3","2","J0;J3","2","J1;J3","2","J1;J3","2"
"5060","J0:[0,4);J1:[2,3);J2:[2,5);J3:[4,6)","J0;J3","2","J1;J3","2","J0;J3","2","J1;J3","2","J1;J3","2"
"5061","J0:[0,4);J1:[2,3);J2:[2,5);J3:[5,6)","J0;J3","2","J1;J3","2","J0;J3","2","J1;J3","2","J2;J3","2"
"5062","J0:[0,4);J1:[2,3);J2:[2,6);J3:[3,4)","J1;J3","2","J1;J3","2","J0","1","J1;J3","2","J1;J3","2"
"5063","J0:[0,4);J1:[2,3);J2:[2,6);J3:[3,5)","J1;J3","2","J1;J3","2","J0","1","J1;J3","2","J1;J3","2"
"5064","J0:[0,4);J1:[2,3);J2:[2,6);J3:[3,6)","J1;J3","2","J1;J3","2","J0","1","J1;J3","2","J1;J3","2"
"5065","J0:[0,4);J1:[2,3);J2:[2,6);J3:[4,5)","J0;J3","2","J1;J3","2","J0;J3","2","J1;J3","2","J1;J3","2"
"5066","J0:[0,4);J1:[2,3);J2:[2,6);J3:[4,6)","J0;J3","2","J1;J3","2","J0;J3","2","J1;J3","2","J1;J3","2"
"5067","J0:[0,4);J1:[2,3);J2:[2,6);J3:[5,6)","J0;J3","2","J1;J3","2","J0;J3","2","J1;J3","2","J1;J3","2"
"5068","J0:[0,4);J1:[2,3);J2:[3,4);J3:[3,5)","J1;J2","2","J1;J2","2","J0","1","J1;J2","2","J1;J3","2"
"5069","J0:[0,4);J1:[2,3);J2:[3,4);J3:[3,6)","J1;J2","2","J1;J2","2","J0","1","J1;J2","2","J1;J3","2"
"5070","J0:[0,4);J1:[2,3);J2:[3,4);J3:[4,5)","J1;J2;J3","3","J1;J2;J3","3","J0;J3","2","J1;J2;J3","3","J1;J2;J3","3"
"5071","J0:[0,4);J1:[2,3);J2:[3,4);J3:[4,6)","J1;J2;J3","3","J1;J2;J3","3","J0;J3","2","J1;J2;J3","3","J1;J2;J3","3"
"5072","J0:[0,4);J1:[2,3);J2:[3,4);J3:[5,6)","J1;J2;J3","3","J1;J2;J3","3","J0;J3","2","J1;J2;J3","3","J1;J2;J3","3"
"5073","J0:[0,4);J1:[2,3);J2:[3,5);J3:[3,6)","J1;J2","2","J1;J2","2","J0","1","J1;J2","2","J1;J3","2"
"5074","J0:[0,4);J1:[2,3);J2:[3,5);J3:[4,5)","J0;J3","2","J1;J2","2","J0;J3","2","J1;J3","2","J1;J3","2"
"5075","J0:[0,4);J1:[2,3);J2:[3,5);J3:[4,6)","J0;J3","2","J1;J2","2","J0;J3","2","J1;J2","2","J1;J3","2"
"5076","J0:[0,4);J1:[2,3);J2:[3,5);J3:[5,6)","J1;J2;J3","3","J1;J2;J3","3","J0;J3","2","J1;J3;J2","3","J1;J2;J3","3"
"5077","J0:[0,4);J1:[2,3);J2:[3,6);J3:[4,5)","J0;J3","2","J1;J3","2","J0;J3","2","J1;J3","2","J1;J3","2"
"5078","J0:[0,4);J1:[2,3);J2:[3,6);J3:[4,6)","J0;J3","2","J1;J2","2","J0;J3","2","J1;J3","2","J1;J3","2"
"5079","J0:[0,4);J1:[2,3);J2:[3,6);J3:[5,6)","J0;J3","2","J1;J2","2","J0;J3","2","J1;J3","2","J1;J3","2"
"5080","J0:[0,4);J1:[2,3);J2:[4,5);J3:[4,6)","J0;J2","2","J1;J2","2","J0;J2","2","J1;J2","2","J1;J3","2"
"5081","J0:[0,4);J1:[2,3);J2:[4,5);J3:[5,6)","J0;J2;J3","3","J1;J2;J3","3","J0;J2;J3","3","J1;J2;J3","3","J1;J2;J3","3"
"5082","J0:[0,4);J1:[2,3);J2:[4,6);J3:[5,6)","J0;J2","2","J1;J2","2","J0;J2","2","J1;J3","2","J1;J3","2"
"5083","J0:[0,4);J1:[2,4);J2:[2,5);J3:[2,6)","J0","1","J0","1","J0","1","J1","1","J3","1"
"5084","J0:[0,4);J1:[2,4);J2:[2,5);J3:[3,4)","J0","1","J0","1","J0","1","J3","1","J3","1"
"5085","J0:[0,4);J1:[2,4);J2:[2,5);J3:[3,5)","J0","1","J0","1","J0","1","J1","1","J3","1"
"5086","J0:[0,4);J1:[2,4);J2:[2,5);J3:[3,6)","J0","1","J0","1","J0","1","J1","1","J3","1"
"5087","J0:[0,4);J1:[2,4);J2:[2,5);J3:[4,5)","J0;J3","2","J0;J3","2","J0;J3","2","J3;J1","2","J1;J3","2"
"5088","J0:[0,4);J1:[2,4);J2:[2,5);J3:[4,6)","J0;J3","2","J0;J3","2","J0;J3","2","J1;J3","2","J1;J3","2"
"5089","J0:[0,4);J1:[2,4);J2:[2,5);J3:[5,6)","J0;J3","2","J0;J3","2","J0;J3","2","J3;J1","2","J2;J3","2"
"5090","J0:[0,4);J1:[2,4);J2:[2,6);J3:[3,4)","J0","1","J0","1","J0","1","J3","1","J3","1"
"5091","J0:[0,4);J1:[2,4);J2:[2,6);J3:[3,5)","J0","1","J0","1","J0","1","J1","1","J3","1"
"5092","J0:[0,4);J1:[2,4);J2:[2,6);J3:[3,6)","J0","1","J0","1","J0","1","J1","1","J3","1"
"5093","J0:[0,4);J1:[2,4);J2:[2,6);J3:[4,5)","J0;J3","2","J0;J3","2","J0;J3","2","J3;J1","2","J1;J3","2"
"5094","J0:[0,4);J1:[2,4);J2:[2,6);J3:[4,6)","J0;J3","2","J0;J3","2","J0;J3","2","J1;J3","2","J1;J3","2"
"5095","J0:[0,4);J1:[2,4);J2:[2,6);J3:[5,6)","J0;J3","2","J0;J3","2","J0;J3","2","J3;J1","2","J1;J3","2"
"5096","J0:[0,4);J1:[2,4);J2:[3,4);J3:[3,5)","J0","1","J0","1","J0","1","J2","1","J3","1"
"5097","J0:[0,4);J1:[2,4);J2:[3,4);J3:[3,6)","J0","1","J0","1","J0","1","J2","1","J3","1"
"5098","J0:[0,4);J1:[2,4);J2:[3,4);J3:[4,5)","J0;J3","2","J0;J3","2","J0;J3","2","J2;J3","2","J2;J3","2"
"5099","J0:[0,4);J1:[2,4);J2:[3,4);J3:[4,6)","J0;J3","2","J0;J3","2","J0;J3","2","J2;J3","2","J2;J3","2"
"5100","J0:[0,4);J1:[2,4);J2:[3,4);J3:[5,6)","J0;J3","2","J0;J3","2","J0;J3","2","J2;J3","2","J2;J3","2"
"5101","J0:[0,4);J1:[2,4);J2:[3,5);J3:[3,6)","J0","1","J0","1","J0","1","J1","1","J3","1"
"5102","J0:[0,4);J1:[2,4);J2:[3,5);J3:[4,5)","J0;J3","2","J0;J3","2","J0;J3","2","J3;J1","2","J1;J3","2"
"5103","J0:[0,4);J1:[2,4);J2:[3,5);J3:[4,6)","J0;J3","2","J0;J3","2","J0;J3","2","J1;J3","2","J1;J3","2"
"5104","J0:[0,4);J1:[2,4);J2:[3,5);J3:[5,6)","J0;J3","2","J0;J3","2","J0;J3","2","J3;J1","2","J2;J3","2"
"5105","J0:[0,4);J1:[2,4);J2:[3,6);J3:[4,5)","J0;J3","2","J0;J3","2","J0;J3","2","J3;J1","2","J1;J3","2"
"5106","J0:[0,4);J1:[2,4);J2:[3,6);J3:[4,6)","J0;J3","2","J0;J3","2","J0;J3","2","J1;J3","2","J1;J3","2"
"5107","J0:[0,4);J1:[2,4);J2:[3,6);J3:[5,6)","J0;J3","2","J0;J3","2","J0;J3","2","J3;J1","2","J1;J3","2"
"5108","J0:[0,4);J1:[2,4);J2:[4,5);J3:[4,6)","J0;J2","2","J0;J2","2","J0;J2","2","J2;J1","2","J1;J3","2"
"5109","J0:[0,4);J1:[2,4);J2:[4,5);J3:[5,6)","J0;J2;J3","3","J0;J2;J3","3","J0;J2;J3","3","J2;J3;J1","3","J1;J2;J3","3"
"5110","J0:[0,4);J1:[2,4);J2:[4,6);J3:[5,6)","J0;J2","2","J0;J2","2","J0;J2","2","J3;J1","2","J1;J3","2"
"5111","J0:[0,4);J1:[2,5);J2:[2,6);J3:[3,4)","J0","1","J0","1","J0","1","J3","1","J3","1"
"5112","J0:[0,4);J1:[2,5);J2:[2,6);J3:[3,5)","J0","1","J0","1","J0","1","J3","1","J3","1"
"5113","J0:[0,4);J1:[2,5);J2:[2,6);J3:[3,6)","J0","1","J0","1","J0","1","J1","1","J3","1"
"5114","J0:[0,4);J1:[2,5);J2:[2,6);J3:[4,5)","J0;J3","2","J0;J3","2","J0;J3","2","J3;J0","2","J0;J3","2"
"5115","J0:[0,4);J1:[2,5);J2:[2,6);J3:[4,6)","J0;J3","2","J0;J3","2","J0;J3","2","J3;J0","2","J0;J3","2"
"5116","J0:[0,4);J1:[2,5);J2:[2,6);J3:[5,6)","J0;J3","2","J0;J3","2","J0;J3","2","J3;J1","2","J1;J3","2"
"5117","J0:[0,4);J1:[2,5);J2:[3,4);J3:[3,5)","J0","1","J0","1","J0","1","J2","1","J3","1"
"5118","J0:[0,4);J1:[2,5);J2:[3,4);J3:[3,6)","J0","1","J0","1","J0","1","J2","1","J3","1"
"5119","J0:[0,4);J1:[2,5);J2:[3,4);J3:[4,5)","J0;J3","2","J0;J3","2","J0;J3","2","J2;J3","2","J2;J3","2"
"5120","J0:[0,4);J1:[2,5);J2:[3,4);J3:[4,6)","J0;J3","2","J0;J3","2","J0;J3","2","J2;J3","2","J2;J3","2"
"5121","J0:[0,4);J1:[2,5);J2:[3,4);J3:[5,6)","J0;J3","2","J0;J3","2","J0;J3","2","J2;J3","2","J2;J3","2"
"5122","J0:[0,4);J1:[2,5);J2:[3,5);J3:[3,6)","J0","1","J0","1","J0","1","J2","1","J3","1"
"5123","J0:[0,4);J1:[2,5);J2:[3,5);J3:[4,5)","J0;J3","2","J0;J3","2","J0;J3","2","J3;J0","2","J0;J3","2"
"5124","J0:[0,4);J1:[2,5);J2:[3,5);J3:[4,6)","J0;J3","2","J0;J3","2","J0;J3","2","J2","1","J0;J3","2"
"5125","J0:[0,4);J1:[2,5);J2:[3,5);J3:[5,6)","J0;J3","2","J0;J3","2","J0;J3","2","J3;J2","2","J2;J3","2"
"5126","J0:[0,4);J1:[2,5);J2:[3,6);J3:[4,5)","J0;J3","2","J0;J3","2","J0;J3","2","J3;J0","2","J0;J3","2"
"5127","J0:[0,4);J1:[2,5);J2:[3,6);J3:[4,6)","J0;J3","2","J0;J3","2","J0;J3","2","J3;J0","2","J0;J3","2"
"5128","J0:[0,4);J1:[2,5);J2:[3,6);J3:[5,6)","J0;J3","2","J0;J3","2","J0;J3","2","J3;J1","2","J1;J3","2"
"5129","J0:[0,4);J1:[2,5);J2:[4,5);J3:[4,6)","J0;J2","2","J0;J2","2","J0;J2","2","J2;J0","2","J0;J3","2"
"5130","J0:[0,4);J1:[2,5);J2:[4,5);J3:[5,6)","J0;J2;J3","3","J0;J2;J3","3","J0;J2;J3","3","J2;J3;J0","3","J0;J2;J3","3"
"5131","J0:[0,4);J1:[2,5);J2:[4,6);J3:[5,6)","J0;J2","2","J0;J2","2","J0;J2","2","J3;J1","2","J1;J3","2"
"5132","J0:[0,4);J1:[2,6);J2:[3,4);J3:[3,5)","J0","1","J0","1","J0","1","J2","1","J3","1"
"5133","J0:[0,4);J1:[2,6);J2:[3,4);J3:[3,6)","J0","1","J0","1","J0","1","J2","1","J3","1"
"5134","J0:[0,4);J1:[2,6);J2:[3,4);J3:[4,5)","J0;J3","2","J0;J3","2","J0;J3","2","J2;J3","2","J2;J3","2"
"5135","J0:[0,4);J1:[2,6);J2:[3,4);J3:[4,6)","J0;J3","2","J0;J3","2","J0;J3","2","J2;J3","2","J2;J3","2"
"5136","J0:[0,4);J1:[2,6);J2:[3,4);J3:[5,6)","J0;J3","2","J0;J3","2","J0;J3","2","J2;J3","2","J2;J3","2"
"5137","J0:[0,4);J1:[2,6);J2:[3,5);J3:[3,6)","J0","1","J0","1","J0","1","J2","1","J3","1"
"5138","J0:[0,4);J1:[2,6);J2:[3,5);J3:[4,5)","J0;J3","2","J0;J3","2","J0;J3","2","J3;J0","2","J0;J3","2"
"5139","J0:[0,4);J1:[2,6);J2:[3,5);J3:[4,6)","J0;J3","2","J0;J3","2","J0;J3","2","J2","1","J0;J3","2"
"5140","J0:[0,4);J1:[2,6);J2:[3,5);J3:[5,6)","J0;J3","2","J0;J3","2","J0;J3","2","J3;J2","2","J2;J3","2"
"5141","J0:[0,4);J1:[2,6);J2:[3,6);J3:[4,5)","J0;J3","2","J0;J3","2","J0;J3","2","J3;J0","2","J0;J3","2"
"5142","J0:[0,4);J1:[2,6);J2:[3,6);J3:[4,6)","J0;J3","2","J0;J3","2","J0;J3","2","J3;J0","2","J0;J3","2"
"5143","J0:[0,4);J1:[2,6);J2:[3,6);J3:[5,6)","J0;J3","2","J0;J3","2","J0;J3","2","J3;J0","2","J0;J3","2"
"5144","J0:[0,4);J1:[2,6);J2:[4,5);J3:[4,6)","J0;J2","2","J0;J2","2","J0;J2","2","J2;J0","2","J0;J3","2"
"5145","J0:[0,4);J1:[2,6);J2:[4,5);J3:[5,6)","J0;J2;J3","3","J0;J2;J3","3","J0;J2;J3","3","J2;J3;J0","3","J0;J2;J3","3"
"5146","J0:[0,4);J1:[2,6);J2:[4,6);J3:[5,6)","J0;J2","2","J0;J2","2","J0;J2","2","J3;J0","2","J0;J3","2"
"5147","J0:[0,4);J1:[3,4);J2:[3,5);J3:[3,6)","J0","1","J0","1","J0","1","J1","1","J3","1"
"5148","J0:[0,4);J1:[3,4);J2:[3,5);J3:[4,5)","J0;J3","2","J0;J3","2","J0;J3","2","J1;J3","2","J1;J3","2"
"5149","J0:[0,4);J1:[3,4);J2:[3,5);J3:[4,6)","J0;J3","2","J0;J3","2","J0;J3","2","J1;J3","2","J1;J3","2"
"5150","J0:[0,4);J1:[3,4);J2:[3,5);J3:[5,6)","J0;J3","2","J0;J3","2","J0;J3","2","J1;J3","2","J2;J3","2"
"5151","J0:[0,4);J1:[3,4);J2:[3,6);J3:[4,5)","J0;J3","2","J0;J3","2","J0;J3","2","J1;J3","2","J1;J3","2"
"5152","J0:[0,4);J1:[3,4);J2:[3,6);J3:[4,6)","J0;J3","2","J0;J3","2","J0;J3","2","J1;J3","2","J1;J3","2"
"5153","J0:[0,4);J1:[3,4);J2:[3,6);J3:[5,6)","J0;J3","2","J0;J3","2","J0;J3","2","J1;J3","2","J1;J3","2"
"5154","J0:[0,4);J1:[3,4);J2:[4,5);J3:[4,6)","J0;J2","2","J0;J2","2","J0;J2","2","J1;J2","2","J1;J3","2"
"5155","J0:[0,4);J1:[3,4);J2:[4,5);J3:[5,6)","J0;J2;J3","3","J0;J2;J3","3","J0;J2;J3","3","J1;J2;J3","3","J1;J2;J3","3"
"5156","J0:[0,4);J1:[3,4);J2:[4,6);J3:[5,6)","J0;J2","2","J0;J2","2","J0;J2","2","J1;J3","2","J1;J3","2"
"5157","J0:[0,4);J1:[3,5);J2:[3,6);J3:[4,5)","J0;J3","2","J0;J3","2","J0;J3","2","J3;J0","2","J0;J3","2"
"5158","J0:[0,4);J1:[3,5);J2:[3,6);J3:[4,6)","J0;J3","2","J0;J3","2","J0;J3","2","J1","1","J0;J3","2"
"5159","J0:[0,4);J1:[3,5);J2:[3,6);J3:[5,6)","J0;J3","2","J0;J3","2","J0;J3","2","J3;J1","2","J1;J3","2"
"5160","J0:[0,4);J1:[3,5);J2:[4,5);J3:[4,6)","J0;J2","2","J0;J2","2","J0;J2","2","J2;J0","2","J0;J3","2"
"5161","J0:[0,4);J1:[3,5);J2:[4,5);J3:[5,6)","J0;J2;J3","3","J0;J2;J3","3","J0;J2;J3","3","J2;J3;J0","3","J0;J2;J3","3"
"5162","J0:[0,4);J1:[3,5);J2:[4,6);J3:[5,6)","J0;J2","2","J0;J2","2","J0;J2","2","J3;J1","2","J1;J3","2"
"5163","J0:[0,4);J1:[3,6);J2:[4,5);J3:[4,6)","J0;J2","2","J0;J2","2","J0;J2","2","J2;J0","2","J0;J3","2"
"5164","J0:[0,4);J1:[3,6);J2:[4,5);J3:[5,6)","J0;J2;J3","3","J0;J2;J3","3","J0;J2;J3","3","J2;J3;J0","3","J0;J2;J3","3"
"5165","J0:[0,4);J1:[3,6);J2:[4,6);J3:[5,6)","J0;J2","2","J0;J2","2","J0;J2","2","J3;J0","2","J0;J3","2"
"5166","J0:[0,4);J1:[4,5);J2:[4,6);J3:[5,6)","J0;J1;J3","3","J0;J1;J3","3","J0;J1;J3","3","J1;J3;J0","3","J0;J1;J3","3"
"5167","J0:[0,5);J1:[0,6);J2:[1,2);J3:[1,3)","J0","1","J2","1","J0","1","J2","1","J3","1"
"5168","J0:[0,5);J1:[0,6);J2:[1,2);J3:[1,4)","J0","1","J2","1","J0","1","J2","1","J3","1"
"5169","J0:[0,5);J1:[0,6);J2:[1,2);J3:[1,5)","J0","1","J2","1","J0","1","J2","1","J3","1"
"5170","J0:[0,5);J1:[0,6);J2:[1,2);J3:[1,6)","J0","1","J2","1","J0","1","J2","1","J3","1"
"5171","J0:[0,5);J1:[0,6);J2:[1,2);J3:[2,3)","J2;J3","2","J2;J3","2","J0","1","J2;J3","2","J2;J3","2"
"5172","J0:[0,5);J1:[0,6);J2:[1,2);J3:[2,4)","J2;J3","2","J2;J3","2","J0","1","J2;J3","2","J2;J3","2"
"5173","J0:[0,5);J1:[0,6);J2:[1,2);J3:[2,5)","J2;J3","2","J2;J3","2","J0","1","J2;J3","2","J2;J3","2"
"5174","J0:[0,5);J1:[0,6);J2:[1,2);J3:[2,6)","J2;J3","2","J2;J3","2","J0","1","J2;J3","2","J2;J3","2"
"5175","J0:[0,5);J1:[0,6);J2:[1,2);J3:[3,4)","J2;J3","2","J2;J3","2","J0","1","J2;J3","2","J2;J3","2"
"5176","J0:[0,5);J1:[0,6);J2:[1,2);J3:[3,5)","J2;J3","2","J2;J3","2","J0","1","J2;J3","2","J2;J3","2"
"5177","J0:[0,5);J1:[0,6);J2:[1,2);J3:[3,6)","J2;J3","2","J2;J3","2","J0","1","J2;J3","2","J2;J3","2"
"5178","J0:[0,5);J1:[0,6);J2:[1,2);J3:[4,5)","J2;J3","2","J2;J3","2","J0","1","J2;J3","2","J2;J3","2"
"5179","J0:[0,5);J1:[0,6);J2:[1,2);J3:[4,6)","J2;J3","2","J2;J3","2","J0","1","J2;J3","2","J2;J3","2"
"5180","J0:[0,5);J1:[0,6);J2:[1,2);J3:[5,6)","J0;J3","2","J2;J3","2","J0;J3","2","J2;J3","2","J2;J3","2"
"5181","J0:[0,5);J1:[0,6);J2:[1,3);J3:[1,4)","J0","1","J2","1","J0","1","J2","1","J3","1"
"5182","J0:[0,5);J1:[0,6);J2:[1,3);J3:[1,5)","J0","1","J2","1","J0","1","J2","1","J3","1"
"5183","J0:[0,5);J1:[0,6);J2:[1,3);J3:[1,6)","J0","1","J2","1","J0","1","J2","1","J3","1"
"5184","J0:[0,5);J1:[0,6);J2:[1,3);J3:[2,3)","J0","1","J2","1","J0","1","J3","1","J3","1"
"5185","J0:[0,5);J1:[0,6);J2:[1,3);J3:[2,4)","J0","1","J2","1","J0","1","J2","1","J3","1"
"5186","J0:[0,5);J1:[0,6);J2:[1,3);J3:[2,5)","J0","1","J2","1","J0","1","J2","1","J3","1"
"5187","J0:[0,5);J1:[0,6);J2:[1,3);J3:[2,6)","J0","1","J2","1","J0","1","J2","1","J3","1"
"5188","J0:[0,5);J1:[0,6);J2:[1,3);J3:[3,4)","J2;J3","2","J2;J3","2","J0","1","J3;J2","2","J2;J3","2"
"5189","J0:[0,5);J1:[0,6);J2:[1,3);J3:[3,5)","J2;J3","2","J2;J3","2","J0","1","J2;J3","2","J2;J3","2"
"5190","J0:[0,5);J1:[0,6);J2:[1,3);J3:[3,6)","J2;J3","2","J2;J3","2","J0","1","J2;J3","2","J2;J3","2"
"5191","J0:[0,5);J1:[0,6);J2:[1,3);J3:[4,5)","J2;J3","2","J2;J3","2","J0","1","J3;J2","2","J2;J3","2"
"5192","J0:[0,5);J1:[0,6);J2:[1,3);J3:[4,6)","J2;J3","2","J2;J3","2","J0","1","J2;J3","2","J2;J3","2"
"5193","J0:[0,5);J1:[0,6);J2:[1,3);J3:[5,6)","J0;J3","2","J2;J3","2","J0;J3","2","J3;J2","2","J2;J3","2"
"5194","J0:[0,5);J1:[0,6);J2:[1,4);J3:[1,5)","J0","1","J2","1","J0","1","J2","1","J3","1"
"5195","J0:[0,5);J1:[0,6);J2:[1,4);J3:[1,6)","J0","1","J2","1","J0","1","J2","1","J3","1"
"5196","J0:[0,5);J1:[0,6);J2:[1,4);J3:[2,3)","J0","1","J3","1","J0","1","J3","1","J3","1"
"5197","J0:[0,5);J1:[0,6);J2:[1,4);J3:[2,4)","J0","1","J2","1","J0","1","J3","1","J3","1"
"5198","J0:[0,5);J1:[0,6);J2:[1,4);J3:[2,5)","J0","1","J2","1","J0","1","J2","1","J3","1"
"5199","J0:[0,5);J1:[0,6);J2:[1,4);J3:[2,6)","J0","1","J2","1","J0","1","J2","1","J3","1"
"5200","J0:[0,5);J1:[0,6);J2:[1,4);J3:[3,4)","J0","1","J2","1","J0","1","J3","1","J3","1"
"5201","J0:[0,5);J1:[0,6);J2:[1,4);J3:[3,5)","J0","1","J2","1","J0","1","J3","1","J3","1"
"5202","J0:[0,5);J1:[0,6);J2:[1,4);J3:[3,6)","J0","1","J2","1","J0","1","J2","1","J3","1"
"5203","J0:[0,5);J1:[0,6);J2:[1,4);J3:[4,5)","J2;J3","2","J2;J3","2","J0","1","J3;J2","2","J2;J3","2"
"5204","J0:[0,5);J1:[0,6);J2:[1,4);J3:[4,6)","J2;J3","2","J2;J3","2","J0","1","J3;J2","2","J2;J3","2"
"5205","J0:[0,5);J1:[0,6);J2:[1,4);J3:[5,6)","J0;J3","2","J2;J3","2","J0;J3","2","J3;J2","2","J2;J3","2"
"5206","J0:[0,5);J1:[0,6);J2:[1,5);J3:[1,6)","J0","1","J0","1","J0","1","J2","1","J3","1"
"5207","J0:[0,5);J1:[0,6);J2:[1,5);J3:[2,3)","J0","1","J3","1","J0","1","J3","1","J3","1"
"5208","J0:[0,5);J1:[0,6);J2:[1,5);J3:[2,4)","J0","1","J3","1","J0","1","J3","1","J3","1"
"5209","J0:[0,5);J1:[0,6);J2:[1,5);J3:[2,5)","J0","1","J0","1","J0","1","J3","1","J3","1"
"5210","J0:[0,5);J1:[0,6);J2:[1,5);J3:[2,6)","J0","1","J0","1","J0","1","J2","1","J3","1"
"5211","J0:[0,5);J1:[0,6);J2:[1,5);J3:[3,4)","J0","1","J3","1","J0","1","J3","1","J3","1"
"5212","J0:[0,5);J1:[0,6);J2:[1,5);J3:[3,5)","J0","1","J0","1","J0","1","J3","1","J3","1"
"5213","J0:[0,5);J1:[0,6);J2:[1,5);J3:[3,6)","J0","1","J0","1","J0","1","J3","1","J3","1"
"5214","J0:[0,5);J1:[0,6);J2:[1,5);J3:[4,5)","J0","1","J0","1","J0","1","J3","1","J3","1"
"5215","J0:[0,5);J1:[0,6);J2:[1,5);J3:[4,6)","J0","1","J0","1","J0","1","J3","1","J3","1"
"5216","J0:[0,5);J1:[0,6);J2:[1,5);J3:[5,6)","J0;J3","2","J0;J3","2","J0;J3","2","J3;J2","2","J2;J3","2"
"5217","J0:[0,5);J1:[0,6);J2:[1,6);J3:[2,3)","J0","1","J3","1","J0","1","J3","1","J3","1"
"5218","J0:[0,5);J1:[0,6);J2:[1,6);J3:[2,4)","J0","1","J3","1","J0","1","J3","1","J3","1"
"5219","J0:[0,5);J1:[0,6);J2:[1,6);J3:[2,5)","J0","1","J0","1","J0","1","J3","1","J3","1"
"5220","J0:[0,5);J1:[0,6);J2:[1,6);J3:[2,6)","J0","1","J0","1","J0","1","J3","1","J3","1"
"5221","J0:[0,5);J1:[0,6);J2:[1,6);J3:[3,4)","J0","1","J3","1","J0","1","J3","1","J3","1"
"5222","J0:[0,5);J1:[0,6);J2:[1,6);J3:[3,5)","J0","1","J0","1","J0","1","J3","1","J3","1"
"5223","J0:[0,5);J1:[0,6);J2:[1,6);J3:[3,6)","J0","1","J0","1","J0","1","J3","1","J3","1"
"5224","J0:[0,5);J1:[0,6);J2:[1,6);J3:[4,5)","J0","1","J0","1","J0","1","J3","1","J3","1"
"5225","J0:[0,5);J1:[0,6);J2:[1,6);J3:[4,6)","J0","1","J0","1","J0","1","J3","1","J3","1"
"5226","J0:[0,5);J1:[0,6);J2:[1,6);J3:[5,6)","J0;J3","2","J0;J3","2","J0;J3","2","J3;J0","2","J0;J3","2"
"5227","J0:[0,5);J1:[0,6);J2:[2,3);J3:[2,4)","J0","1","J2","1","J0","1","J2","1","J3","1"
"5228","J0:[0,5);J1:[0,6);J2:[2,3);J3:[2,5)","J0","1","J2","1","J0","1","J2","1","J3","1"
"5229","J0:[0,5);J1:[0,6);J2:[2,3);J3:[2,6)","J0","1","J2","1","J0","1","J2","1","J3","1"
"5230","J0:[0,5);J1:[0,6);J2:[2,3);J3:[3,4)","J2;J3","2","J2;J3","2","J0","1","J2;J3","2","J2;J3","2"
"5231","J0:[0,5);J1:[0,6);J2:[2,3);J3:[3,5)","J2;J3","2","J2;J3","2","J0","1","J2;J3","2","J2;J3","2"
"5232","J0:[0,5);J1:[0,6);J2:[2,3);J3:[3,6)","J2;J3","2","J2;J3","2","J0","1","J2;J3","2","J2;J3","2"
"5233","J0:[0,5);J1:[0,6);J2:[2,3);J3:[4,5)","J2;J3","2","J2;J3","2","J0","1","J2;J3","2","J2;J3","2"
"5234","J0:[0,5);J1:[0,6);J2:[2,3);J3:[4,6)","J2;J3","2","J2;J3","2","J0","1","J2;J3","2","J2;J3","2"
"5235","J0:[0,5);J1:[0,6);J2:[2,3);J3:[5,6)","J0;J3","2","J2;J3","2","J0;J3","2","J2;J3","2","J2;J3","2"
"5236","J0:[0,5);J1:[0,6);J2:[2,4);J3:[2,5)","J0","1","J2","1","J0","1","J2","1","J3","1"
"5237","J0:[0,5);J1:[0,6);J2:[2,4);J3:[2,6)","J0","1","J2","1","J0","1","J2","1","J3","1"
"5238","J0:[0,5);J1:[0,6);J2:[2,4);J3:[3,4)","J0","1","J2","1","J0","1","J3","1","J3","1"
"5239","J0:[0,5);J1:[0,6);J2:[2,4);J3:[3,5)","J0","1","J2","1","J0","1","J2","1","J3","1"
"5240","J0:[0,5);J1:[0,6);J2:[2,4);J3:[3,6)","J0","1","J2","1","J0","1","J2","1","J3","1"
"5241","J0:[0,5);J1:[0,6);J2:[2,4);J3:[4,5)","J2;J3","2","J2;J3","2","J0","1","J3;J2","2","J2;J3","2"
"5242","J0:[0,5);J1:[0,6);J2:[2,4);J3:[4,6)","J2;J3","2","J2;J3","2","J0","1","J2;J3","2","J2;J3","2"
"5243","J0:[0,5);J1:[0,6);J2:[2,4);J3:[5,6)","J0;J3","2","J2;J3","2","J0;J3","2","J3;J2","2","J2;J3","2"
"5244","J0:[0,5);J1:[0,6);J2:[2,5);J3:[2,6)","J0","1","J0","1","J0","1","J2","1","J3","1"
"5245","J0:[0,5);J1:[0,6);J2:[2,5);J3:[3,4)","J0","1","J3","1","J0","1","J3","1","J3","1"
"5246","J0:[0,5);J1:[0,6);J2:[2,5);J3:[3,5)","J0","1","J0","1","J0","1","J3","1","J3","1"
"5247","J0:[0,5);J1:[0,6);J2:[2,5);J3:[3,6)","J0","1","J0","1","J0","1","J2","1","J3","1"
"5248","J0:[0,5);J1:[0,6);J2:[2,5);J3:[4,5)","J0","1","J0","1","J0","1","J3","1","J3","1"
"5249","J0:[0,5);J1:[0,6);J2:[2,5);J3:[4,6)","J0","1","J0","1","J0","1","J3","1","J3","1"
"5250","J0:[0,5);J1:[0,6);J2:[2,5);J3:[5,6)","J0;J3","2","J0;J3","2","J0;J3","2","J3;J2","2","J2;J3","2"
"5251","J0:[0,5);J1:[0,6);J2:[2,6);J3:[3,4)","J0","1","J3","1","J0","1","J3","1","J3","1"
"5252","J0:[0,5);J1:[0,6);J2:[2,6);J3:[3,5)","J0","1","J0","1","J0","1","J3","1","J3","1"
"5253","J0:[0,5);J1:[0,6);J2:[2,6);J3:[3,6)","J0","1","J0","1","J0","1","J3","1","J3","1"
"5254","J0:[0,5);J1:[0,6);J2:[2,6);J3:[4,5)","J0","1","J0","1","J0","1","J3","1","J3","1"
"5255","J0:[0,5);J1:[0,6);J2:[2,6);J3:[4,6)","J0","1","J0","1","J0","1","J3","1","J3","1"
"5256","J0:[0,5);J1:[0,6);J2:[2,6);J3:[5,6)","J0;J3","2","J0;J3","2","J0;J3","2","J3;J0","2","J0;J3","2"
"5257","J0:[0,5);J1:[0,6);J2:[3,4);J3:[3,5)","J0","1","J2","1","J0","1","J2","1","J3","1"
"5258","J0:[0,5);J1:[0,6);J2:[3,4);J3:[3,6)","J0","1","J2","1","J0","1","J2","1","J3","1"
"5259","J0:[0,5);J1:[0,6);J2:[3,4);J3:[4,5)","J2;J3","2","J2;J3","2","J0","1","J2;J3","2","J2;J3","2"
"5260","J0:[0,5);J1:[0,6);J2:[3,4);J3:[4,6)","J2;J3","2","J2;J3","2","J0","1","J2;J3","2","J2;J3","2"
"5261","J0:[0,5);J1:[0,6);J2:[3,4);J3:[5,6)","J0;J3","2","J2;J3","2","J0;J3","2","J2;J3","2","J2;J3","2"
"5262","J0:[0,5);J1:[0,6);J2:[3,5);J3:[3,6)","J0","1","J0","1","J0","1","J2","1","J3","1"
"5263","J0:[0,5);J1:[0,6);J2:[3,5);J3:[4,5)","J0","1","J0","1","J0","1","J3","1","J3","1"
"5264","J0:[0,5);J1:[0,6);J2:[3,5);J3:[4,6)","J0","1","J0","1","J0","1","J2","1","J3","1"
"5265","J0:[0,5);J1:[0,6);J2:[3,5);J3:[5,6)","J0;J3","2","J0;J3","2","J0;J3","2","J3;J2","2","J2;J3","2"
"5266","J0:[0,5);J1:[0,6);J2:[3,6);J3:[4,5)","J0","1","J0","1","J0","1","J3","1","J3","1"
"5267","J0:[0,5);J1:[0,6);J2:[3,6);J3:[4,6)","J0","1","J0","1","J0","1","J3","1","J3","1"
"5268","J0:[0,5);J1:[0,6);J2:[3,6);J3:[5,6)","J0;J3","2","J0;J3","2","J0;J3","2","J3;J0","2","J0;J3","2"
"5269","J0:[0,5);J1:[0,6);J2:[4,5);J3:[4,6)","J0","1","J0","1","J0","1","J2","1","J3","1"
"5270","J0:[0,5);J1:[0,6);J2:[4,5);J3:[5,6)","J0;J3","2","J0;J3","2","J0;J3","2","J2;J3","2","J2;J3","2"
"5271","J0:[0,5);J1:[0,6);J2:[4,6);J3:[5,6)","J0;J3","2","J0;J3","2","J0;J3","2","J3;J0","2","J0;J3","2"
"5272","J0:[0,5);J1:[1,2);J2:[1,3);J3:[1,4)","J0","1","J1","1","J0","1","J1","1","J3","1"
"5273","J0:[0,5);J1:[1,2);J2:[1,3);J3:[1,5)","J0","1","J1","1","J0","1","J1","1","J3","1"
"5274","J0:[0,5);J1:[1,2);J2:[1,3);J3:[1,6)","J0","1","J1","1","J0","1","J1","1","J3","1"
"5275","J0:[0,5);J1:[1,2);J2:[1,3);J3:[2,3)","J1;J3","2","J1;J3","2","J0","1","J1;J3","2","J1;J3","2"
"5276","J0:[0,5);J1:[1,2);J2:[1,3);J3:[2,4)","J1;J3","2","J1;J3","2","J0","1","J1;J3","2","J1;J3","2"
"5277","J0:[0,5);J1:[1,2);J2:[1,3);J3:[2,5)","J1;J3","2","J1;J3","2","J0","1","J1;J3","2","J1;J3","2"
"5278","J0:[0,5);J1:[1,2);J2:[1,3);J3:[2,6)","J1;J3","2","J1;J3","2","J0","1","J1;J3","2","J1;J3","2"
"5279","J0:[0,5);J1:[1,2);J2:[1,3);J3:[3,4)","J1;J3","2","J1;J3","2","J0","1","J1;J3","2","J2;J3","2"
"5280","J0:[0,5);J1:[1,2);J2:[1,3);J3:[3,5)","J1;J3","2","J1;J3","2","J0","1","J1;J3","2","J2;J3","2"
"5281","J0:[0,5);J1:[1,2);J2:[1,3);J3:[3,6)","J1;J3","2","J1;J3","2","J0","1","J1;J3","2","J2;J3","2"
"5282","J0:[0,5);J1:[1,2);J2:[1,3);J3:[4,5)","J1;J3","2","J1;J3","2","J0","1","J1;J3","2","J2;J3","2"
"5283","J0:[0,5);J1:[1,2);J2:[1,3);J3:[4,6)","J1;J3","2","J1;J3","2","J0","1","J1;J3","2","J2;J3","2"
"5284","J0:[0,5);J1:[1,2);J2:[1,3);J3:[5,6)","J0;J3","2","J1;J3","2","J0;J3","2","J1;J3","2","J2;J3","2"
"5285","J0:[0,5);J1:[1,2);J2:[1,4);J3:[1,5)","J0","1","J1","1","J0","1","J1","1","J3","1"
"5286","J0:[0,5);J1:[1,2);J2:[1,4);J3:[1,6)","J0","1","J1","1","J0","1","J1","1","J3","1"
"5287","J0:[0,5);J1:[1,2);J2:[1,4);J3:[2,3)","J1;J3","2","J1;J3","2","J0","1","J1;J3","2","J1;J3","2"
"5288","J0:[0,5);J1:[1,2);J2:[1,4);J3:[2,4)","J1;J3","2","J1;J3","2","J0","1","J1;J3","2","J1;J3","2"
"5289","J0:[0,5);J1:[1,2);J2:[1,4);J3:[2,5)","J1;J3","2","J1;J3","2","J0","1","J1;J3","2","J1;J3","2"
"5290","J0:[0,5);J1:[1,2);J2:[1,4);J3:[2,6)","J1;J3","2","J1;J3","2","J0","1","J1;J3","2","J1;J3","2"
"5291","J0:[0,5);J1:[1,2);J2:[1,4);J3:[3,4)","J1;J3","2","J1;J3","2","J0","1","J1;J3","2","J1;J3","2"
"5292","J0:[0,5);J1:[1,2);J2:[1,4);J3:[3,5)","J1;J3","2","J1;J3","2","J0","1","J1;J3","2","J1;J3","2"
"5293","J0:[0,5);J1:[1,2);J2:[1,4);J3:[3,6)","J1;J3","2","J1;J3","2","J0","1","J1;J3","2","J1;J3","2"
"5294","J0:[0,5);J1:[1,2);J2:[1,4);J3:[4,5)","J1;J3","2","J1;J3","2","J0","1","J1;J3","2","J2;J3","2"
"5295","J0:[0,5);J1:[1,2);J2:[1,4);J3:[4,6)","J1;J3","2","J1;J3","2","J0","1","J1;J3","2","J2;J3","2"
"5296","J0:[0,5);J1:[1,2);J2:[1,4);J3:[5,6)","J0;J3","2","J1;J3","2","J0;J3","2","J1;J3","2","J2;J3","2"
"5297","J0:[0,5);J1:[1,2);J2:[1,5);J3:[1,6)","J0","1","J1","1","J0","1","J1","1","J3","1"
"5298","J0:[0,5);J1:[1,2);J2:[1,5);J3:[2,3)","J1;J3","2","J1;J3","2","J0","1","J1;J3","2","J1;J3","2"
"5299","J0:[0,5);J1:[1,2);J2:[1,5);J3:[2,4)","J1;J3","2","J1;J3","2","J0","1","J1;J3","2","J1;J3","2"
"5300","J0:[0,5);J1:[1,2);J2:[1,5);J3:[2,5)","J1;J3","2","J1;J3","2","J0","1","J1;J3","2","J1;J3","2"
"5301","J0:[0,5);J1:[1,2);J2:[1,5);J3:[2,6)","J1;J3","2","J1;J3","2","J0","1","J1;J3","2","J1;J3","2"
"5302","J0:[0,5);J1:[1,2);J2:[1,5);J3:[3,4)","J1;J3","2","J1;J3","2","J0","1","J1;J3","2","J1;J3","2"
"5303","J0:[0,5);J1:[1,2);J2:[1,5);J3:[3,5)","J1;J3","2","J1;J3","2","J0","1","J1;J3","2","J1;J3","2"
"5304","J0:[0,5);J1:[1,2);J2:[1,5);J3:[3,6)","J1;J3","2","J1;J3","2","J0","1","J1;J3","2","J1;J3","2"
"5305","J0:[0,5);J1:[1,2);J2:[1,5);J3:[4,5)","J1;J3","2","J1;J3","2","J0","1","J1;J3","2","J1;J3","2"
"5306","J0:[0,5);J1:[1,2);J2:[1,5);J3:[4,6)","J1;J3","2","J1;J3","2","J0","1","J1;J3","2","J1;J3","2"
"5307","J0:[0,5);J1:[1,2);J2:[1,5);J3:[5,6)","J0;J3","2","J1;J3","2","J0;J3","2","J1;J3","2","J2;J3","2"
"5308","J0:[0,5);J1:[1,2);J2:[1,6);J3:[2,3)","J1;J3","2","J1;J3","2","J0","1","J1;J3","2","J1;J3","2"
"5309","J0:[0,5);J1:[1,2);J2:[1,6);J3:[2,4)","J1;J3","2","J1;J3","2","J0","1","J1;J3","2","J1;J3","2"
"5310","J0:[0,5);J1:[1,2);J2:[1,6);J3:[2,5)","J1;J3","2","J1;J3","2","J0","1","J1;J3","2","J1;J3","2"
"5311","J0:[0,5);J1:[1,2);J2:[1,6);J3:[2,6)","J1;J3","2","J1;J3","2","J0","1","J1;J3","2","J1;J3","2"
"5312","J0:[0,5);J1:[1,2);J2:[1,6);J3:[3,4)","J1;J3","2","J1;J3","2","J0","1","J1;J3","2","J1;J3","2"
"5313","J0:[0,5);J1:[1,2);J2:[1,6);J3:[3,5)","J1;J3","2","J1;J3","2","J0","1","J1;J3","2","J1;J3","2"
"5314","J0:[0,5);J1:[1,2);J2:[1,6);J3:[3,6)","J1;J3","2","J1;J3","2","J0","1","J1;J3","2","J1;J3","2"
"5315","J0:[0,5);J1:[1,2);J2:[1,6);J3:[4,5)","J1;J3","2","J1;J3","2","J0","1","J1;J3","2","J1;J3","2"
"5316","J0:[0,5);J1:[1,2);J2:[1,6);J3:[4,6)","J1;J3","2","J1;J3","2","J0","1","J1;J3","2","J1;J3","2"
"5317","J0:[0,5);J1:[1,2);J2:[1,6);J3:[5,6)","J0;J3","2","J1;J3","2","J0;J3","2","J1;J3","2","J1;J3","2"
"5318","J0:[0,5);J1:[1,2);J2:[2,3);J3:[2,4)","J1;J2","2","J1;J2","2","J0","1","J1;J2","2","J1;J3","2"
"5319","J0:[0,5);J1:[1,2);J2:[2,3);J3:[2,5)","J1;J2","2","J1;J2","2","J0","1","J1;J2","2","J1;J3","2"
"5320","J0:[0,5);J1:[1,2);J2:[2,3);J3:[2,6)","J1;J2","2","J1;J2","2","J0","1","J1;J2","2","J1;J3","2"
"5321","J0:[0,5);J1:[1,2);J2:[2,3);J3:[3,4)","J1;J2;J3","3","J1;J2;J3","3","J0","1","J1;J2;J3","3","J1;J2;J3","3"
"5322","J0:[0,5);J1:[1,2);J2:[2,3);J3:[3,5)","J1;J2;J3","3","J1;J2;J3","3","J0","1","J1;J2;J3","3","J1;J2;J3","3"
"5323","J0:[0,5);J1:[1,2);J2:[2,3);J3:[3,6)","J1;J2;J3","3","J1;J2;J3","3","J0","1","J1;J2;J3","3","J1;J2;J3","3"
"5324","J0:[0,5);J1:[1,2);J2:[2,3);J3:[4,5)","J1;J2;J3","3","J1;J2;J3","3","J0","1","J1;J2;J3","3","J1;J2;J3","3"
"5325","J0:[0,5);J1:[1,2);J2:[2,3);J3:[4,6)","J1;J2;J3","3","J1;J2;J3","3","J0","1","J1;J2;J3","3","J1;J2;J3","3"
"5326","J0:[0,5);J1:[1,2);J2:[2,3);J3:[5,6)","J1;J2;J3","3","J1;J2;J3","3","J0;J3","2","J1;J2;J3","3","J1;J2;J3","3"
"5327","J0:[0,5);J1:[1,2);J2:[2,4);J3:[2,5)","J1;J2","2","J1;J2","2","J0","1","J1;J2","2","J1;J3","2"
"5328","J0:[0,5);J1:[1,2);J2:[2,4);J3:[2,6)","J1;J2","2","J1;J2","2","J0","1","J1;J2","2","J1;J3","2"
"5329","J0:[0,5);J1:[1,2);J2:[2,4);J3:[3,4)","J1;J2","2","J1;J2","2","J0","1","J1;J3","2","J1;J3","2"
"5330","J0:[0,5);J1:[1,2);J2:[2,4);J3:[3,5)","J1;J2","2","J1;J2","2","J0","1","J1;J2","2","J1;J3","2"
"5331","J0:[0,5);J1:[1,2);J2:[2,4);J3:[3,6)","J1;J2","2","J1;J2","2","J0","1","J1;J2","2","J1;J3","2"
"5332","J0:[0,5);J1:[1,2);J2:[2,4);J3:[4,5)","J1;J2;J3","3","J1;J2;J3","3","J0","1","J1;J3;J2","3","J1;J2;J3","3"
"5333","J0:[0,5);J1:[1,2);J2:[2,4);J3:[4,6)","J1;J2;J3","3","J1;J2;J3","3","J0","1","J1;J2;J3","3","J1;J2;J3","3"
"5334","J0:[0,5);J1:[1,2);J2:[2,4);J3:[5,6)","J1;J2;J3","3","J1;J2;J3","3","J0;J3","2","J1;J3;J2","3","J1;J2;J3","3"
"5335","J0:[0,5);J1:[1,2);J2:[2,5);J3:[2,6)","J1;J2","2","J1;J2","2","J0","1","J1;J2","2","J1;J3","2"
"5336","J0:[0,5);J1:[1,2);J2:[2,5);J3:[3,4)","J1;J2","2","J1;J3","2","J0","1","J1;J3","2","J1;J3","2"
"5337","J0:[0,5);J1:[1,2);J2:[2,5);J3:[3,5)","J1;J2","2","J1;J2","2","J0","1","J1;J3","2","J1;J3","2"
"5338","J0:[0,5);J1:[1,2);J2:[2,5);J3:[3,6)","J1;J2","2","J1;J2","2","J0","1","J1;J2","2","J1;J3","2"
"5339","J0:[0,5);J1:[1,2);J2:[2,5);J3:[4,5)","J1;J2","2","J1;J2","2","J0","1","J1;J3","2","J1;J3","2"
"5340","J0:[0,5);J1:[1,2);J2:[2,5);J3:[4,6)","J1;J2","2","J1;J2","2","J0","1","J1;J3","2","J1;J3","2"
"5341","J0:[0,5);J1:[1,2);J2:[2,5);J3:[5,6)","J1;J2;J3","3","J1;J2;J3","3","J0;J3","2","J1;J3;J2","3","J1;J2;J3","3"
"5342","J0:[0,5);J1:[1,2);J2:[2,6);J3:[3,4)","J1;J2","2","J1;J3","2","J0","1","J1;J3","2","J1;J3","2"
"5343","J0:[0,5);J1:[1,2);J2:[2,6);J3:[3,5)","J1;J2","2","J1;J3","2","J0","1","J1;J3","2","J1;J3","2"
"5344","J0:[0,5);J1:[1,2);J2:[2,6);J3:[3,6)","J1;J2","2","J1;J2","2","J0","1","J1;J3","2","J1;J3","2"
"5345","J0:[0,5);J1:[1,2);J2:[2,6);J3:[4,5)","J1;J2","2","J1;J3","2","J0","1","J1;J3","2","J1;J3","2"
"5346","J0:[0,5);J1:[1,2);J2:[2,6);J3:[4,6)","J1;J2","2","J1;J2","2","J0","1","J1;J3","2","J1;J3","2"
"5347","J0:[0,5);J1:[1,2);J2:[2,6);J3:[5,6)","J0;J3","2","J1;J2","2","J0;J3","2","J1;J3","2","J1;J3","2"
"5348","J0:[0,5);J1:[1,2);J2:[3,4);J3:[3,5)","J1;J2","2","J1;J2","2","J0","1","J1;J2","2","J1;J3","2"
"5349","J0:[0,5);J1:[1,2);J2:[3,4);J3:[3,6)","J1;J2","2","J1;J2","2","J0","1","J1;J2","2","J1;J3","2"
"5350","J0:[0,5);J1:[1,2);J2:[3,4);J3:[4,5)","J1;J2;J3","3","J1;J2;J3","3","J0","1","J1;J2;J3","3","J1;J2;J3","3"
"5351","J0:[0,5);J1:[1,2);J2:[3,4);J3:[4,6)","J1;J2;J3","3","J1;J2;J3","3","J0","1","J1;J2;J3","3","J1;J2;J3","3"
"5352","J0:[0,5);J1:[1,2);J2:[3,4);J3:[5,6)","J1;J2;J3","3","J1;J2;J3","3","J0;J3","2","J1;J2;J3","3","J1;J2;J3","3"
"5353","J0:[0,5);J1:[1,2);J2:[3,5);J3:[3,6)","J1;J2","2","J1;J2","2","J0","1","J1;J2","2","J1;J3","2"
"5354","J0:[0,5);J1:[1,2);J2:[3,5);J3:[4,5)","J1;J2","2","J1;J2","2","J0","1","J1;J3","2","J1;J3","2"
"5355","J0:[0,5);J1:[1,2);J2:[3,5);J3:[4,6)","J1;J2","2","J1;J2","2","J0","1","J1;J2","2","J1;J3","2"
"5356","J0:[0,5);J1:[1,2);J2:[3,5);J3:[5,6)","J1;J2;J3","3","J1;J2;J3","3","J0;J3","2","J1;J3;J2","3","J1;J2;J3","3"
"5357","J0:[0,5);J1:[1,2);J2:[3,6);J3:[4,5)","J1;J2","2","J1;J3","2","J0","1","J1;J3","2","J1;J3","2"
"5358","J0:[0,5);J1:[1,2);J2:[3,6);J3:[4,6)","J1;J2","2","J1;J2","2","J0","1","J1;J3","2","J1;J3","2"
"5359","J0:[0,5);J1:[1,2);J2:[3,6);J3:[5,6)","J0;J3","2","J1;J2","2","J0;J3","2","J1;J3","2","J1;J3","2"
"5360","J0:[0,5);J1:[1,2);J2:[4,5);J3:[4,6)","J1;J2","2","J1;J2","2","J0","1","J1;J2","2","J1;J3","2"
"5361","J0:[0,5);J1:[1,2);J2:[4,5);J3:[5,6)","J1;J2;J3","3","J1;J2;J3","3","J0;J3","2","J1;J2;J3","3","J1;J2;J3","3"
"5362","J0:[0,5);J1:[1,2);J2:[4,6);J3:[5,6)","J0;J3","2","J1;J2","2","J0;J3","2","J1;J3","2","J1;J3","2"
"5363","J0:[0,5);J1:[1,3);J2:[1,4);J3:[1,5)","J0","1","J1","1","J0","1","J1","1","J3","1"
"5364","J0:[0,5);J1:[1,3);J2:[1,4);J3:[1,6)","J0","1","J1","1","J0","1","J1","1","J3","1"
"5365","J0:[0,5);J1:[1,3);J2:[1,4);J3:[2,3)","J0","1","J1","1","J0","1","J3","1","J3","1"
"5366","J0:[0,5);J1:[1,3);J2:[1,4);J3:[2,4)","J0","1","J1","1","J0","1","J1","1","J3","1"
"5367","J0:[0,5);J1:[1,3);J2:[1,4);J3:[2,5)","J0","1","J1","1","J0","1","J1","1","J3","1"
"5368","J0:[0,5);J1:[1,3);J2:[1,4);J3:[2,6)","J0","1","J1","1","J0","1","J1","1","J3","1"
"5369","J0:[0,5);J1:[1,3);J2:[1,4);J3:[3,4)","J1;J3","2","J1;J3","2","J0","1","J3;J1","2","J1;J3","2"
"5370","J0:[0,5);J1:[1,3);J2:[1,4);J3:[3,5)","J1;J3","2","J1;J3","2","J0","1","J1;J3","2","J1;J3","2"
"5371","J0:[0,5);J1:[1,3);J2:[1,4);J3:[3,6)","J1;J3","2","J1;J3","2","J0","1","J1;J3","2","J1;J3","2"
"5372","J0:[0,5);J1:[1,3);J2:[1,4);J3:[4,5)","J1;J3","2","J1;J3","2","J0","1","J3;J1","2","J2;J3","2"
"5373","J0:[0,5);J1:[1,3);J2:[1,4);J3:[4,6)","J1;J3","2","J1;J3","2","J0","1","J1;J3","2","J2;J3","2"
"5374","J0:[0,5);J1:[1,3);J2:[1,4);J3:[5,6)","J0;J3","2","J1;J3","2","J0;J3","2","J3;J1","2","J2;J3","2"
"5375","J0:[0,5);J1:[1,3);J2:[1,5);J3:[1,6)","J0","1","J1","1","J0","1","J1","1","J3","1"
"5376","J0:[0,5);J1:[1,3);J2:[1,5);J3:[2,3)","J0","1","J1","1","J0","1","J3","1","J3","1"
"5377","J0:[0,5);J1:[1,3);J2:[1,5);J3:[2,4)","J0","1","J1","1","J0","1","J1","1","J3","1"
"5378","J0:[0,5);J1:[1,3);J2:[1,5);J3:[2,5)","J0","1","J1","1","J0","1","J1","1","J3","1"
"5379","J0:[0,5);J1:[1,3);J2:[1,5);J3:[2,6)","J0","1","J1","1","J0","1","J1","1","J3","1"
"5380","J0:[0,5);J1:[1,3);J2:[1,5);J3:[3,4)","J1;J3","2","J1;J3","2","J0","1","J3;J1","2","J1;J3","2"
"5381","J0:[0,5);J1:[1,3);J2:[1,5);J3:[3,5)","J1;J3","2","J1;J3","2","J0","1","J1;J3","2","J1;J3","2"
"5382","J0:[0,5);J1:[1,3);J2:[1,5);J3:[3,6)","J1;J3","2","J1;J3","2","J0","1","J1;J3","2","J1;J3","2"
"5383","J0:[0,5);J1:[1,3);J2:[1,5);J3:[4,5)","J1;J3","2","J1;J3","2","J0","1","J3;J1","2","J1;J3","2"
"5384","J0:[0,5);J1:[1,3);J2:[1,5);J3:[4,6)","J1;J3","2","J1;J3","2","J0","1","J1;J3","2","J1;J3","2"
"5385","J0:[0,5);J1:[1,3);J2:[1,5);J3:[5,6)","J0;J3","2","J1;J3","2","J0;J3","2","J3;J1","2","J2;J3","2"
"5386","J0:[0,5);J1:[1,3);J2:[1,6);J3:[2,3)","J0","1","J1","1","J0","1","J3","1","J3","1"
"5387","J0:[0,5);J1:[1,3);J2:[1,6);J3:[2,4)","J0","1","J1","1","J0","1","J1","1","J3","1"
"5388","J0:[0,5);J1:[1,3);J2:[1,6);J3:[2,5)","J0","1","J1","1","J0","1","J1","1","J3","1"
"5389","J0:[0,5);J1:[1,3);J2:[1,6);J3:[2,6)","J0","1","J1","1","J0","1","J1","1","J3","1"
"5390","J0:[0,5);J1:[1,3);J2:[1,6);J3:[3,4)","J1;J3","2","J1;J3","2","J0","1","J3;J1","2","J1;J3","2"
"5391","J0:[0,5);J1:[1,3);J2:[1,6);J3:[3,5)","J1;J3","2","J1;J3","2","J0","1","J1;J3","2","J1;J3","2"
"5392","J0:[0,5);J1:[1,3);J2:[1,6);J3:[3,6)","J1;J3","2","J1;J3","2","J0","1","J1;J3","2","J1;J3","2"
"5393","J0:[0,5);J1:[1,3);J2:[1,6);J3:[4,5)","J1;J3","2","J1;J3","2","J0","1","J3;J1","2","J1;J3","2"
"5394","J0:[0,5);J1:[1,3);J2:[1,6);J3:[4,6)","J1;J3","2","J1;J3","2","J0","1","J1;J3","2","J1;J3","2"
"5395","J0:[0,5);J1:[1,3);J2:[1,6);J3:[5,6)","J0;J3","2","J1;J3","2","J0;J3","2","J3;J1","2","J1;J3","2"
"5396","J0:[0,5);J1:[1,3);J2:[2,3);J3:[2,4)","J0","1","J1","1","J0","1","J2","1","J3","1"
"5397","J0:[0,5);J1:[1,3);J2:[2,3);J3:[2,5)","J0","1","J1","1","J0","1","J2","1","J3","1"
"5398","J0:[0,5);J1:[1,3);J2:[2,3);J3:[2,6)","J0","1","J1","1","J0","1","J2","1","J3","1"
"5399","J0:[0,5);J1:[1,3);J2:[2,3);J3:[3,4)","J1;J3","2","J1;J3","2","J0","1","J2;J3","2","J2;J3","2"
"5400","J0:[0,5);J1:[1,3);J2:[2,3);J3:[3,5)","J1;J3","2","J1;J3","2","J0","1","J2;J3","2","J2;J3","2"
"5401","J0:[0,5);J1:[1,3);J2:[2,3);J3:[3,6)","J1;J3","2","J1;J3","2","J0","1","J2;J3","2","J2;J3","2"
"5402","J0:[0,5);J1:[1,3);J2:[2,3);J3:[4,5)","J1;J3","2","J1;J3","2","J0","1","J2;J3","2","J2;J3","2"
"5403","J0:[0,5);J1:[1,3);J2:[2,3);J3:[4,6)","J1;J3","2","J1;J3","2","J0","1","J2;J3","2","J2;J3","2"
"5404","J0:[0,5);J1:[1,3);J2:[2,3);J3:[5,6)","J0;J3","2","J1;J3","2","J0;J3","2","J2;J3","2","J2;J3","2"
"5405","J0:[0,5);J1:[1,3);J2:[2,4);J3:[2,5)","J0","1","J1","1","J0","1","J1","1","J3","1"
"5406","J0:[0,5);J1:[1,3);J2:[2,4);J3:[2,6)","J0","1","J1","1","J0","1","J1","1","J3","1"
"5407","J0:[0,5);J1:[1,3);J2:[2,4);J3:[3,4)","J1;J3","2","J1;J3","2","J0","1","J3;J1","2","J1;J3","2"
"5408","J0:[0,5);J1:[1,3);J2:[2,4);J3:[3,5)","J1;J3","2","J1;J3","2","J0","1","J1;J3","2","J1;J3","2"
"5409","J0:[0,5);J1:[1,3);J2:[2,4);J3:[3,6)","J1;J3","2","J1;J3","2","J0","1","J1;J3","2","J1;J3","2"
"5410","J0:[0,5);J1:[1,3);J2:[2,4);J3:[4,5)","J1;J3","2","J1;J3","2","J0","1","J3;J1","2","J2;J3","2"
"5411","J0:[0,5);J1:[1,3);J2:[2,4);J3:[4,6)","J1;J3","2","J1;J3","2","J0","1","J1;J3","2","J2;J3","2"
"5412","J0:[0,5);J1:[1,3);J2:[2,4);J3:[5,6)","J0;J3","2","J1;J3","2","J0;J3","2","J3;J1","2","J2;J3","2"
"5413","J0:[0,5);J1:[1,3);J2:[2,5);J3:[2,6)","J0","1","J1","1","J0","1","J1","1","J3","1"
"5414","J0:[0,5);J1:[1,3);J2:[2,5);J3:[3,4)","J1;J3","2","J1;J3","2","J0","1","J3;J1","2","J1;J3","2"
"5415","J0:[0,5);J1:[1,3);J2:[2,5);J3:[3,5)","J1;J3","2","J1;J3","2","J0","1","J1;J3","2","J1;J3","2"
"5416","J0:[0,5);J1:[1,3);J2:[2,5);J3:[3,6)","J1;J3","2","J1;J3","2","J0","1","J1;J3","2","J1;J3","2"
"5417","J0:[0,5);J1:[1,3);J2:[2,5);J3:[4,5)","J1;J3","2","J1;J3","2","J0","1","J3;J1","2","J1;J3","2"
"5418","J0:[0,5);J1:[1,3);J2:[2,5);J3:[4,6)","J1;J3","2","J1;J3","2","J0","1","J1;J3","2","J1;J3","2"
"5419","J0:[0,5);J1:[1,3);J2:[2,5);J3:[5,6)","J0;J3","2","J1;J3","2","J0;J3","2","J3;J1","2","J2;J3","2"
"5420","J0:[0,5);J1:[1,3);J2:[2,6);J3:[3,4)","J1;J3","2","J1;J3","2","J0","1","J3;J1","2","J1;J3","2"
"5421","J0:[0,5);J1:[1,3);J2:[2,6);J3:[3,5)","J1;J3","2","J1;J3","2","J0","1","J1;J3","2","J1;J3","2"
"5422","J0:[0,5);J1:[1,3);J2:[2,6);J3:[3,6)","J1;J3","2","J1;J3","2","J0","1","J1;J3","2","J1;J3","2"
"5423","J0:[0,5);J1:[1,3);J2:[2,6);J3:[4,5)","J1;J3","2","J1;J3","2","J0","1","J3;J1","2","J1;J3","2"
"5424","J0:[0,5);J1:[1,3);J2:[2,6);J3:[4,6)","J1;J3","2","J1;J3","2","J0","1","J1;J3","2","J1;J3","2"
"5425","J0:[0,5);J1:[1,3);J2:[2,6);J3:[5,6)","J0;J3","2","J1;J3","2","J0;J3","2","J3;J1","2","J1;J3","2"
"5426","J0:[0,5);J1:[1,3);J2:[3,4);J3:[3,5)","J1;J2","2","J1;J2","2","J0","1","J2;J1","2","J1;J3","2"
"5427","J0:[0,5);J1:[1,3);J2:[3,4);J3:[3,6)","J1;J2","2","J1;J2","2","J0","1","J2;J1","2","J1;J3","2"
"5428","J0:[0,5);J1:[1,3);J2:[3,4);J3:[4,5)","J1;J2;J3","3","J1;J2;J3","3","J0","1","J2;J3;J1","3","J1;J2;J3","3"
"5429","J0:[0,5);J1:[1,3);J2:[3,4);J3:[4,6)","J1;J2;J3","3","J1;J2;J3","3","J0","1","J2;J1;J3","3","J1;J2;J3","3"
"5430","J0:[0,5);J1:[1,3);J2:[3,4);J3:[5,6)","J1;J2;J3","3","J1;J2;J3","3","J0;J3","2","J2;J3;J1","3","J1;J2;J3","3"
"5431","J0:[0,5);J1:[1,3);J2:[3,5);J3:[3,6)","J1;J2","2","J1;J2","2","J0","1","J1;J2","2","J1;J3","2"
"5432","J0:[0,5);J1:[1,3);J2:[3,5);J3:[4,5)","J1;J2","2","J1;J2","2","J0","1","J3;J1","2","J1;J3","2"
"5433","J0:[0,5);J1:[1,3);J2:[3,5);J3:[4,6)","J1;J2","2","J1;J2","2","J0","1","J1;J2","2","J1;J3","2"
"5434","J0:[0,5);J1:[1,3);J2:[3,5);J3:[5,6)","J1;J2;J3","3","J1;J2;J3","3","J0;J3","2","J3;J1;J2","3","J1;J2;J3","3"
"5435","J0:[0,5);J1:[1,3);J2:[3,6);J3:[4,5)","J1;J2","2","J1;J3","2","J0","1","J3;J1","2","J1;J3","2"
"5436","J0:[0,5);J1:[1,3);J2:[3,6);J3:[4,6)","J1;J2","2","J1;J2","2","J0","1","J1;J3","2","J1;J3","2"
"5437","J0:[0,5);J1:[1,3);J2:[3,6);J3:[5,6)","J0;J3","2","J1;J2","2","J0;J3","2","J3;J1","2","J1;J3","2"
"5438","J0:[0,5);J1:[1,3);J2:[4,5);J3:[4,6)","J1;J2","2","J1;J2","2","J0","1","J2;J1","2","J1;J3","2"
"5439","J0:[0,5);J1:[1,3);J2:[4,5);J3:[5,6)","J1;J2;J3","3","J1;J2;J3","3","J0;J3","2","J2;J3;J1","3","J1;J2;J3","3"
"5440","J0:[0,5);J1:[1,3);J2:[4,6);J3:[5,6)","J0;J3","2","J1;J2","2","J0;J3","2","J3;J1","2","J1;J3","2"
"5441","J0:[0,5);J1:[1,4);J2:[1,5);J3:[1,6)","J0","1","J1","1","J0","1","J1","1","J3","1"
"5442","J0:[0,5);J1:[1,4);J2:[1,5);J3:[2,3)","J0","1","J3","1","J0","1","J3","1","J3","1"
"5443","J0:[0,5);J1:[1,4);J2:[1,5);J3:[2,4)","J0","1","J1","1","J0","1","J3","1","J3","1"
"5444","J0:[0,5);J1:[1,4);J2:[1,5);J3:[2,5)","J0","1","J1","1","J0","1","J1","1","J3","1"
"5445","J0:[0,5);J1:[1,4);J2:[1,5);J3:[2,6)","J0","1","J1","1","J0","1","J1","1","J3","1"
"5446","J0:[0,5);J1:[1,4);J2:[1,5);J3:[3,4)","J0","1","J1","1","J0","1","J3","1","J3","1"
"5447","J0:[0,5);J1:[1,4);J2:[1,5);J3:[3,5)","J0","1","J1","1","J0","1","J3","1","J3","1"
"5448","J0:[0,5);J1:[1,4);J2:[1,5);J3:[3,6)","J0","1","J1","1","J0","1","J1","1","J3","1"
"5449","J0:[0,5);J1:[1,4);J2:[1,5);J3:[4,5)","J1;J3","2","J1;J3","2","J0","1","J3;J1","2","J1;J3","2"
"5450","J0:[0,5);J1:[1,4);J2:[1,5);J3:[4,6)","J1;J3","2","J1;J3","2","J0","1","J3;J1","2","J1;J3","2"
"5451","J0:[0,5);J1:[1,4);J2:[1,5);J3:[5,6)","J0;J3","2","J1;J3","2","J0;J3","2","J3;J1","2","J2;J3","2"
"5452","J0:[0,5);J1:[1,4);J2:[1,6);J3:[2,3)","J0","1","J3","1","J0","1","J3","1","J3","1"
"5453","J0:[0,5);J1:[1,4);J2:[1,6);J3:[2,4)","J0","1","J1","1","J0","1","J3","1","J3","1"
"5454","J0:[0,5);J1:[1,4);J2:[1,6);J3:[2,5)","J0","1","J1","1","J0","1","J1","1","J3","1"
"5455","J0:[0,5);J1:[1,4);J2:[1,6);J3:[2,6)","J0","1","J1","1","J0","1","J1","1","J3","1"
"5456","J0:[0,5);J1:[1,4);J2:[1,6);J3:[3,4)","J0","1","J1","1","J0","1","J3","1","J3","1"
"5457","J0:[0,5);J1:[1,4);J2:[1,6);J3:[3,5)","J0","1","J1","1","J0","1","J3","1","J3","1"
"5458","J0:[0,5);J1:[1,4);J2:[1,6);J3:[3,6)","J0","1","J1","1","J0","1","J1","1","J3","1"
"5459","J0:[0,5);J1:[1,4);J2:[1,6);J3:[4,5)","J1;J3","2","J1;J3","2","J0","1","J3;J1","2","J1;J3","2"
"5460","J0:[0,5);J1:[1,4);J2:[1,6);J3:[4,6)","J1;J3","2","J1;J3","2","J0","1","J3;J1","2","J1;J3","2"
"5461","J0:[0,5);J1:[1,4);J2:[1,6);J3:[5,6)","J0;J3","2","J1;J3","2","J0;J3","2","J3;J1","2","J1;J3","2"
"5462","J0:[0,5);J1:[1,4);J2:[2,3);J3:[2,4)","J0","1","J2","1","J0","1","J2","1","J3","1"
"5463","J0:[0,5);J1:[1,4);J2:[2,3);J3:[2,5)","J0","1","J2","1","J0","1","J2","1","J3","1"
"5464","J0:[0,5);J1:[1,4);J2:[2,3);J3:[2,6)","J0","1","J2","1","J0","1","J2","1","J3","1"
"5465","J0:[0,5);J1:[1,4);J2:[2,3);J3:[3,4)","J2;J3","2","J2;J3","2","J0","1","J2;J3","2","J2;J3","2"
"5466","J0:[0,5);J1:[1,4);J2:[2,3);J3:[3,5)","J2;J3","2","J2;J3","2","J0","1","J2;J3","2","J2;J3","2"
"5467","J0:[0,5);J1:[1,4);J2:[2,3);J3:[3,6)","J2;J3","2","J2;J3","2","J0","1","J2;J3","2","J2;J3","2"
"5468","J0:[0,5);J1:[1,4);J2:[2,3);J3:[4,5)","J1;J3","2","J2;J3","2","J0","1","J2;J3","2","J2;J3","2"
"5469","J0:[0,5);J1:[1,4);J2:[2,3);J3:[4,6)","J1;J3","2","J2;J3","2","J0","1","J2;J3","2","J2;J3","2"
"5470","J0:[0,5);J1:[1,4);J2:[2,3);J3:[5,6)","J0;J3","2","J2;J3","2","J0;J3","2","J2;J3","2","J2;J3","2"
"5471","J0:[0,5);J1:[1,4);J2:[2,4);J3:[2,5)","J0","1","J1","1","J0","1","J2","1","J3","1"
"5472","J0:[0,5);J1:[1,4);J2:[2,4);J3:[2,6)","J0","1","J1","1","J0","1","J2","1","J3","1"
"5473","J0:[0,5);J1:[1,4);J2:[2,4);J3:[3,4)","J0","1","J1","1","J0","1","J3","1","J3","1"
"5474","J0:[0,5);J1:[1,4);J2:[2,4);J3:[3,5)","J0","1","J1","1","J0","1","J2","1","J3","1"
"5475","J0:[0,5);J1:[1,4);J2:[2,4);J3:[3,6)","J0","1","J1","1","J0","1","J2","1","J3","1"
"5476","J0:[0,5);J1:[1,4);J2:[2,4);J3:[4,5)","J1;J3","2","J1;J3","2","J0","1","J3;J2","2","J2;J3","2"
"5477","J0:[0,5);J1:[1,4);J2:[2,4);J3:[4,6)","J1;J3","2","J1;J3","2","J0","1","J2;J3","2","J2;J3","2"
"5478","J0:[0,5);J1:[1,4);J2:[2,4);J3:[5,6)","J0;J3","2","J1;J3","2","J0;J3","2","J3;J2","2","J2;J3","2"
"5479","J0:[0,5);J1:[1,4);J2:[2,5);J3:[2,6)","J0","1","J1","1","J0","1","J1","1","J3","1"
"5480","J0:[0,5);J1:[1,4);J2:[2,5);J3:[3,4)","J0","1","J1","1","J0","1","J3","1","J3","1"
"5481","J0:[0,5);J1:[1,4);J2:[2,5);J3:[3,5)","J0","1","J1","1","J0","1","J3","1","J3","1"
"5482","J0:[0,5);J1:[1,4);J2:[2,5);J3:[3,6)","J0","1","J1","1","J0","1","J1","1","J3","1"
"5483","J0:[0,5);J1:[1,4);J2:[2,5);J3:[4,5)","J1;J3","2","J1;J3","2","J0","1","J3;J1","2","J1;J3","2"
"5484","J0:[0,5);J1:[1,4);J2:[2,5);J3:[4,6)","J1;J3","2","J1;J3","2","J0","1","J3;J1","2","J1;J3","2"
"5485","J0:[0,5);J1:[1,4);J2:[2,5);J3:[5,6)","J0;J3","2","J1;J3","2","J0;J3","2","J3;J1","2","J2;J3","2"
"5486","J0:[0,5);J1:[1,4);J2:[2,6);J3:[3,4)","J0","1","J1","1","J0","1","J3","1","J3","1"
"5487","J0:[0,5);J1:[1,4);J2:[2,6);J3:[3,5)","J0","1","J1","1","J0","1","J3","1","J3","1"
"5488","J0:[0,5);J1:[1,4);J2:[2,6);J3:[3,6)","J0","1","J1","1","J0","1","J1","1","J3","1"
"5489","J0:[0,5);J1:[1,4);J2:[2,6);J3:[4,5)","J1;J3","2","J1;J3","2","J0","1","J3;J1","2","J1;J3","2"
"5490","J0:[0,5);J1:[1,4);J2:[2,6);J3:[4,6)","J1;J3","2","J1;J3","2","J0","1","J3;J1","2","J1;J3","2"
"5491","J0:[0,5);J1:[1,4);J2:[2,6);J3:[5,6)","J0;J3","2","J1;J3","2","J0;J3","2","J3;J1","2","J1;J3","2"
"5492","J0:[0,5);J1:[1,4);J2:[3,4);J3:[3,5)","J0","1","J1","1","J0","1","J2","1","J3","1"
"5493","J0:[0,5);J1:[1,4);J2:[3,4);J3:[3,6)","J0","1","J1","1","J0","1","J2","1","J3","1"
"5494","J0:[0,5);J1:[1,4);J2:[3,4);J3:[4,5)","J1;J3","2","J1;J3","2","J0","1","J2;J3","2","J2;J3","2"
"5495","J0:[0,5);J1:[1,4);J2:[3,4);J3:[4,6)","J1;J3","2","J1;J3","2","J0","1","J2;J3","2","J2;J3","2"
"5496","J0:[0,5);J1:[1,4);J2:[3,4);J3:[5,6)","J0;J3","2","J1;J3","2","J0;J3","2","J2;J3","2","J2;J3","2"
"5497","J0:[0,5);J1:[1,4);J2:[3,5);J3:[3,6)","J0","1","J1","1","J0","1","J2","1","J3","1"
"5498","J0:[0,5);J1:[1,4);J2:[3,5);J3:[4,5)","J1;J3","2","J1;J3","2","J0","1","J3;J1","2","J1;J3","2"
"5499","J0:[0,5);J1:[1,4);J2:[3,5);J3:[4,6)","J1;J3","2","J1;J3","2","J0","1","J2","1","J1;J3","2"
"5500","J0:[0,5);J1:[1,4);J2:[3,5);J3:[5,6)","J0;J3","2","J1;J3","2","J0;J3","2","J3;J2","2","J2;J3","2"
"5501","J0:[0,5);J1:[1,4);J2:[3,6);J3:[4,5)","J1;J3","2","J1;J3","2","J0","1","J3;J1","2","J1;J3","2"
"5502","J0:[0,5);J1:[1,4);J2:[3,6);J3:[4,6)","J1;J3","2","J1;J3","2","J0","1","J3;J1","2","J1;J3","2"
"5503","J0:[0,5);J1:[1,4);J2:[3,6);J3:[5,6)","J0;J3","2","J1;J3","2","J0;J3","2","J3;J1","2","J1;J3","2"
"5504","J0:[0,5);J1:[1,4);J2:[4,5);J3:[4,6)","J1;J2","2","J1;J2","2","J0","1","J2;J1","2","J1;J3","2"
"5505","J0:[0,5);J1:[1,4);J2:[4,5);J3:[5,6)","J1;J2;J3","3","J1;J2;J3","3","J0;J3","2","J2;J3;J1","3","J1;J2;J3","3"
"5506","J0:[0,5);J1:[1,4);J2:[4,6);J3:[5,6)","J0;J3","2","J1;J2","2","J0;J3","2","J3;J1","2","J1;J3","2"
"5507","J0:[0,5);J1:[1,5);J2:[1,6);J3:[2,3)","J0","1","J3","1","J0","1","J3","1","J3","1"
"5508","J0:[0,5);J1:[1,5);J2:[1,6);J3:[2,4)","J0","1","J3","1","J0","1","J3","1","J3","1"
"5509","J0:[0,5);J1:[1,5);J2:[1,6);J3:[2,5)","J0","1","J0","1","J0","1","J3","1","J3","1"
"5510","J0:[0,5);J1:[1,5);J2:[1,6);J3:[2,6)","J0","1","J0","1","J0","1","J1","1","J3","1"
"5511","J0:[0,5);J1:[1,5);J2:[1,6);J3:[3,4)","J0","1","J3","1","J0","1","J3","1","J3","1"
"5512","J0:[0,5);J1:[1,5);J2:[1,6);J3:[3,5)","J0","1","J0","1","J0","1","J3","1","J3","1"
"5513","J0:[0,5);J1:[1,5);J2:[1,6);J3:[3,6)","J0","1","J0","1","J0","1","J3","1","J3","1"
"5514","J0:[0,5);J1:[1,5);J2:[1,6);J3:[4,5)","J0","1","J0","1","J0","1","J3","1","J3","1"
"5515","J0:[0,5);J1:[1,5);J2:[1,6);J3:[4,6)","J0","1","J0","1","J0","1","J3","1","J3","1"
"5516","J0:[0,5);J1:[1,5);J2:[1,6);J3:[5,6)","J0;J3","2","J0;J3","2","J0;J3","2","J3;J1","2","J1;J3","2"
"5517","J0:[0,5);J1:[1,5);J2:[2,3);J3:[2,4)","J0","1","J2","1","J0","1","J2","1","J3","1"
"5518","J0:[0,5);J1:[1,5);J2:[2,3);J3:[2,5)","J0","1","J2","1","J0","1","J2","1","J3","1"
"5519","J0:[0,5);J1:[1,5);J2:[2,3);J3:[2,6)","J0","1","J2","1","J0","1","J2","1","J3","1"
"5520","J0:[0,5);J1:[1,5);J2:[2,3);J3:[3,4)","J2;J3","2","J2;J3","2","J0","1","J2;J3","2","J2;J3","2"
"5521","J0:[0,5);J1:[1,5);J2:[2,3);J3:[3,5)","J2;J3","2","J2;J3","2","J0","1","J2;J3","2","J2;J3","2"
"5522","J0:[0,5);J1:[1,5);J2:[2,3);J3:[3,6)","J2;J3","2","J2;J3","2","J0","1","J2;J3","2","J2;J3","2"
"5523","J0:[0,5);J1:[1,5);J2:[2,3);J3:[4,5)","J2;J3","2","J2;J3","2","J0","1","J2;J3","2","J2;J3","2"
"5524","J0:[0,5);J1:[1,5);J2:[2,3);J3:[4,6)","J2;J3","2","J2;J3","2","J0","1","J2;J3","2","J2;J3","2"
"5525","J0:[0,5);J1:[1,5);J2:[2,3);J3:[5,6)","J0;J3","2","J2;J3","2","J0;J3","2","J2;J3","2","J2;J3","2"
"5526","J0:[0,5);J1:[1,5);J2:[2,4);J3:[2,5)","J0","1","J2","1","J0","1","J2","1","J3","1"
"5527","J0:[0,5);J1:[1,5);J2:[2,4);J3:[2,6)","J0","1","J2","1","J0","1","J2","1","J3","1"
"5528","J0:[0,5);J1:[1,5);J2:[2,4);J3:[3,4)","J0","1","J2","1","J0","1","J3","1","J3","1"
"5529","J0:[0,5);J1:[1,5);J2:[2,4);J3:[3,5)","J0","1","J2","1","J0","1","J2","1","J3","1"
"5530","J0:[0,5);J1:[1,5);J2:[2,4);J3:[3,6)","J0","1","J2","1","J0","1","J2","1","J3","1"
"5531","J0:[0,5);J1:[1,5);J2:[2,4);J3:[4,5)","J2;J3","2","J2;J3","2","J0","1","J3;J2","2","J2;J3","2"
"5532","J0:[0,5);J1:[1,5);J2:[2,4);J3:[4,6)","J2;J3","2","J2;J3","2","J0","1","J2;J3","2","J2;J3","2"
"5533","J0:[0,5);J1:[1,5);J2:[2,4);J3:[5,6)","J0;J3","2","J2;J3","2","J0;J3","2","J3;J2","2","J2;J3","2"
"5534","J0:[0,5);J1:[1,5);J2:[2,5);J3:[2,6)","J0","1","J0","1","J0","1","J2","1","J3","1"
"5535","J0:[0,5);J1:[1,5);J2:[2,5);J3:[3,4)","J0","1","J3","1","J0","1","J3","1","J3","1"
"5536","J0:[0,5);J1:[1,5);J2:[2,5);J3:[3,5)","J0","1","J0","1","J0","1","J3","1","J3","1"
"5537","J0:[0,5);J1:[1,5);J2:[2,5);J3:[3,6)","J0","1","J0","1","J0","1","J2","1","J3","1"
"5538","J0:[0,5);J1:[1,5);J2:[2,5);J3:[4,5)","J0","1","J0","1","J0","1","J3","1","J3","1"
"5539","J0:[0,5);J1:[1,5);J2:[2,5);J3:[4,6)","J0","1","J0","1","J0","1","J3","1","J3","1"
"5540","J0:[0,5);J1:[1,5);J2:[2,5);J3:[5,6)","J0;J3","2","J0;J3","2","J0;J3","2","J3;J2","2","J2;J3","2"
"5541","J0:[0,5);J1:[1,5);J2:[2,6);J3:[3,4)","J0","1","J3","1","J0","1","J3","1","J3","1"
"5542","J0:[0,5);J1:[1,5);J2:[2,6);J3:[3,5)","J0","1","J0","1","J0","1","J3","1","J3","1"
"5543","J0:[0,5);J1:[1,5);J2:[2,6);J3:[3,6)","J0","1","J0","1","J0","1","J3","1","J3","1"
"5544","J0:[0,5);J1:[1,5);J2:[2,6);J3:[4,5)","J0","1","J0","1","J0","1","J3","1","J3","1"
"5545","J0:[0,5);J1:[1,5);J2:[2,6);J3:[4,6)","J0","1","J0","1","J0","1","J3","1","J3","1"
"5546","J0:[0,5);J1:[1,5);J2:[2,6);J3:[5,6)","J0;J3","2","J0;J3","2","J0;J3","2","J3;J1","2","J1;J3","2"
"5547","J0:[0,5);J1:[1,5);J2:[3,4);J3:[3,5)","J0","1","J2","1","J0","1","J2","1","J3","1"
"5548","J0:[0,5);J1:[1,5);J2:[3,4);J3:[3,6)","J0","1","J2","1","J0","1","J2","1","J3","1"
"5549","J0:[0,5);J1:[1,5);J2:[3,4);J3:[4,5)","J2;J3","2","J2;J3","2","J0","1","J2;J3","2","J2;J3","2"
"5550","J0:[0,5);J1:[1,5);J2:[3,4);J3:[4,6)","J2;J3","2","J2;J3","2","J0","1","J2;J3","2","J2;J3","2"
"5551","J0:[0,5);J1:[1,5);J2:[3,4);J3:[5,6)","J0;J3","2","J2;J3","2","J0;J3","2","J2;J3","2","J2;J3","2"
"5552","J0:[0,5);J1:[1,5);J2:[3,5);J3:[3,6)","J0","1","J0","1","J0","1","J2","1","J3","1"
"5553","J0:[0,5);J1:[1,5);J2:[3,5);J3:[4,5)","J0","1","J0","1","J0","1","J3","1","J3","1"
"5554","J0:[0,5);J1:[1,5);J2:[3,5);J3:[4,6)","J0","1","J0","1","J0","1","J2","1","J3","1"
"5555","J0:[0,5);J1:[1,5);J2:[3,5);J3:[5,6)","J0;J3","2","J0;J3","2","J0;J3","2","J3;J2","2","J2;J3","2"
"5556","J0:[0,5);J1:[1,5);J2:[3,6);J3:[4,5)","J0","1","J0","1","J0","1","J3","1","J3","1"
"5557","J0:[0,5);J1:[1,5);J2:[3,6);J3:[4,6)","J0","1","J0","1","J0","1","J3","1","J3","1"
"5558","J0:[0,5);J1:[1,5);J2:[3,6);J3:[5,6)","J0;J3","2","J0;J3","2","J0;J3","2","J3;J1","2","J1;J3","2"
"5559","J0:[0,5);J1:[1,5);J2:[4,5);J3:[4,6)","J0","1","J0","1","J0","1","J2","1","J3","1"
"5560","J0:[0,5);J1:[1,5);J2:[4,5);J3:[5,6)","J0;J3","2","J0;J3","2","J0;J3","2","J2;J3","2","J2;J3","2"
"5561","J0:[0,5);J1:[1,5);J2:[4,6);J3:[5,6)","J0;J3","2","J0;J3","2","J0;J3","2","J3;J1","2","J1;J3","2"
"5562","J0:[0,5);J1:[1,6);J2:[2,3);J3:[2,4)","J0","1","J2","1","J0","1","J2","1","J3","1"
"5563","J0:[0,5);J1:[1,6);J2:[2,3);J3:[2,5)","J0","1","J2","1","J0","1","J2","1","J3","1"
"5564","J0:[0,5);J1:[1,6);J2:[2,3);J3:[2,6)","J0","1","J2","1","J0","1","J2","1","J3","1"
"5565","J0:[0,5);J1:[1,6);J2:[2,3);J3:[3,4)","J2;J3","2","J2;J3","2","J0","1","J2;J3","2","J2;J3","2"
"5566","J0:[0,5);J1:[1,6);J2:[2,3);J3:[3,5)","J2;J3","2","J2;J3","2","J0","1","J2;J3","2","J2;J3","2"
"5567","J0:[0,5);J1:[1,6);J2:[2,3);J3:[3,6)","J2;J3","2","J2;J3","2","J0","1","J2;J3","2","J2;J3","2"
"5568","J0:[0,5);J1:[1,6);J2:[2,3);J3:[4,5)","J2;J3","2","J2;J3","2","J0","1","J2;J3","2","J2;J3","2"
"5569","J0:[0,5);J1:[1,6);J2:[2,3);J3:[4,6)","J2;J3","2","J2;J3","2","J0","1","J2;J3","2","J2;J3","2"
"5570","J0:[0,5);J1:[1,6);J2:[2,3);J3:[5,6)","J0;J3","2","J2;J3","2","J0;J3","2","J2;J3","2","J2;J3","2"
"5571","J0:[0,5);J1:[1,6);J2:[2,4);J3:[2,5)","J0","1","J2","1","J0","1","J2","1","J3","1"
"5572","J0:[0,5);J1:[1,6);J2:[2,4);J3:[2,6)","J0","1","J2","1","J0","1","J2","1","J3","1"
"5573","J0:[0,5);J1:[1,6);J2:[2,4);J3:[3,4)","J0","1","J2","1","J0","1","J3","1","J3","1"
"5574","J0:[0,5);J1:[1,6);J2:[2,4);J3:[3,5)","J0","1","J2","1","J0","1","J2","1","J3","1"
"5575","J0:[0,5);J1:[1,6);J2:[2,4);J3:[3,6)","J0","1","J2","1","J0","1","J2","1","J3","1"
"5576","J0:[0,5);J1:[1,6);J2:[2,4);J3:[4,5)","J2;J3","2","J2;J3","2","J0","1","J3;J2","2","J2;J3","2"
"5577","J0:[0,5);J1:[1,6);J2:[2,4);J3:[4,6)","J2;J3","2","J2;J3","2","J0","1","J2;J3","2","J2;J3","2"
"5578","J0:[0,5);J1:[1,6);J2:[2,4);J3:[5,6)","J0;J3","2","J2;J3","2","J0;J3","2","J3;J2","2","J2;J3","2"
"5579","J0:[0,5);J1:[1,6);J2:[2,5);J3:[2,6)","J0","1","J0","1","J0","1","J2","1","J3","1"
"5580","J0:[0,5);J1:[1,6);J2:[2,5);J3:[3,4)","J0","1","J3","1","J0","1","J3","1","J3","1"
"5581","J0:[0,5);J1:[1,6);J2:[2,5);J3:[3,5)","J0","1","J0","1","J0","1","J3","1","J3","1"
"5582","J0:[0,5);J1:[1,6);J2:[2,5);J3:[3,6)","J0","1","J0","1","J0","1","J2","1","J3","1"
"5583","J0:[0,5);J1:[1,6);J2:[2,5);J3:[4,5)","J0","1","J0","1","J0","1","J3","1","J3","1"
"5584","J0:[0,5);J1:[1,6);J2:[2,5);J3:[4,6)","J0","1","J0","1","J0","1","J3","1","J3","1"
"5585","J0:[0,5);J1:[1,6);J2:[2,5);J3:[5,6)","J0;J3","2","J0;J3","2","J0;J3","2","J3;J2","2","J2;J3","2"
"5586","J0:[0,5);J1:[1,6);J2:[2,6);J3:[3,4)","J0","1","J3","1","J0","1","J3","1","J3","1"
"5587","J0:[0,5);J1:[1,6);J2:[2,6);J3:[3,5)","J0","1","J0","1","J0","1","J3","1","J3","1"
"5588","J0:[0,5);J1:[1,6);J2:[2,6);J3:[3,6)","J0","1","J0","1","J0","1","J3","1","J3","1"
"5589","J0:[0,5);J1:[1,6);J2:[2,6);J3:[4,5)","J0","1","J0","1","J0","1","J3","1","J3","1"
"5590","J0:[0,5);J1:[1,6);J2:[2,6);J3:[4,6)","J0","1","J0","1","J0","1","J3","1","J3","1"
"5591","J0:[0,5);J1:[1,6);J2:[2,6);J3:[5,6)","J0;J3","2","J0;J3","2","J0;J3","2","J3;J0","2","J0;J3","2"
"5592","J0:[0,5);J1:[1,6);J2:[3,4);J3:[3,5)","J0","1","J2","1","J0","1","J2","1","J3","1"
"5593","J0:[0,5);J1:[1,6);J2:[3,4);J3:[3,6)","J0","1","J2","1","J0","1","J2","1","J3","1"
"5594","J0:[0,5);J1:[1,6);J2:[3,4);J3:[4,5)","J2;J3","2","J2;J3","2","J0","1","J2;J3","2","J2;J3","2"
"5595","J0:[0,5);J1:[1,6);J2:[3,4);J3:[4,6)","J2;J3","2","J2;J3","2","J0","1","J2;J3","2","J2;J3","2"
"5596","J0:[0,5);J1:[1,6);J2:[3,4);J3:[5,6)","J0;J3","2","J2;J3","2","J0;J3","2","J2;J3","2","J2;J3","2"
"5597","J0:[0,5);J1:[1,6);J2:[3,5);J3:[3,6)","J0","1","J0","1","J0","1","J2","1","J3","1"
"5598","J0:[0,5);J1:[1,6);J2:[3,5);J3:[4,5)","J0","1","J0","1","J0","1","J3","1","J3","1"
"5599","J0:[0,5);J1:[1,6);J2:[3,5);J3:[4,6)","J0","1","J0","1","J0","1","J2","1","J3","1"
"5600","J0:[0,5);J1:[1,6);J2:[3,5);J3:[5,6)","J0;J3","2","J0;J3","2","J0;J3","2","J3;J2","2","J2;J3","2"
"5601","J0:[0,5);J1:[1,6);J2:[3,6);J3:[4,5)","J0","1","J0","1","J0","1","J3","1","J3","1"
"5602","J0:[0,5);J1:[1,6);J2:[3,6);J3:[4,6)","J0","1","J0","1","J0","1","J3","1","J3","1"
"5603","J0:[0,5);J1:[1,6);J2:[3,6);J3:[5,6)","J0;J3","2","J0;J3","2","J0;J3","2","J3;J0","2","J0;J3","2"
"5604","J0:[0,5);J1:[1,6);J2:[4,5);J3:[4,6)","J0","1","J0","1","J0","1","J2","1","J3","1"
"5605","J0:[0,5);J1:[1,6);J2:[4,5);J3:[5,6)","J0;J3","2","J0;J3","2","J0;J3","2","J2;J3","2","J2;J3","2"
"5606","J0:[0,5);J1:[1,6);J2:[4,6);J3:[5,6)","J0;J3","2","J0;J3","2","J0;J3","2","J3;J0","2","J0;J3","2"
"5607","J0:[0,5);J1:[2,3);J2:[2,4);J3:[2,5)","J0","1","J1","1","J0","1","J1","1","J3","1"
"5608","J0:[0,5);J1:[2,3);J2:[2,4);J3:[2,6)","J0","1","J1","1","J0","1","J1","1","J3","1"
"5609","J0:[0,5);J1:[2,3);J2:[2,4);J3:[3,4)","J1;J3","2","J1;J3","2","J0","1","J1;J3","2","J1;J3","2"
"5610","J0:[0,5);J1:[2,3);J2:[2,4);J3:[3,5)","J1;J3","2","J1;J3","2","J0","1","J1;J3","2","J1;J3","2"
"5611","J0:[0,5);J1:[2,3);J2:[2,4);J3:[3,6)","J1;J3","2","J1;J3","2","J0","1","J1;J3","2","J1;J3","2"
"5612","J0:[0,5);J1:[2,3);J2:[2,4);J3:[4,5)","J1;J3","2","J1;J3","2","J0","1","J1;J3","2","J2;J3","2"
"5613","J0:[0,5);J1:[2,3);J2:[2,4);J3:[4,6)","J1;J3","2","J1;J3","2","J0","1","J1;J3","2","J2;J3","2"
"5614","J0:[0,5);J1:[2,3);J2:[2,4);J3:[5,6)","J0;J3","2","J1;J3","2","J0;J3","2","J1;J3","2","J2;J3","2"
"5615","J0:[0,5);J1:[2,3);J2:[2,5);J3:[2,6)","J0","1","J1","1","J0","1","J1","1","J3","1"
"5616","J0:[0,5);J1:[2,3);J2:[2,5);J3:[3,4)","J1;J3","2","J1;J3","2","J0","1","J1;J3","2","J1;J3","2"
"5617","J0:[0,5);J1:[2,3);J2:[2,5);J3:[3,5)","J1;J3","2","J1;J3","2","J0","1","J1;J3","2","J1;J3","2"
"5618","J0:[0,5);J1:[2,3);J2:[2,5);J3:[3,6)","J1;J3","2","J1;J3","2","J0","1","J1;J3","2","J1;J3","2"
"5619","J0:[0,5);J1:[2,3);J2:[2,5);J3:[4,5)","J1;J3","2","J1;J3","2","J0","1","J1;J3","2","J1;J3","2"
"5620","J0:[0,5);J1:[2,3);J2:[2,5);J3:[4,6)","J1;J3","2","J1;J3","2","J0","1","J1;J3","2","J1;J3","2"
"5621","J0:[0,5);J1:[2,3);J2:[2,5);J3:[5,6)","J0;J3","2","J1;J3","2","J0;J3","2","J1;J3","2","J2;J3","2"
"5622","J0:[0,5);J1:[2,3);J2:[2,6);J3:[3,4)","J1;J3","2","J1;J3","2","J0","1","J1;J3","2","J1;J3","2"
"5623","J0:[0,5);J1:[2,3);J2:[2,6);J3:[3,5)","J1;J3","2","J1;J3","2","J0","1","J1;J3","2","J1;J3","2"
"5624","J0:[0,5);J1:[2,3);J2:[2,6);J3:[3,6)","J1;J3","2","J1;J3","2","J0","1","J1;J3","2","J1;J3","2"
"5625","J0:[0,5);J1:[2,3);J2:[2,6);J3:[4,5)","J1;J3","2","J1;J3","2","J0","1","J1;J3","2","J1;J3","2"
"5626","J0:[0,5);J1:[2,3);J2:[2,6);J3:[4,6)","J1;J3","2","J1;J3","2","J0","1","J1;J3","2","J1;J3","2"
"5627","J0:[0,5);J1:[2,3);J2:[2,6);J3:[5,6)","J0;J3","2","J1;J3","2","J0;J3","2","J1;J3","2","J1;J3","2"
"5628","J0:[0,5);J1:[2,3);J2:[3,4);J3:[3,5)","J1;J2","2","J1;J2","2","J0","1","J1;J2","2","J1;J3","2"
"5629","J0:[0,5);J1:[2,3);J2:[3,4);J3:[3,6)","J1;J2","2","J1;J2","2","J0","1","J1;J2","2","J1;J3","2"
"5630","J0:[0,5);J1:[2,3);J2:[3,4);J3:[4,5)","J1;J2;J3","3","J1;J2;J3","3","J0","1","J1;J2;J3","3","J1;J2;J3","3"
"5631","J0:[0,5);J1:[2,3);J2:[3,4);J3:[4,6)","J1;J2;J3","3","J1;J2;J3","3","J0","1","J1;J2;J3","3","J1;J2;J3","3"
"5632","J0:[0,5);J1:[2,3);J2:[3,4);J3:[5,6)","J1;J2;J3","3","J1;J2;J3","3","J0;J3","2","J1;J2;J3","3","J1;J2;J3","3"
"5633","J0:[0,5);J1:[2,3);J2:[3,5);J3:[3,6)","J1;J2","2","J1;J2","2","J0","1","J1;J2","2","J1;J3","2"
"5634","J0:[0,5);J1:[2,3);J2:[3,5);J3:[4,5)","J1;J2","2","J1;J2","2","J0","1","J1;J3","2","J1;J3","2"
"5635","J0:[0,5);J1:[2,3);J2:[3,5);J3:[4,6)","J1;J2","2","J1;J2","2","J0","1","J1;J2","2","J1;J3","2"
"5636","J0:[0,5);J1:[2,3);J2:[3,5);J3:[5,6)","J1;J2;J3","3","J1;J2;J3","3","J0;J3","2","J1;J3;J2","3","J1;J2;J3","3"
"5637","J0:[0,5);J1:[2,3);J2:[3,6);J3:[4,5)","J1;J2","2","J1;J3","2","J0","1","J1;J3","2","J1;J3","2"
"5638","J0:[0,5);J1:[2,3);J2:[3,6);J3:[4,6)","J1;J2","2","J1;J2","2","J0","1","J1;J3","2","J1;J3","2"
"5639","J0:[0,5);J1:[2,3);J2:[3,6);J3:[5,6)","J0;J3","2","J1;J2","2","J0;J3","2","J1;J3","2","J1;J3","2"
"5640","J0:[0,5);J1:[2,3);J2:[4,5);J3:[4,6)","J1;J2","2","J1;J2","2","J0","1","J1;J2","2","J1;J3","2"
"5641","J0:[0,5);J1:[2,3);J2:[4,5);J3:[5,6)","J1;J2;J3","3","J1;J2;J3","3","J0;J3","2","J1;J2;J3","3","J1;J2;J3","3"
"5642","J0:[0,5);J1:[2,3);J2:[4,6);J3:[5,6)","J0;J3","2","J1;J2","2","J0;J3","2","J1;J3","2","J1;J3","2"
"5643","J0:[0,5);J1:[2,4);J2:[2,5);J3:[2,6)","J0","1","J1","1","J0","1","J1","1","J3","1"
"5644","J0:[0,5);J1:[2,4);J2:[2,5);J3:[3,4)","J0","1","J1","1","J0","1","J3","1","J3","1"
"5645","J0:[0,5);J1:[2,4);J2:[2,5);J3:[3,5)","J0","1","J1","1","J0","1","J1","1","J3","1"
"5646","J0:[0,5);J1:[2,4);J2:[2,5);J3:[3,6)","J0","1","J1","1","J0","1","J1","1","J3","1"
"5647","J0:[0,5);J1:[2,4);J2:[2,5);J3:[4,5)","J1;J3","2","J1;J3","2","J0","1","J3;J1","2","J1;J3","2"
"5648","J0:[0,5);J1:[2,4);J2:[2,5);J3:[4,6)","J1;J3","2","J1;J3","2","J0","1","J1;J3","2","J1;J3","2"
"5649","J0:[0,5);J1:[2,4);J2:[2,5);J3:[5,6)","J0;J3","2","J1;J3","2","J0;J3","2","J3;J1","2","J2;J3","2"
"5650","J0:[0,5);J1:[2,4);J2:[2,6);J3:[3,4)","J0","1","J1","1","J0","1","J3","1","J3","1"
"5651","J0:[0,5);J1:[2,4);J2:[2,6);J3:[3,5)","J0","1","J1","1","J0","1","J1","1","J3","1"
"5652","J0:[0,5);J1:[2,4);J2:[2,6);J3:[3,6)","J0","1","J1","1","J0","1","J1","1","J3","1"
"5653","J0:[0,5);J1:[2,4);J2:[2,6);J3:[4,5)","J1;J3","2","J1;J3","2","J0","1","J3;J1","2","J1;J3","2"
"5654","J0:[0,5);J1:[2,4);J2:[2,6);J3:[4,6)","J1;J3","2","J1;J3","2","J0","1","J1;J3","2","J1;J3","2"
"5655","J0:[0,5);J1:[2,4);J2:[2,6);J3:[5,6)","J0;J3","2","J1;J3","2","J0;J3","2","J3;J1","2","J1;J3","2"
"5656","J0:[0,5);J1:[2,4);J2:[3,4);J3:[3,5)","J0","1","J1","1","J0","1","J2","1","J3","1"
"5657","J0:[0,5);J1:[2,4);J2:[3,4);J3:[3,6)","J0","1","J1","1","J0","1","J2","1","J3","1"
"5658","J0:[0,5);J1:[2,4);J2:[3,4);J3:[4,5)","J1;J3","2","J1;J3","2","J0","1","J2;J3","2","J2;J3","2"
"5659","J0:[0,5);J1:[2,4);J2:[3,4);J3:[4,6)","J1;J3","2","J1;J3","2","J0","1","J2;J3","2","J2;J3","2"
"5660","J0:[0,5);J1:[2,4);J2:[3,4);J3:[5,6)","J0;J3","2","J1;J3","2","J0;J3","2","J2;J3","2","J2;J3","2"
"5661","J0:[0,5);J1:[2,4);J2:[3,5);J3:[3,6)","J0","1","J1","1","J0","1","J1","1","J3","1"
"5662","J0:[0,5);J1:[2,4);J2:[3,5);J3:[4,5)","J1;J3","2","J1;J3","2","J0","1","J3;J1","2","J1;J3","2"
"5663","J0:[0,5);J1:[2,4);J2:[3,5);J3:[4,6)","J1;J3","2","J1;J3","2","J0","1","J1;J3","2","J1;J3","2"
"5664","J0:[0,5);J1:[2,4);J2:[3,5);J3:[5,6)","J0;J3","2","J1;J3","2","J0;J3","2","J3;J1","2","J2;J3","2"
"5665","J0:[0,5);J1:[2,4);J2:[3,6);J3:[4,5)","J1;J3","2","J1;J3","2","J0","1","J3;J1","2","J1;J3","2"
"5666","J0:[0,5);J1:[2,4);J2:[3,6);J3:[4,6)","J1;J3","2","J1;J3","2","J0","1","J1;J3","2","J1;J3","2"
"5667","J0:[0,5);J1:[2,4);J2:[3,6);J3:[5,6)","J0;J3","2","J1;J3","2","J0;J3","2","J3;J1","2","J1;J3","2"
"5668","J0:[0,5);J1:[2,4);J2:[4,5);J3:[4,6)","J1;J2","2","J1;J2","2","J0","1","J2;J1","2","J1;J3","2"
"5669","J0:[0,5);J1:[2,4);J2:[4,5);J3:[5,6)","J1;J2;J3","3","J1;J2;J3","3","J0;J3","2","J2;J3;J1","3","J1;J2;J3","3"
"5670","J0:[0,5);J1:[2,4);J2:[4,6);J3:[5,6)","J0;J3","2","J1;J2","2","J0;J3","2","J3;J1","2","J1;J3","2"
"5671","J0:[0,5);J1:[2,5);J2:[2,6);J3:[3,4)","J0","1","J3","1","J0","1","J3","1","J3","1"
"5672","J0:[0,5);J1:[2,5);J2:[2,6);J3:[3,5)","J0","1","J0","1","J0","1","J3","1","J3","1"
"5673","J0:[0,5);J1:[2,5);J2:[2,6);J3:[3,6)","J0","1","J0","1","J0","1","J1","1","J3","1"
"5674","J0:[0,5);J1:[2,5);J2:[2,6);J3:[4,5)","J0","1","J0","1","J0","1","J3","1","J3","1"
"5675","J0:[0,5);J1:[2,5);J2:[2,6);J3:[4,6)","J0","1","J0","1","J0","1","J3","1","J3","1"
"5676","J0:[0,5);J1:[2,5);J2:[2,6);J3:[5,6)","J0;J3","2","J0;J3","2","J0;J3","2","J3;J1","2","J1;J3","2"
"5677","J0:[0,5);J1:[2,5);J2:[3,4);J3:[3,5)","J0","1","J2","1","J0","1","J2","1","J3","1"
"5678","J0:[0,5);J1:[2,5);J2:[3,4);J3:[3,6)","J0","1","J2","1","J0","1","J2","1","J3","1"
"5679","J0:[0,5);J1:[2,5);J2:[3,4);J3:[4,5)","J2;J3","2","J2;J3","2","J0","1","J2;J3","2","J2;J3","2"
"5680","J0:[0,5);J1:[2,5);J2:[3,4);J3:[4,6)","J2;J3","2","J2;J3","2","J0","1","J2;J3","2","J2;J3","2"
"5681","J0:[0,5);J1:[2,5);J2:[3,4);J3:[5,6)","J0;J3","2","J2;J3","2","J0;J3","2","J2;J3","2","J2;J3","2"
"5682","J0:[0,5);J1:[2,5);J2:[3,5);J3:[3,6)","J0","1","J0","1","J0","1","J2","1","J3","1"
"5683","J0:[0,5);J1:[2,5);J2:[3,5);J3:[4,5)","J0","1","J0","1","J0","1","J3","1","J3","1"
"5684","J0:[0,5);J1:[2,5);J2:[3,5);J3:[4,6)","J0","1","J0","1","J0","1","J2","1","J3","1"
"5685","J0:[0,5);J1:[2,5);J2:[3,5);J3:[5,6)","J0;J3","2","J0;J3","2","J0;J3","2","J3;J2","2","J2;J3","2"
"5686","J0:[0,5);J1:[2,5);J2:[3,6);J3:[4,5)","J0","1","J0","1","J0","1","J3","1","J3","1"
"5687","J0:[0,5);J1:[2,5);J2:[3,6);J3:[4,6)","J0","1","J0","1","J0","1","J3","1","J3","1"
"5688","J0:[0,5);J1:[2,5);J2:[3,6);J3:[5,6)","J0;J3","2","J0;J3","2","J0;J3","2","J3;J1","2","J1;J3","2"
"5689","J0:[0,5);J1:[2,5);J2:[4,5);J3:[4,6)","J0","1","J0","1","J0","1","J2","1","J3","1"
"5690","J0:[0,5);J1:[2,5);J2:[4,5);J3:[5,6)","J0;J3","2","J0;J3","2","J0;J3","2","J2;J3","2","J2;J3","2"
"5691","J0:[0,5);J1:[2,5);J2:[4,6);J3:[5,6)","J0;J3","2","J0;J3","2","J0;J3","2","J3;J1","2","J1;J3","2"
"5692","J0:[0,5);J1:[2,6);J2:[3,4);J3:[3,5)","J0","1","J2","1","J0","1","J2","1","J3","1"
"5693","J0:[0,5);J1:[2,6);J2:[3,4);J3:[3,6)","J0","1","J2","1","J0","1","J2","1","J3","1"
"5694","J0:[0,5);J1:[2,6);J2:[3,4);J3:[4,5)","J2;J3","2","J2;J3","2","J0","1","J2;J3","2","J2;J3","2"
"5695","J0:[0,5);J1:[2,6);J2:[3,4);J3:[4,6)","J2;J3","2","J2;J3","2","J0","1","J2;J3","2","J2;J3","2"
"5696","J0:[0,5);J1:[2,6);J2:[3,4);J3:[5,6)","J0;J3","2","J2;J3","2","J0;J3","2","J2;J3","2","J2;J3","2"
"5697","J0:[0,5);J1:[2,6);J2:[3,5);J3:[3,6)","J0","1","J0","1","J0","1","J2","1","J3","1"
"5698","J0:[0,5);J1:[2,6);J2:[3,5);J3:[4,5)","J0","1","J0","1","J0","1","J3","1","J3","1"
"5699","J0:[0,5);J1:[2,6);J2:[3,5);J3:[4,6)","J0","1","J0","1","J0","1","J2","1","J3","1"
"5700","J0:[0,5);J1:[2,6);J2:[3,5);J3:[5,6)","J0;J3","2","J0;J3","2","J0;J3","2","J3;J2","2","J2;J3","2"
"5701","J0:[0,5);J1:[2,6);J2:[3,6);J3:[4,5)","J0","1","J0","1","J0","1","J3","1","J3","1"
"5702","J0:[0,5);J1:[2,6);J2:[3,6);J3:[4,6)","J0","1","J0","1","J0","1","J3","1","J3","1"
"5703","J0:[0,5);J1:[2,6);J2:[3,6);J3:[5,6)","J0;J3","2","J0;J3","2","J0;J3","2","J3;J0","2","J0;J3","2"
"5704","J0:[0,5);J1:[2,6);J2:[4,5);J3:[4,6)","J0","1","J0","1","J0","1","J2","1","J3","1"
"5705","J0:[0,5);J1:[2,6);J2:[4,5);J3:[5,6)","J0;J3","2","J0;J3","2","J0;J3","2","J2;J3","2","J2;J3","2"
"5706","J0:[0,5);J1:[2,6);J2:[4,6);J3:[5,6)","J0;J3","2","J0;J3","2","J0;J3","2","J3;J0","2","J0;J3","2"
"5707","J0:[0,5);J1:[3,4);J2:[3,5);J3:[3,6)","J0","1","J1","1","J0","1","J1","1","J3","1"
"5708","J0:[0,5);J1:[3,4);J2:[3,5);J3:[4,5)","J1;J3","2","J1;J3","2","J0","1","J1;J3","2","J1;J3","2"
"5709","J0:[0,5);J1:[3,4);J2:[3,5);J3:[4,6)","J1;J3","2","J1;J3","2","J0","1","J1;J3","2","J1;J3","2"
"5710","J0:[0,5);J1:[3,4);J2:[3,5);J3:[5,6)","J0;J3","2","J1;J3","2","J0;J3","2","J1;J3","2","J2;J3","2"
"5711","J0:[0,5);J1:[3,4);J2:[3,6);J3:[4,5)","J1;J3","2","J1;J3","2","J0","1","J1;J3","2","J1;J3","2"
"5712","J0:[0,5);J1:[3,4);J2:[3,6);J3:[4,6)","J1;J3","2","J1;J3","2","J0","1","J1;J3","2","J1;J3","2"
"5713","J0:[0,5);J1:[3,4);J2:[3,6);J3:[5,6)","J0;J3","2","J1;J3","2","J0;J3","2","J1;J3","2","J1;J3","2"
"5714","J0:[0,5);J1:[3,4);J2:[4,5);J3:[4,6)","J1;J2","2","J1;J2","2","J0","1","J1;J2","2","J1;J3","2"
"5715","J0:[0,5);J1:[3,4);J2:[4,5);J3:[5,6)","J1;J2;J3","3","J1;J2;J3","3","J0;J3","2","J1;J2;J3","3","J1;J2;J3","3"
"5716","J0:[0,5);J1:[3,4);J2:[4,6);J3:[5,6)","J0;J3","2","J1;J2","2","J0;J3","2","J1;J3","2","J1;J3","2"
"5717","J0:[0,5);J1:[3,5);J2:[3,6);J3:[4,5)","J0","1","J0","1","J0","1","J3","1","J3","1"
"5718","J0:[0,5);J1:[3,5);J2:[3,6);J3:[4,6)","J0","1","J0","1","J0","1","J1","1","J3","1"
"5719","J0:[0,5);J1:[3,5);J2:[3,6);J3:[5,6)","J0;J3","2","J0;J3","2","J0;J3","2","J3;J1","2","J1;J3","2"
"5720","J0:[0,5);J1:[3,5);J2:[4,5);J3:[4,6)","J0","1","J0","1","J0","1","J2","1","J3","1"
"5721","J0:[0,5);J1:[3,5);J2:[4,5);J3:[5,6)","J0;J3","2","J0;J3","2","J0;J3","2","J2;J3","2","J2;J3","2"
"5722","J0:[0,5);J1:[3,5);J2:[4,6);J3:[5,6)","J0;J3","2","J0;J3","2","J0;J3","2","J3;J1","2","J1;J3","2"
"5723","J0:[0,5);J1:[3,6);J2:[4,5);J3:[4,6)","J0","1","J0","1","J0","1","J2","1","J3","1"
"5724","J0:[0,5);J1:[3,6);J2:[4,5);J3:[5,6)","J0;J3","2","J0;J3","2","J0;J3","2","J2;J3","2","J2;J3","2"
"5725","J0:[0,5);J1:[3,6);J2:[4,6);J3:[5,6)","J0;J3","2","J0;J3","2","J0;J3","2","J3;J0","2","J0;J3","2"
"5726","J0:[0,5);J1:[4,5);J2:[4,6);J3:[5,6)","J0;J3","2","J0;J3","2","J0;J3","2","J1;J3","2","J1;J3","2"
"5727","J0:[0,6);J1:[1,2);J2:[1,3);J3:[1,4)","J0","1","J1","1","J0","1","J1","1","J3","1"
"5728","J0:[0,6);J1:[1,2);J2:[1,3);J3:[1,5)","J0","1","J1","1","J0","1","J1","1","J3","1"
"5729","J0:[0,6);J1:[1,2);J2:[1,3);J3:[1,6)","J0","1","J1","1","J0","1","J1","1","J3","1"
"5730","J0:[0,6);J1:[1,2);J2:[1,3);J3:[2,3)","J1;J3","2","J1;J3","2","J0","1","J1;J3","2","J1;J3","2"
"5731","J0:[0,6);J1:[1,2);J2:[1,3);J3:[2,4)","J1;J3","2","J1;J3","2","J0","1","J1;J3","2","J1;J3","2"
"5732","J0:[0,6);J1:[1,2);J2:[1,3);J3:[2,5)","J1;J3","2","J1;J3","2","J0","1","J1;J3","2","J1;J3","2"
"5733","J0:[0,6);J1:[1,2);J2:[1,3);J3:[2,6)","J1;J3","2","J1;J3","2","J0","1","J1;J3","2","J1;J3","2"
"5734","J0:[0,6);J1:[1,2);J2:[1,3);J3:[3,4)","J1;J3","2","J1;J3","2","J0","1","J1;J3","2","J2;J3","2"
"5735","J0:[0,6);J1:[1,2);J2:[1,3);J3:[3,5)","J1;J3","2","J1;J3","2","J0","1","J1;J3","2","J2;J3","2"
"5736","J0:[0,6);J1:[1,2);J2:[1,3);J3:[3,6)","J1;J3","2","J1;J3","2","J0","1","J1;J3","2","J2;J3","2"
"5737","J0:[0,6);J1:[1,2);J2:[1,3);J3:[4,5)","J1;J3","2","J1;J3","2","J0","1","J1;J3","2","J2;J3","2"
"5738","J0:[0,6);J1:[1,2);J2:[1,3);J3:[4,6)","J1;J3","2","J1;J3","2","J0","1","J1;J3","2","J2;J3","2"
"5739","J0:[0,6);J1:[1,2);J2:[1,3);J3:[5,6)","J1;J3","2","J1;J3","2","J0","1","J1;J3","2","J2;J3","2"
"5740","J0:[0,6);J1:[1,2);J2:[1,4);J3:[1,5)","J0","1","J1","1","J0","1","J1","1","J3","1"
"5741","J0:[0,6);J1:[1,2);J2:[1,4);J3:[1,6)","J0","1","J1","1","J0","1","J1","1","J3","1"
"5742","J0:[0,6);J1:[1,2);J2:[1,4);J3:[2,3)","J1;J3","2","J1;J3","2","J0","1","J1;J3","2","J1;J3","2"
"5743","J0:[0,6);J1:[1,2);J2:[1,4);J3:[2,4)","J1;J3","2","J1;J3","2","J0","1","J1;J3","2","J1;J3","2"
"5744","J0:[0,6);J1:[1,2);J2:[1,4);J3:[2,5)","J1;J3","2","J1;J3","2","J0","1","J1;J3","2","J1;J3","2"
"5745","J0:[0,6);J1:[1,2);J2:[1,4);J3:[2,6)","J1;J3","2","J1;J3","2","J0","1","J1;J3","2","J1;J3","2"
"5746","J0:[0,6);J1:[1,2);J2:[1,4);J3:[3,4)","J1;J3","2","J1;J3","2","J0","1","J1;J3","2","J1;J3","2"
"5747","J0:[0,6);J1:[1,2);J2:[1,4);J3:[3,5)","J1;J3","2","J1;J3","2","J0","1","J1;J3","2","J1;J3","2"
"5748","J0:[0,6);J1:[1,2);J2:[1,4);J3:[3,6)","J1;J3","2","J1;J3","2","J0","1","J1;J3","2","J1;J3","2"
"5749","J0:[0,6);J1:[1,2);J2:[1,4);J3:[4,5)","J1;J3","2","J1;J3","2","J0","1","J1;J3","2","J2;J3","2"
"5750","J0:[0,6);J1:[1,2);J2:[1,4);J3:[4,6)","J1;J3","2","J1;J3","2","J0","1","J1;J3","2","J2;J3","2"
"5751","J0:[0,6);J1:[1,2);J2:[1,4);J3:[5,6)","J1;J3","2","J1;J3","2","J0","1","J1;J3","2","J2;J3","2"
"5752","J0:[0,6);J1:[1,2);J2:[1,5);J3:[1,6)","J0","1","J1","1","J0","1","J1","1","J3","1"
"5753","J0:[0,6);J1:[1,2);J2:[1,5);J3:[2,3)","J1;J3","2","J1;J3","2","J0","1","J1;J3","2","J1;J3","2"
"5754","J0:[0,6);J1:[1,2);J2:[1,5);J3:[2,4)","J1;J3","2","J1;J3","2","J0","1","J1;J3","2","J1;J3","2"
"5755","J0:[0,6);J1:[1,2);J2:[1,5);J3:[2,5)","J1;J3","2","J1;J3","2","J0","1","J1;J3","2","J1;J3","2"
"5756","J0:[0,6);J1:[1,2);J2:[1,5);J3:[2,6)","J1;J3","2","J1;J3","2","J0","1","J1;J3","2","J1;J3","2"
"5757","J0:[0,6);J1:[1,2);J2:[1,5);J3:[3,4)","J1;J3","2","J1;J3","2","J0","1","J1;J3","2","J1;J3","2"
"5758","J0:[0,6);J1:[1,2);J2:[1,5);J3:[3,5)","J1;J3","2","J1;J3","2","J0","1","J1;J3","2","J1;J3","2"
"5759","J0:[0,6);J1:[1,2);J2:[1,5);J3:[3,6)","J1;J3","2","J1;J3","2","J0","1","J1;J3","2","J1;J3","2"
"5760","J0:[0,6);J1:[1,2);J2:[1,5);J3:[4,5)","J1;J3","2","J1;J3","2","J0","1","J1;J3","2","J1;J3","2"
"5761","J0:[0,6);J1:[1,2);J2:[1,5);J3:[4,6)","J1;J3","2","J1;J3","2","J0","1","J1;J3","2","J1;J3","2"
"5762","J0:[0,6);J1:[1,2);J2:[1,5);J3:[5,6)","J1;J3","2","J1;J3","2","J0","1","J1;J3","2","J2;J3","2"
"5763","J0:[0,6);J1:[1,2);J2:[1,6);J3:[2,3)","J1;J3","2","J1;J3","2","J0","1","J1;J3","2","J1;J3","2"
"5764","J0:[0,6);J1:[1,2);J2:[1,6);J3:[2,4)","J1;J3","2","J1;J3","2","J0","1","J1;J3","2","J1;J3","2"
"5765","J0:[0,6);J1:[1,2);J2:[1,6);J3:[2,5)","J1;J3","2","J1;J3","2","J0","1","J1;J3","2","J1;J3","2"
"5766","J0:[0,6);J1:[1,2);J2:[1,6);J3:[2,6)","J1;J3","2","J1;J3","2","J0","1","J1;J3","2","J1;J3","2"
"5767","J0:[0,6);J1:[1,2);J2:[1,6);J3:[3,4)","J1;J3","2","J1;J3","2","J0","1","J1;J3","2","J1;J3","2"
"5768","J0:[0,6);J1:[1,2);J2:[1,6);J3:[3,5)","J1;J3","2","J1;J3","2","J0","1","J1;J3","2","J1;J3","2"
"5769","J0:[0,6);J1:[1,2);J2:[1,6);J3:[3,6)","J1;J3","2","J1;J3","2","J0","1","J1;J3","2","J1;J3","2"
"5770","J0:[0,6);J1:[1,2);J2:[1,6);J3:[4,5)","J1;J3","2","J1;J3","2","J0","1","J1;J3","2","J1;J3","2"
"5771","J0:[0,6);J1:[1,2);J2:[1,6);J3:[4,6)","J1;J3","2","J1;J3","2","J0","1","J1;J3","2","J1;J3","2"
"5772","J0:[0,6);J1:[1,2);J2:[1,6);J3:[5,6)","J1;J3","2","J1;J3","2","J0","1","J1;J3","2","J1;J3","2"
"5773","J0:[0,6);J1:[1,2);J2:[2,3);J3:[2,4)","J1;J2","2","J1;J2","2","J0","1","J1;J2","2","J1;J3","2"
"5774","J0:[0,6);J1:[1,2);J2:[2,3);J3:[2,5)","J1;J2","2","J1;J2","2","J0","1","J1;J2","2","J1;J3","2"
"5775","J0:[0,6);J1:[1,2);J2:[2,3);J3:[2,6)","J1;J2","2","J1;J2","2","J0","1","J1;J2","2","J1;J3","2"
"5776","J0:[0,6);J1:[1,2);J2:[2,3);J3:[3,4)","J1;J2;J3","3","J1;J2;J3","3","J0","1","J1;J2;J3","3","J1;J2;J3","3"
"5777","J0:[0,6);J1:[1,2);J2:[2,3);J3:[3,5)","J1;J2;J3","3","J1;J2;J3","3","J0","1","J1;J2;J3","3","J1;J2;J3","3"
"5778","J0:[0,6);J1:[1,2);J2:[2,3);J3:[3,6)","J1;J2;J3","3","J1;J2;J3","3","J0","1","J1;J2;J3","3","J1;J2;J3","3"
"5779","J0:[0,6);J1:[1,2);J2:[2,3);J3:[4,5)","J1;J2;J3","3","J1;J2;J3","3","J0","1","J1;J2;J3","3","J1;J2;J3","3"
"5780","J0:[0,6);J1:[1,2);J2:[2,3);J3:[4,6)","J1;J2;J3","3","J1;J2;J3","3","J0","1","J1;J2;J3","3","J1;J2;J3","3"
"5781","J0:[0,6);J1:[1,2);J2:[2,3);J3:[5,6)","J1;J2;J3","3","J1;J2;J3","3","J0","1","J1;J2;J3","3","J1;J2;J3","3"
"5782","J0:[0,6);J1:[1,2);J2:[2,4);J3:[2,5)","J1;J2","2","J1;J2","2","J0","1","J1;J2","2","J1;J3","2"
"5783","J0:[0,6);J1:[1,2);J2:[2,4);J3:[2,6)","J1;J2","2","J1;J2","2","J0","1","J1;J2","2","J1;J3","2"
"5784","J0:[0,6);J1:[1,2);J2:[2,4);J3:[3,4)","J1;J2","2","J1;J2","2","J0","1","J1;J3","2","J1;J3","2"
"5785","J0:[0,6);J1:[1,2);J2:[2,4);J3:[3,5)","J1;J2","2","J1;J2","2","J0","1","J1;J2","2","J1;J3","2"
"5786","J0:[0,6);J1:[1,2);J2:[2,4);J3:[3,6)","J1;J2","2","J1;J2","2","J0","1","J1;J2","2","J1;J3","2"
"5787","J0:[0,6);J1:[1,2);J2:[2,4);J3:[4,5)","J1;J2;J3","3","J1;J2;J3","3","J0","1","J1;J3;J2","3","J1;J2;J3","3"
"5788","J0:[0,6);J1:[1,2);J2:[2,4);J3:[4,6)","J1;J2;J3","3","J1;J2;J3","3","J0","1","J1;J2;J3","3","J1;J2;J3","3"
"5789","J0:[0,6);J1:[1,2);J2:[2,4);J3:[5,6)","J1;J2;J3","3","J1;J2;J3","3","J0","1","J1;J3;J2","3","J1;J2;J3","3"
"5790","J0:[0,6);J1:[1,2);J2:[2,5);J3:[2,6)","J1;J2","2","J1;J2","2","J0","1","J1;J2","2","J1;J3","2"
"5791","J0:[0,6);J1:[1,2);J2:[2,5);J3:[3,4)","J1;J2","2","J1;J3","2","J0","1","J1;J3","2","J1;J3","2"
"5792","J0:[0,6);J1:[1,2);J2:[2,5);J3:[3,5)","J1;J2","2","J1;J2","2","J0","1","J1;J3","2","J1;J3","2"
"5793","J0:[0,6);J1:[1,2);J2:[2,5);J3:[3,6)","J1;J2","2","J1;J2","2","J0","1","J1;J2","2","J1;J3","2"
"5794","J0:[0,6);J1:[1,2);J2:[2,5);J3:[4,5)","J1;J2","2","J1;J2","2","J0","1","J1;J3","2","J1;J3","2"
"5795","J0:[0,6);J1:[1,2);J2:[2,5);J3:[4,6)","J1;J2","2","J1;J2","2","J0","1","J1;J3","2","J1;J3","2"
"5796","J0:[0,6);J1:[1,2);J2:[2,5);J3:[5,6)","J1;J2;J3","3","J1;J2;J3","3","J0","1","J1;J3;J2","3","J1;J2;J3","3"
"5797","J0:[0,6);J1:[1,2);J2:[2,6);J3:[3,4)","J1;J2","2","J1;J3","2","J0","1","J1;J3","2","J1;J3","2"
"5798","J0:[0,6);J1:[1,2);J2:[2,6);J3:[3,5)","J1;J2","2","J1;J3","2","J0","1","J1;J3","2","J1;J3","2"
"5799","J0:[0,6);J1:[1,2);J2:[2,6);J3:[3,6)","J1;J2","2","J1;J2","2","J0","1","J1;J3","2","J1;J3","2"
"5800","J0:[0,6);J1:[1,2);J2:[2,6);J3:[4,5)","J1;J2","2","J1;J3","2","J0","1","J1;J3","2","J1;J3","2"
"5801","J0:[0,6);J1:[1,2);J2:[2,6);J3:[4,6)","J1;J2","2","J1;J2","2","J0","1","J1;J3","2","J1;J3","2"
"5802","J0:[0,6);J1:[1,2);J2:[2,6);J3:[5,6)","J1;J2","2","J1;J2","2","J0","1","J1;J3","2","J1;J3","2"
"5803","J0:[0,6);J1:[1,2);J2:[3,4);J3:[3,5)","J1;J2","2","J1;J2","2","J0","1","J1;J2","2","J1;J3","2"
"5804","J0:[0,6);J1:[1,2);J2:[3,4);J3:[3,6)","J1;J2","2","J1;J2","2","J0","1","J1;J2","2","J1;J3","2"
"5805","J0:[0,6);J1:[1,2);J2:[3,4);J3:[4,5)","J1;J2;J3","3","J1;J2;J3","3","J0","1","J1;J2;J3","3","J1;J2;J3","3"
"5806","J0:[0,6);J1:[1,2);J2:[3,4);J3:[4,6)","J1;J2;J3","3","J1;J2;J3","3","J0","1","J1;J2;J3","3","J1;J2;J3","3"
"5807","J0:[0,6);J1:[1,2);J2:[3,4);J3:[5,6)","J1;J2;J3","3","J1;J2;J3","3","J0","1","J1;J2;J3","3","J1;J2;J3","3"
"5808","J0:[0,6);J1:[1,2);J2:[3,5);J3:[3,6)","J1;J2","2","J1;J2","2","J0","1","J1;J2","2","J1;J3","2"
"5809","J0:[0,6);J1:[1,2);J2:[3,5);J3:[4,5)","J1;J2","2","J1;J2","2","J0","1","J1;J3","2","J1;J3","2"
"5810","J0:[0,6);J1:[1,2);J2:[3,5);J3:[4,6)","J1;J2","2","J1;J2","2","J0","1","J1;J2","2","J1;J3","2"
"5811","J0:[0,6);J1:[1,2);J2:[3,5);J3:[5,6)","J1;J2;J3","3","J1;J2;J3","3","J0","1","J1;J3;J2","3","J1;J2;J3","3"
"5812","J0:[0,6);J1:[1,2);J2:[3,6);J3:[4,5)","J1;J2","2","J1;J3","2","J0","1","J1;J3","2","J1;J3","2"
"5813","J0:[0,6);J1:[1,2);J2:[3,6);J3:[4,6)","J1;J2","2","J1;J2","2","J0","1","J1;J3","2","J1;J3","2"
"5814","J0:[0,6);J1:[1,2);J2:[3,6);J3:[5,6)","J1;J2","2","J1;J2","2","J0","1","J1;J3","2","J1;J3","2"
"5815","J0:[0,6);J1:[1,2);J2:[4,5);J3:[4,6)","J1;J2","2","J1;J2","2","J0","1","J1;J2","2","J1;J3","2"
"5816","J0:[0,6);J1:[1,2);J2:[4,5);J3:[5,6)","J1;J2;J3","3","J1;J2;J3","3","J0","1","J1;J2;J3","3","J1;J2;J3","3"
"5817","J0:[0,6);J1:[1,2);J2:[4,6);J3:[5,6)","J1;J2","2","J1;J2","2","J0","1","J1;J3","2","J1;J3","2"
"5818","J0:[0,6);J1:[1,3);J2:[1,4);J3:[1,5)","J0","1","J1","1","J0","1","J1","1","J3","1"
"5819","J0:[0,6);J1:[1,3);J2:[1,4);J3:[1,6)","J0","1","J1","1","J0","1","J1","1","J3","1"
"5820","J0:[0,6);J1:[1,3);J2:[1,4);J3:[2,3)","J0","1","J1","1","J0","1","J3","1","J3","1"
"5821","J0:[0,6);J1:[1,3);J2:[1,4);J3:[2,4)","J0","1","J1","1","J0","1","J1","1","J3","1"
"5822","J0:[0,6);J1:[1,3);J2:[1,4);J3:[2,5)","J0","1","J1","1","J0","1","J1","1","J3","1"
"5823","J0:[0,6);J1:[1,3);J2:[1,4);J3:[2,6)","J0","1","J1","1","J0","1","J1","1","J3","1"
"5824","J0:[0,6);J1:[1,3);J2:[1,4);J3:[3,4)","J1;J3","2","J1;J3","2","J0","1","J3;J1","2","J1;J3","2"
"5825","J0:[0,6);J1:[1,3);J2:[1,4);J3:[3,5)","J1;J3","2","J1;J3","2","J0","1","J1;J3","2","J1;J3","2"
"5826","J0:[0,6);J1:[1,3);J2:[1,4);J3:[3,6)","J1;J3","2","J1;J3","2","J0","1","J1;J3","2","J1;J3","2"
"5827","J0:[0,6);J1:[1,3);J2:[1,4);J3:[4,5)","J1;J3","2","J1;J3","2","J0","1","J3;J1","2","J2;J3","2"
"5828","J0:[0,6);J1:[1,3);J2:[1,4);J3:[4,6)","J1;J3","2","J1;J3","2","J0","1","J1;J3","2","J2;J3","2"
"5829","J0:[0,6);J1:[1,3);J2:[1,4);J3:[5,6)","J1;J3","2","J1;J3","2","J0","1","J3;J1","2","J2;J3","2"
"5830","J0:[0,6);J1:[1,3);J2:[1,5);J3:[1,6)","J0","1","J1","1","J0","1","J1","1","J3","1"
"5831","J0:[0,6);J1:[1,3);J2:[1,5);J3:[2,3)","J0","1","J1","1","J0","1","J3","1","J3","1"
"5832","J0:[0,6);J1:[1,3);J2:[1,5);J3:[2,4)","J0","1","J1","1","J0","1","J1","1","J3","1"
"5833","J0:[0,6);J1:[1,3);J2:[1,5);J3:[2,5)","J0","1","J1","1","J0","1","J1","1","J3","1"
"5834","J0:[0,6);J1:[1,3);J2:[1,5);J3:[2,6)","J0","1","J1","1","J0","1","J1","1","J3","1"
"5835","J0:[0,6);J1:[1,3);J2:[1,5);J3:[3,4)","J1;J3","2","J1;J3","2","J0","1","J3;J1","2","J1;J3","2"
"5836","J0:[0,6);J1:[1,3);J2:[1,5);J3:[3,5)","J1;J3","2","J1;J3","2","J0","1","J1;J3","2","J1;J3","2"
"5837","J0:[0,6);J1:[1,3);J2:[1,5);J3:[3,6)","J1;J3","2","J1;J3","2","J0","1","J1;J3","2","J1;J3","2"
"5838","J0:[0,6);J1:[1,3);J2:[1,5);J3:[4,5)","J1;J3","2","J1;J3","2","J0","1","J3;J1","2","J1;J3","2"
"5839","J0:[0,6);J1:[1,3);J2:[1,5);J3:[4,6)","J1;J3","2","J1;J3","2","J0","1","J1;J3","2","J1;J3","2"
"5840","J0:[0,6);J1:[1,3);J2:[1,5);J3:[5,6)","J1;J3","2","J1;J3","2","J0","1","J3;J1","2","J2;J3","2"
"5841","J0:[0,6);J1:[1,3);J2:[1,6);J3:[2,3)","J0","1","J1","1","J0","1","J3","1","J3","1"
"5842","J0:[0,6);J1:[1,3);J2:[1,6);J3:[2,4)","J0","1","J1","1","J0","1","J1","1","J3","1"
"5843","J0:[0,6);J1:[1,3);J2:[1,6);J3:[2,5)","J0","1","J1","1","J0","1","J1","1","J3","1"
"5844","J0:[0,6);J1:[1,3);J2:[1,6);J3:[2,6)","J0","1","J1","1","J0","1","J1","1","J3","1"
"5845","J0:[0,6);J1:[1,3);J2:[1,6);J3:[3,4)","J1;J3","2","J1;J3","2","J0","1","J3;J1","2","J1;J3","2"
"5846","J0:[0,6);J1:[1,3);J2:[1,6);J3:[3,5)","J1;J3","2","J1;J3","2","J0","1","J1;J3","2","J1;J3","2"
"5847","J0:[0,6);J1:[1,3);J2:[1,6);J3:[3,6)","J1;J3","2","J1;J3","2","J0","1","J1;J3","2","J1;J3","2"
"5848","J0:[0,6);J1:[1,3);J2:[1,6);J3:[4,5)","J1;J3","2","J1;J3","2","J0","1","J3;J1","2","J1;J3","2"
"5849","J0:[0,6);J1:[1,3);J2:[1,6);J3:[4,6)","J1;J3","2","J1;J3","2","J0","1","J1;J3","2","J1;J3","2"
"5850","J0:[0,6);J1:[1,3);J2:[1,6);J3:[5,6)","J1;J3","2","J1;J3","2","J0","1","J3;J1","2","J1;J3","2"
"5851","J0:[0,6);J1:[1,3);J2:[2,3);J3:[2,4)","J0","1","J1","1","J0","1","J2","1","J3","1"
"5852","J0:[0,6);J1:[1,3);J2:[2,3);J3:[2,5)","J0","1","J1","1","J0","1","J2","1","J3","1"
"5853","J0:[0,6);J1:[1,3);J2:[2,3);J3:[2,6)","J0","1","J1","1","J0","1","J2","1","J3","1"
"5854","J0:[0,6);J1:[1,3);J2:[2,3);J3:[3,4)","J1;J3","2","J1;J3","2","J0","1","J2;J3","2","J2;J3","2"
"5855","J0:[0,6);J1:[1,3);J2:[2,3);J3:[3,5)","J1;J3","2","J1;J3","2","J0","1","J2;J3","2","J2;J3","2"
"5856","J0:[0,6);J1:[1,3);J2:[2,3);J3:[3,6)","J1;J3","2","J1;J3","2","J0","1","J2;J3","2","J2;J3","2"
"5857","J0:[0,6);J1:[1,3);J2:[2,3);J3:[4,5)","J1;J3","2","J1;J3","2","J0","1","J2;J3","2","J2;J3","2"
"5858","J0:[0,6);J1:[1,3);J2:[2,3);J3:[4,6)","J1;J3","2","J1;J3","2","J0","1","J2;J3","2","J2;J3","2"
"5859","J0:[0,6);J1:[1,3);J2:[2,3);J3:[5,6)","J1;J3","2","J1;J3","2","J0","1","J2;J3","2","J2;J3","2"
"5860","J0:[0,6);J1:[1,3);J2:[2,4);J3:[2,5)","J0","1","J1","1","J0","1","J1","1","J3","1"
"5861","J0:[0,6);J1:[1,3);J2:[2,4);J3:[2,6)","J0","1","J1","1","J0","1","J1","1","J3","1"
"5862","J0:[0,6);J1:[1,3);J2:[2,4);J3:[3,4)","J1;J3","2","J1;J3","2","J0","1","J3;J1","2","J1;J3","2"
"5863","J0:[0,6);J1:[1,3);J2:[2,4);J3:[3,5)","J1;J3","2","J1;J3","2","J0","1","J1;J3","2","J1;J3","2"
"5864","J0:[0,6);J1:[1,3);J2:[2,4);J3:[3,6)","J1;J3","2","J1;J3","2","J0","1","J1;J3","2","J1;J3","2"
"5865","J0:[0,6);J1:[1,3);J2:[2,4);J3:[4,5)","J1;J3","2","J1;J3","2","J0","1","J3;J1","2","J2;J3","2"
"5866","J0:[0,6);J1:[1,3);J2:[2,4);J3:[4,6)","J1;J3","2","J1;J3","2","J0","1","J1;J3","2","J2;J3","2"
"5867","J0:[0,6);J1:[1,3);J2:[2,4);J3:[5,6)","J1;J3","2","J1;J3","2","J0","1","J3;J1","2","J2;J3","2"
"5868","J0:[0,6);J1:[1,3);J2:[2,5);J3:[2,6)","J0","1","J1","1","J0","1","J1","1","J3","1"
"5869","J0:[0,6);J1:[1,3);J2:[2,5);J3:[3,4)","J1;J3","2","J1;J3","2","J0","1","J3;J1","2","J1;J3","2"
"5870","J0:[0,6);J1:[1,3);J2:[2,5);J3:[3,5)","J1;J3","2","J1;J3","2","J0","1","J1;J3","2","J1;J3","2"
"5871","J0:[0,6);J1:[1,3);J2:[2,5);J3:[3,6)","J1;J3","2","J1;J3","2","J0","1","J1;J3","2","J1;J3","2"
"5872","J0:[0,6);J1:[1,3);J2:[2,5);J3:[4,5)","J1;J3","2","J1;J3","2","J0","1","J3;J1","2","J1;J3","2"
"5873","J0:[0,6);J1:[1,3);J2:[2,5);J3:[4,6)","J1;J3","2","J1;J3","2","J0","1","J1;J3","2","J1;J3","2"
"5874","J0:[0,6);J1:[1,3);J2:[2,5);J3:[5,6)","J1;J3","2","J1;J3","2","J0","1","J3;J1","2","J2;J3","2"
"5875","J0:[0,6);J1:[1,3);J2:[2,6);J3:[3,4)","J1;J3","2","J1;J3","2","J0","1","J3;J1","2","J1;J3","2"
"5876","J0:[0,6);J1:[1,3);J2:[2,6);J3:[3,5)","J1;J3","2","J1;J3","2","J0","1","J1;J3","2","J1;J3","2"
"5877","J0:[0,6);J1:[1,3);J2:[2,6);J3:[3,6)","J1;J3","2","J1;J3","2","J0","1","J1;J3","2","J1;J3","2"
"5878","J0:[0,6);J1:[1,3);J2:[2,6);J3:[4,5)","J1;J3","2","J1;J3","2","J0","1","J3;J1","2","J1;J3","2"
"5879","J0:[0,6);J1:[1,3);J2:[2,6);J3:[4,6)","J1;J3","2","J1;J3","2","J0","1","J1;J3","2","J1;J3","2"
"5880","J0:[0,6);J1:[1,3);J2:[2,6);J3:[5,6)","J1;J3","2","J1;J3","2","J0","1","J3;J1","2","J1;J3","2"
"5881","J0:[0,6);J1:[1,3);J2:[3,4);J3:[3,5)","J1;J2","2","J1;J2","2","J0","1","J2;J1","2","J1;J3","2"
"5882","J0:[0,6);J1:[1,3);J2:[3,4);J3:[3,6)","J1;J2","2","J1;J2","2","J0","1","J2;J1","2","J1;J3","2"
"5883","J0:[0,6);J1:[1,3);J2:[3,4);J3:[4,5)","J1;J2;J3","3","J1;J2;J3","3","J0","1","J2;J3;J1","3","J1;J2;J3","3"
"5884","J0:[0,6);J1:[1,3);J2:[3,4);J3:[4,6)","J1;J2;J3","3","J1;J2;J3","3","J0","1","J2;J1;J3","3","J1;J2;J3","3"
"5885","J0:[0,6);J1:[1,3);J2:[3,4);J3:[5,6)","J1;J2;J3","3","J1;J2;J3","3","J0","1","J2;J3;J1","3","J1;J2;J3","3"
"5886","J0:[0,6);J1:[1,3);J2:[3,5);J3:[3,6)","J1;J2","2","J1;J2","2","J0","1","J1;J2","2","J1;J3","2"
"5887","J0:[0,6);J1:[1,3);J2:[3,5);J3:[4,5)","J1;J2","2","J1;J2","2","J0","1","J3;J1","2","J1;J3","2"
"5888","J0:[0,6);J1:[1,3);J2:[3,5);J3:[4,6)","J1;J2","2","J1;J2","2","J0","1","J1;J2","2","J1;J3","2"
"5889","J0:[0,6);J1:[1,3);J2:[3,5);J3:[5,6)","J1;J2;J3","3","J1;J2;J3","3","J0","1","J3;J1;J2","3","J1;J2;J3","3"
"5890","J0:[0,6);J1:[1,3);J2:[3,6);J3:[4,5)","J1;J2","2","J1;J3","2","J0","1","J3;J1","2","J1;J3","2"
"5891","J0:[0,6);J1:[1,3);J2:[3,6);J3:[4,6)","J1;J2","2","J1;J2","2","J0","1","J1;J3","2","J1;J3","2"
"5892","J0:[0,6);J1:[1,3);J2:[3,6);J3:[5,6)","J1;J2","2","J1;J2","2","J0","1","J3;J1","2","J1;J3","2"
"5893","J0:[0,6);J1:[1,3);J2:[4,5);J3:[4,6)","J1;J2","2","J1;J2","2","J0","1","J2;J1","2","J1;J3","2"
"5894","J0:[0,6);J1:[1,3);J2:[4,5);J3:[5,6)","J1;J2;J3","3","J1;J2;J3","3","J0","1","J2;J3;J1","3","J1;J2;J3","3"
"5895","J0:[0,6);J1:[1,3);J2:[4,6);J3:[5,6)","J1;J2","2","J1;J2","2","J0","1","J3;J1","2","J1;J3","2"
"5896","J0:[0,6);J1:[1,4);J2:[1,5);J3:[1,6)","J0","1","J1","1","J0","1","J1","1","J3","1"
"5897","J0:[0,6);J1:[1,4);J2:[1,5);J3:[2,3)","J0","1","J3","1","J0","1","J3","1","J3","1"
"5898","J0:[0,6);J1:[1,4);J2:[1,5);J3:[2,4)","J0","1","J1","1","J0","1","J3","1","J3","1"
"5899","J0:[0,6);J1:[1,4);J2:[1,5);J3:[2,5)","J0","1","J1","1","J0","1","J1","1","J3","1"
"5900","J0:[0,6);J1:[1,4);J2:[1,5);J3:[2,6)","J0","1","J1","1","J0","1","J1","1","J3","1"
"5901","J0:[0,6);J1:[1,4);J2:[1,5);J3:[3,4)","J0","1","J1","1","J0","1","J3","1","J3","1"
"5902","J0:[0,6);J1:[1,4);J2:[1,5);J3:[3,5)","J0","1","J1","1","J0","1","J3","1","J3","1"
"5903","J0:[0,6);J1:[1,4);J2:[1,5);J3:[3,6)","J0","1","J1","1","J0","1","J1","1","J3","1"
"5904","J0:[0,6);J1:[1,4);J2:[1,5);J3:[4,5)","J1;J3","2","J1;J3","2","J0","1","J3;J1","2","J1;J3","2"
"5905","J0:[0,6);J1:[1,4);J2:[1,5);J3:[4,6)","J1;J3","2","J1;J3","2","J0","1","J3;J1","2","J1;J3","2"
"5906","J0:[0,6);J1:[1,4);J2:[1,5);J3:[5,6)","J1;J3","2","J1;J3","2","J0","1","J3;J1","2","J2;J3","2"
"5907","J0:[0,6);J1:[1,4);J2:[1,6);J3:[2,3)","J0","1","J3","1","J0","1","J3","1","J3","1"
"5908","J0:[0,6);J1:[1,4);J2:[1,6);J3:[2,4)","J0","1","J1","1","J0","1","J3","1","J3","1"
"5909","J0:[0,6);J1:[1,4);J2:[1,6);J3:[2,5)","J0","1","J1","1","J0","1","J1","1","J3","1"
"5910","J0:[0,6);J1:[1,4);J2:[1,6);J3:[2,6)","J0","1","J1","1","J0","1","J1","1","J3","1"
"5911","J0:[0,6);J1:[1,4);J2:[1,6);J3:[3,4)","J0","1","J1","1","J0","1","J3","1","J3","1"
"5912","J0:[0,6);J1:[1,4);J2:[1,6);J3:[3,5)","J0","1","J1","1","J0","1","J3","1","J3","1"
"5913","J0:[0,6);J1:[1,4);J2:[1,6);J3:[3,6)","J0","1","J1","1","J0","1","J1","1","J3","1"
"5914","J0:[0,6);J1:[1,4);J2:[1,6);J3:[4,5)","J1;J3","2","J1;J3","2","J0","1","J3;J1","2","J1;J3","2"
"5915","J0:[0,6);J1:[1,4);J2:[1,6);J3:[4,6)","J1;J3","2","J1;J3","2","J0","1","J3;J1","2","J1;J3","2"
"5916","J0:[0,6);J1:[1,4);J2:[1,6);J3:[5,6)","J1;J3","2","J1;J3","2","J0","1","J3;J1","2","J1;J3","2"
"5917","J0:[0,6);J1:[1,4);J2:[2,3);J3:[2,4)","J0","1","J2","1","J0","1","J2","1","J3","1"
"5918","J0:[0,6);J1:[1,4);J2:[2,3);J3:[2,5)","J0","1","J2","1","J0","1","J2","1","J3","1"
"5919","J0:[0,6);J1:[1,4);J2:[2,3);J3:[2,6)","J0","1","J2","1","J0","1","J2","1","J3","1"
"5920","J0:[0,6);J1:[1,4);J2:[2,3);J3:[3,4)","J2;J3","2","J2;J3","2","J0","1","J2;J3","2","J2;J3","2"
"5921","J0:[0,6);J1:[1,4);J2:[2,3);J3:[3,5)","J2;J3","2","J2;J3","2","J0","1","J2;J3","2","J2;J3","2"
"5922","J0:[0,6);J1:[1,4);J2:[2,3);J3:[3,6)","J2;J3","2","J2;J3","2","J0","1","J2;J3","2","J2;J3","2"
"5923","J0:[0,6);J1:[1,4);J2:[2,3);J3:[4,5)","J1;J3","2","J2;J3","2","J0","1","J2;J3","2","J2;J3","2"
"5924","J0:[0,6);J1:[1,4);J2:[2,3);J3:[4,6)","J1;J3","2","J2;J3","2","J0","1","J2;J3","2","J2;J3","2"
"5925","J0:[0,6);J1:[1,4);J2:[2,3);J3:[5,6)","J1;J3","2","J2;J3","2","J0","1","J2;J3","2","J2;J3","2"
"5926","J0:[0,6);J1:[1,4);J2:[2,4);J3:[2,5)","J0","1","J1","1","J0","1","J2","1","J3","1"
"5927","J0:[0,6);J1:[1,4);J2:[2,4);J3:[2,6)","J0","1","J1","1","J0","1","J2","1","J3","1"
"5928","J0:[0,6);J1:[1,4);J2:[2,4);J3:[3,4)","J0","1","J1","1","J0","1","J3","1","J3","1"
"5929","J0:[0,6);J1:[1,4);J2:[2,4);J3:[3,5)","J0","1","J1","1","J0","1","J2","1","J3","1"
"5930","J0:[0,6);J1:[1,4);J2:[2,4);J3:[3,6)","J0","1","J1","1","J0","1","J2","1","J3","1"
"5931","J0:[0,6);J1:[1,4);J2:[2,4);J3:[4,5)","J1;J3","2","J1;J3","2","J0","1","J3;J2","2","J2;J3","2"
"5932","J0:[0,6);J1:[1,4);J2:[2,4);J3:[4,6)","J1;J3","2","J1;J3","2","J0","1","J2;J3","2","J2;J3","2"
"5933","J0:[0,6);J1:[1,4);J2:[2,4);J3:[5,6)","J1;J3","2","J1;J3","2","J0","1","J3;J2","2","J2;J3","2"
"5934","J0:[0,6);J1:[1,4);J2:[2,5);J3:[2,6)","J0","1","J1","1","J0","1","J1","1","J3","1"
"5935","J0:[0,6);J1:[1,4);J2:[2,5);J3:[3,4)","J0","1","J1","1","J0","1","J3","1","J3","1"
"5936","J0:[0,6);J1:[1,4);J2:[2,5);J3:[3,5)","J0","1","J1","1","J0","1","J3","1","J3","1"
"5937","J0:[0,6);J1:[1,4);J2:[2,5);J3:[3,6)","J0","1","J1","1","J0","1","J1","1","J3","1"
"5938","J0:[0,6);J1:[1,4);J2:[2,5);J3:[4,5)","J1;J3","2","J1;J3","2","J0","1","J3;J1","2","J1;J3","2"
"5939","J0:[0,6);J1:[1,4);J2:[2,5);J3:[4,6)","J1;J3","2","J1;J3","2","J0","1","J3;J1","2","J1;J3","2"
"5940","J0:[0,6);J1:[1,4);J2:[2,5);J3:[5,6)","J1;J3","2","J1;J3","2","J0","1","J3;J1","2","J2;J3","2"
"5941","J0:[0,6);J1:[1,4);J2:[2,6);J3:[3,4)","J0","1","J1","1","J0","1","J3","1","J3","1"
"5942","J0:[0,6);J1:[1,4);J2:[2,6);J3:[3,5)","J0","1","J1","1","J0","1","J3","1","J3","1"
"5943","J0:[0,6);J1:[1,4);J2:[2,6);J3:[3,6)","J0","1","J1","1","J0","1","J1","1","J3","1"
"5944","J0:[0,6);J1:[1,4);J2:[2,6);J3:[4,5)","J1;J3","2","J1;J3","2","J0","1","J3;J1","2","J1;J3","2"
"5945","J0:[0,6);J1:[1,4);J2:[2,6);J3:[4,6)","J1;J3","2","J1;J3","2","J0","1","J3;J1","2","J1;J3","2"
"5946","J0:[0,6);J1:[1,4);J2:[2,6);J3:[5,6)","J1;J3","2","J1;J3","2","J0","1","J3;J1","2","J1;J3","2"
"5947","J0:[0,6);J1:[1,4);J2:[3,4);J3:[3,5)","J0","1","J1","1","J0","1","J2","1","J3","1"
"5948","J0:[0,6);J1:[1,4);J2:[3,4);J3:[3,6)","J0","1","J1","1","J0","1","J2","1","J3","1"
"5949","J0:[0,6);J1:[1,4);J2:[3,4);J3:[4,5)","J1;J3","2","J1;J3","2","J0","1","J2;J3","2","J2;J3","2"
"5950","J0:[0,6);J1:[1,4);J2:[3,4);J3:[4,6)","J1;J3","2","J1;J3","2","J0","1","J2;J3","2","J2;J3","2"
"5951","J0:[0,6);J1:[1,4);J2:[3,4);J3:[5,6)","J1;J3","2","J1;J3","2","J0","1","J2;J3","2","J2;J3","2"
"5952","J0:[0,6);J1:[1,4);J2:[3,5);J3:[3,6)","J0","1","J1","1","J0","1","J2","1","J3","1"
"5953","J0:[0,6);J1:[1,4);J2:[3,5);J3:[4,5)","J1;J3","2","J1;J3","2","J0","1","J3;J1","2","J1;J3","2"
"5954","J0:[0,6);J1:[1,4);J2:[3,5);J3:[4,6)","J1;J3","2","J1;J3","2","J0","1","J2","1","J1;J3","2"
"5955","J0:[0,6);J1:[1,4);J2:[3,5);J3:[5,6)","J1;J3","2","J1;J3","2","J0","1","J3;J2","2","J2;J3","2"
"5956","J0:[0,6);J1:[1,4);J2:[3,6);J3:[4,5)","J1;J3","2","J1;J3","2","J0","1","J3;J1","2","J1;J3","2"
"5957","J0:[0,6);J1:[1,4);J2:[3,6);J3:[4,6)","J1;J3","2","J1;J3","2","J0","1","J3;J1","2","J1;J3","2"
"5958","J0:[0,6);J1:[1,4);J2:[3,6);J3:[5,6)","J1;J3","2","J1;J3","2","J0","1","J3;J1","2","J1;J3","2"
"5959","J0:[0,6);J1:[1,4);J2:[4,5);J3:[4,6)","J1;J2","2","J1;J2","2","J0","1","J2;J1","2","J1;J3","2"
"5960","J0:[0,6);J1:[1,4);J2:[4,5);J3:[5,6)","J1;J2;J3","3","J1;J2;J3","3","J0","1","J2;J3;J1","3","J1;J2;J3","3"
"5961","J0:[0,6);J1:[1,4);J2:[4,6);J3:[5,6)","J1;J2","2","J1;J2","2","J0","1","J3;J1","2","J1;J3","2"
"5962","J0:[0,6);J1:[1,5);J2:[1,6);J3:[2,3)","J0","1","J3","1","J0","1","J3","1","J3","1"
"5963","J0:[0,6);J1:[1,5);J2:[1,6);J3:[2,4)","J0","1","J3","1","J0","1","J3","1","J3","1"
"5964","J0:[0,6);J1:[1,5);J2:[1,6);J3:[2,5)","J0","1","J1","1","J0","1","J3","1","J3","1"
"5965","J0:[0,6);J1:[1,5);J2:[1,6);J3:[2,6)","J0","1","J1","1","J0","1","J1","1","J3","1"
"5966","J0:[0,6);J1:[1,5);J2:[1,6);J3:[3,4)","J0","1","J3","1","J0","1","J3","1","J3","1"
"5967","J0:[0,6);J1:[1,5);J2:[1,6);J3:[3,5)","J0","1","J1","1","J0","1","J3","1","J3","1"
"5968","J0:[0,6);J1:[1,5);J2:[1,6);J3:[3,6)","J0","1","J1","1","J0","1","J3","1","J3","1"
"5969","J0:[0,6);J1:[1,5);J2:[1,6);J3:[4,5)","J0","1","J1","1","J0","1","J3","1","J3","1"
"5970","J0:[0,6);J1:[1,5);J2:[1,6);J3:[4,6)","J0","1","J1","1","J0","1","J3","1","J3","1"
"5971","J0:[0,6);J1:[1,5);J2:[1,6);J3:[5,6)","J1;J3","2","J1;J3","2","J0","1","J3;J1","2","J1;J3","2"
"5972","J0:[0,6);J1:[1,5);J2:[2,3);J3:[2,4)","J0","1","J2","1","J0","1","J2","1","J3","1"
"5973","J0:[0,6);J1:[1,5);J2:[2,3);J3:[2,5)","J0","1","J2","1","J0","1","J2","1","J3","1"
"5974","J0:[0,6);J1:[1,5);J2:[2,3);J3:[2,6)","J0","1","J2","1","J0","1","J2","1","J3","1"
"5975","J0:[0,6);J1:[1,5);J2:[2,3);J3:[3,4)","J2;J3","2","J2;J3","2","J0","1","J2;J3","2","J2;J3","2"
"5976","J0:[0,6);J1:[1,5);J2:[2,3);J3:[3,5)","J2;J3","2","J2;J3","2","J0","1","J2;J3","2","J2;J3","2"
"5977","J0:[0,6);J1:[1,5);J2:[2,3);J3:[3,6)","J2;J3","2","J2;J3","2","J0","1","J2;J3","2","J2;J3","2"
"5978","J0:[0,6);J1:[1,5);J2:[2,3);J3:[4,5)","J2;J3","2","J2;J3","2","J0","1","J2;J3","2","J2;J3","2"
"5979","J0:[0,6);J1:[1,5);J2:[2,3);J3:[4,6)","J2;J3","2","J2;J3","2","J0","1","J2;J3","2","J2;J3","2"
"5980","J0:[0,6);J1:[1,5);J2:[2,3);J3:[5,6)","J1;J3","2","J2;J3","2","J0","1","J2;J3","2","J2;J3","2"
"5981","J0:[0,6);J1:[1,5);J2:[2,4);J3:[2,5)","J0","1","J2","1","J0","1","J2","1","J3","1"
"5982","J0:[0,6);J1:[1,5);J2:[2,4);J3:[2,6)","J0","1","J2","1","J0","1","J2","1","J3","1"
"5983","J0:[0,6);J1:[1,5);J2:[2,4);J3:[3,4)","J0","1","J2","1","J0","1","J3","1","J3","1"
"5984","J0:[0,6);J1:[1,5);J2:[2,4);J3:[3,5)","J0","1","J2","1","J0","1","J2","1","J3","1"
"5985","J0:[0,6);J1:[1,5);J2:[2,4);J3:[3,6)","J0","1","J2","1","J0","1","J2","1","J3","1"
"5986","J0:[0,6);J1:[1,5);J2:[2,4);J3:[4,5)","J2;J3","2","J2;J3","2","J0","1","J3;J2","2","J2;J3","2"
"5987","J0:[0,6);J1:[1,5);J2:[2,4);J3:[4,6)","J2;J3","2","J2;J3","2","J0","1","J2;J3","2","J2;J3","2"
"5988","J0:[0,6);J1:[1,5);J2:[2,4);J3:[5,6)","J1;J3","2","J2;J3","2","J0","1","J3;J2","2","J2;J3","2"
"5989","J0:[0,6);J1:[1,5);J2:[2,5);J3:[2,6)","J0","1","J1","1","J0","1","J2","1","J3","1"
"5990","J0:[0,6);J1:[1,5);J2:[2,5);J3:[3,4)","J0","1","J3","1","J0","1","J3","1","J3","1"
"5991","J0:[0,6);J1:[1,5);J2:[2,5);J3:[3,5)","J0","1","J1","1","J0","1","J3","1","J3","1"
"5992","J0:[0,6);J1:[1,5);J2:[2,5);J3:[3,6)","J0","1","J1","1","J0","1","J2","1","J3","1"
"5993","J0:[0,6);J1:[1,5);J2:[2,5);J3:[4,5)","J0","1","J1","1","J0","1","J3","1","J3","1"
"5994","J0:[0,6);J1:[1,5);J2:[2,5);J3:[4,6)","J0","1","J1","1","J0","1","J3","1","J3","1"
"5995","J0:[0,6);J1:[1,5);J2:[2,5);J3:[5,6)","J1;J3","2","J1;J3","2","J0","1","J3;J2","2","J2;J3","2"
"5996","J0:[0,6);J1:[1,5);J2:[2,6);J3:[3,4)","J0","1","J3","1","J0","1","J3","1","J3","1"
"5997","J0:[0,6);J1:[1,5);J2:[2,6);J3:[3,5)","J0","1","J1","1","J0","1","J3","1","J3","1"
"5998","J0:[0,6);J1:[1,5);J2:[2,6);J3:[3,6)","J0","1","J1","1","J0","1","J3","1","J3","1"
"5999","J0:[0,6);J1:[1,5);J2:[2,6);J3:[4,5)","J0","1","J1","1","J0","1","J3","1","J3","1"
"6000","J0:[0,6);J1:[1,5);J2:[2,6);J3:[4,6)","J0","1","J1","1","J0","1","J3","1","J3","1"
"6001","J0:[0,6);J1:[1,5);J2:[2,6);J3:[5,6)","J1;J3","2","J1;J3","2","J0","1","J3;J1","2","J1;J3","2"
"6002","J0:[0,6);J1:[1,5);J2:[3,4);J3:[3,5)","J0","1","J2","1","J0","1","J2","1","J3","1"
"6003","J0:[0,6);J1:[1,5);J2:[3,4);J3:[3,6)","J0","1","J2","1","J0","1","J2","1","J3","1"
"6004","J0:[0,6);J1:[1,5);J2:[3,4);J3:[4,5)","J2;J3","2","J2;J3","2","J0","1","J2;J3","2","J2;J3","2"
"6005","J0:[0,6);J1:[1,5);J2:[3,4);J3:[4,6)","J2;J3","2","J2;J3","2","J0","1","J2;J3","2","J2;J3","2"
"6006","J0:[0,6);J1:[1,5);J2:[3,4);J3:[5,6)","J1;J3","2","J2;J3","2","J0","1","J2;J3","2","J2;J3","2"
"6007","J0:[0,6);J1:[1,5);J2:[3,5);J3:[3,6)","J0","1","J1","1","J0","1","J2","1","J3","1"
"6008","J0:[0,6);J1:[1,5);J2:[3,5);J3:[4,5)","J0","1","J1","1","J0","1","J3","1","J3","1"
"6009","J0:[0,6);J1:[1,5);J2:[3,5);J3:[4,6)","J0","1","J1","1","J0","1","J2","1","J3","1"
"6010","J0:[0,6);J1:[1,5);J2:[3,5);J3:[5,6)","J1;J3","2","J1;J3","2","J0","1","J3;J2","2","J2;J3","2"
"6011","J0:[0,6);J1:[1,5);J2:[3,6);J3:[4,5)","J0","1","J1","1","J0","1","J3","1","J3","1"
"6012","J0:[0,6);J1:[1,5);J2:[3,6);J3:[4,6)","J0","1","J1","1","J0","1","J3","1","J3","1"
"6013","J0:[0,6);J1:[1,5);J2:[3,6);J3:[5,6)","J1;J3","2","J1;J3","2","J0","1","J3;J1","2","J1;J3","2"
"6014","J0:[0,6);J1:[1,5);J2:[4,5);J3:[4,6)","J0","1","J1","1","J0","1","J2","1","J3","1"
"6015","J0:[0,6);J1:[1,5);J2:[4,5);J3:[5,6)","J1;J3","2","J1;J3","2","J0","1","J2;J3","2","J2;J3","2"
"6016","J0:[0,6);J1:[1,5);J2:[4,6);J3:[5,6)","J1;J3","2","J1;J3","2","J0","1","J3;J1","2","J1;J3","2"
"6017","J0:[0,6);J1:[1,6);J2:[2,3);J3:[2,4)","J0","1","J2","1","J0","1","J2","1","J3","1"
"6018","J0:[0,6);J1:[1,6);J2:[2,3);J3:[2,5)","J0","1","J2","1","J0","1","J2","1","J3","1"
"6019","J0:[0,6);J1:[1,6);J2:[2,3);J3:[2,6)","J0","1","J2","1","J0","1","J2","1","J3","1"
"6020","J0:[0,6);J1:[1,6);J2:[2,3);J3:[3,4)","J2;J3","2","J2;J3","2","J0","1","J2;J3","2","J2;J3","2"
"6021","J0:[0,6);J1:[1,6);J2:[2,3);J3:[3,5)","J2;J3","2","J2;J3","2","J0","1","J2;J3","2","J2;J3","2"
"6022","J0:[0,6);J1:[1,6);J2:[2,3);J3:[3,6)","J2;J3","2","J2;J3","2","J0","1","J2;J3","2","J2;J3","2"
"6023","J0:[0,6);J1:[1,6);J2:[2,3);J3:[4,5)","J2;J3","2","J2;J3","2","J0","1","J2;J3","2","J2;J3","2"
"6024","J0:[0,6);J1:[1,6);J2:[2,3);J3:[4,6)","J2;J3","2","J2;J3","2","J0","1","J2;J3","2","J2;J3","2"
"6025","J0:[0,6);J1:[1,6);J2:[2,3);J3:[5,6)","J2;J3","2","J2;J3","2","J0","1","J2;J3","2","J2;J3","2"
"6026","J0:[0,6);J1:[1,6);J2:[2,4);J3:[2,5)","J0","1","J2","1","J0","1","J2","1","J3","1"
"6027","J0:[0,6);J1:[1,6);J2:[2,4);J3:[2,6)","J0","1","J2","1","J0","1","J2","1","J3","1"
"6028","J0:[0,6);J1:[1,6);J2:[2,4);J3:[3,4)","J0","1","J2","1","J0","1","J3","1","J3","1"
"6029","J0:[0,6);J1:[1,6);J2:[2,4);J3:[3,5)","J0","1","J2","1","J0","1","J2","1","J3","1"
"6030","J0:[0,6);J1:[1,6);J2:[2,4);J3:[3,6)","J0","1","J2","1","J0","1","J2","1","J3","1"
"6031","J0:[0,6);J1:[1,6);J2:[2,4);J3:[4,5)","J2;J3","2","J2;J3","2","J0","1","J3;J2","2","J2;J3","2"
"6032","J0:[0,6);J1:[1,6);J2:[2,4);J3:[4,6)","J2;J3","2","J2;J3","2","J0","1","J2;J3","2","J2;J3","2"
"6033","J0:[0,6);J1:[1,6);J2:[2,4);J3:[5,6)","J2;J3","2","J2;J3","2","J0","1","J3;J2","2","J2;J3","2"
"6034","J0:[0,6);J1:[1,6);J2:[2,5);J3:[2,6)","J0","1","J2","1","J0","1","J2","1","J3","1"
"6035","J0:[0,6);J1:[1,6);J2:[2,5);J3:[3,4)","J0","1","J3","1","J0","1","J3","1","J3","1"
"6036","J0:[0,6);J1:[1,6);J2:[2,5);J3:[3,5)","J0","1","J2","1","J0","1","J3","1","J3","1"
"6037","J0:[0,6);J1:[1,6);J2:[2,5);J3:[3,6)","J0","1","J2","1","J0","1","J2","1","J3","1"
"6038","J0:[0,6);J1:[1,6);J2:[2,5);J3:[4,5)","J0","1","J2","1","J0","1","J3","1","J3","1"
"6039","J0:[0,6);J1:[1,6);J2:[2,5);J3:[4,6)","J0","1","J2","1","J0","1","J3","1","J3","1"
"6040","J0:[0,6);J1:[1,6);J2:[2,5);J3:[5,6)","J2;J3","2","J2;J3","2","J0","1","J3;J2","2","J2;J3","2"
"6041","J0:[0,6);J1:[1,6);J2:[2,6);J3:[3,4)","J0","1","J3","1","J0","1","J3","1","J3","1"
"6042","J0:[0,6);J1:[1,6);J2:[2,6);J3:[3,5)","J0","1","J3","1","J0","1","J3","1","J3","1"
"6043","J0:[0,6);J1:[1,6);J2:[2,6);J3:[3,6)","J0","1","J0","1","J0","1","J3","1","J3","1"
"6044","J0:[0,6);J1:[1,6);J2:[2,6);J3:[4,5)","J0","1","J3","1","J0","1","J3","1","J3","1"
"6045","J0:[0,6);J1:[1,6);J2:[2,6);J3:[4,6)","J0","1","J0","1","J0","1","J3","1","J3","1"
"6046","J0:[0,6);J1:[1,6);J2:[2,6);J3:[5,6)","J0","1","J0","1","J0","1","J3","1","J3","1"
"6047","J0:[0,6);J1:[1,6);J2:[3,4);J3:[3,5)","J0","1","J2","1","J0","1","J2","1","J3","1"
"6048","J0:[0,6);J1:[1,6);J2:[3,4);J3:[3,6)","J0","1","J2","1","J0","1","J2","1","J3","1"
"6049","J0:[0,6);J1:[1,6);J2:[3,4);J3:[4,5)","J2;J3","2","J2;J3","2","J0","1","J2;J3","2","J2;J3","2"
"6050","J0:[0,6);J1:[1,6);J2:[3,4);J3:[4,6)","J2;J3","2","J2;J3","2","J0","1","J2;J3","2","J2;J3","2"
"6051","J0:[0,6);J1:[1,6);J2:[3,4);J3:[5,6)","J2;J3","2","J2;J3","2","J0","1","J2;J3","2","J2;J3","2"
"6052","J0:[0,6);J1:[1,6);J2:[3,5);J3:[3,6)","J0","1","J2","1","J0","1","J2","1","J3","1"
"6053","J0:[0,6);J1:[1,6);J2:[3,5);J3:[4,5)","J0","1","J2","1","J0","1","J3","1","J3","1"
"6054","J0:[0,6);J1:[1,6);J2:[3,5);J3:[4,6)","J0","1","J2","1","J0","1","J2","1","J3","1"
"6055","J0:[0,6);J1:[1,6);J2:[3,5);J3:[5,6)","J2;J3","2","J2;J3","2","J0","1","J3;J2","2","J2;J3","2"
"6056","J0:[0,6);J1:[1,6);J2:[3,6);J3:[4,5)","J0","1","J3","1","J0","1","J3","1","J3","1"
"6057","J0:[0,6);J1:[1,6);J2:[3,6);J3:[4,6)","J0","1","J0","1","J0","1","J3","1","J3","1"
"6058","J0:[0,6);J1:[1,6);J2:[3,6);J3:[5,6)","J0","1","J0","1","J0","1","J3","1","J3","1"
"6059","J0:[0,6);J1:[1,6);J2:[4,5);J3:[4,6)","J0","1","J2","1","J0","1","J2","1","J3","1"
"6060","J0:[0,6);J1:[1,6);J2:[4,5);J3:[5,6)","J2;J3","2","J2;J3","2","J0","1","J2;J3","2","J2;J3","2"
"6061","J0:[0,6);J1:[1,6);J2:[4,6);J3:[5,6)","J0","1","J0","1","J0","1","J3","1","J3","1"
"6062","J0:[0,6);J1:[2,3);J2:[2,4);J3:[2,5)","J0","1","J1","1","J0","1","J1","1","J3","1"
"6063","J0:[0,6);J1:[2,3);J2:[2,4);J3:[2,6)","J0","1","J1","1","J0","1","J1","1","J3","1"
"6064","J0:[0,6);J1:[2,3);J2:[2,4);J3:[3,4)","J1;J3","2","J1;J3","2","J0","1","J1;J3","2","J1;J3","2"
"6065","J0:[0,6);J1:[2,3);J2:[2,4);J3:[3,5)","J1;J3","2","J1;J3","2","J0","1","J1;J3","2","J1;J3","2"
"6066","J0:[0,6);J1:[2,3);J2:[2,4);J3:[3,6)","J1;J3","2","J1;J3","2","J0","1","J1;J3","2","J1;J3","2"
"6067","J0:[0,6);J1:[2,3);J2:[2,4);J3:[4,5)","J1;J3","2","J1;J3","2","J0","1","J1;J3","2","J2;J3","2"
"6068","J0:[0,6);J1:[2,3);J2:[2,4);J3:[4,6)","J1;J3","2","J1;J3","2","J0","1","J1;J3","2","J2;J3","2"
"6069","J0:[0,6);J1:[2,3);J2:[2,4);J3:[5,6)","J1;J3","2","J1;J3","2","J0","1","J1;J3","2","J2;J3","2"
"6070","J0:[0,6);J1:[2,3);J2:[2,5);J3:[2,6)","J0","1","J1","1","J0","1","J1","1","J3","1"
"6071","J0:[0,6);J1:[2,3);J2:[2,5);J3:[3,4)","J1;J3","2","J1;J3","2","J0","1","J1;J3","2","J1;J3","2"
"6072","J0:[0,6);J1:[2,3);J2:[2,5);J3:[3,5)","J1;J3","2","J1;J3","2","J0","1","J1;J3","2","J1;J3","2"
"6073","J0:[0,6);J1:[2,3);J2:[2,5);J3:[3,6)","J1;J3","2","J1;J3","2","J0","1","J1;J3","2","J1;J3","2"
"6074","J0:[0,6);J1:[2,3);J2:[2,5);J3:[4,5)","J1;J3","2","J1;J3","2","J0","1","J1;J3","2","J1;J3","2"
"6075","J0:[0,6);J1:[2,3);J2:[2,5);J3:[4,6)","J1;J3","2","J1;J3","2","J0","1","J1;J3","2","J1;J3","2"
"6076","J0:[0,6);J1:[2,3);J2:[2,5);J3:[5,6)","J1;J3","2","J1;J3","2","J0","1","J1;J3","2","J2;J3","2"
"6077","J0:[0,6);J1:[2,3);J2:[2,6);J3:[3,4)","J1;J3","2","J1;J3","2","J0","1","J1;J3","2","J1;J3","2"
"6078","J0:[0,6);J1:[2,3);J2:[2,6);J3:[3,5)","J1;J3","2","J1;J3","2","J0","1","J1;J3","2","J1;J3","2"
"6079","J0:[0,6);J1:[2,3);J2:[2,6);J3:[3,6)","J1;J3","2","J1;J3","2","J0","1","J1;J3","2","J1;J3","2"
"6080","J0:[0,6);J1:[2,3);J2:[2,6);J3:[4,5)","J1;J3","2","J1;J3","2","J0","1","J1;J3","2","J1;J3","2"
"6081","J0:[0,6);J1:[2,3);J2:[2,6);J3:[4,6)","J1;J3","2","J1;J3","2","J0","1","J1;J3","2","J1;J3","2"
"6082","J0:[0,6);J1:[2,3);J2:[2,6);J3:[5,6)","J1;J3","2","J1;J3","2","J0","1","J1;J3","2","J1;J3","2"
"6083","J0:[0,6);J1:[2,3);J2:[3,4);J3:[3,5)","J1;J2","2","J1;J2","2","J0","1","J1;J2","2","J1;J3","2"
"6084","J0:[0,6);J1:[2,3);J2:[3,4);J3:[3,6)","J1;J2","2","J1;J2","2","J0","1","J1;J2","2","J1;J3","2"
"6085","J0:[0,6);J1:[2,3);J2:[3,4);J3:[4,5)","J1;J2;J3","3","J1;J2;J3","3","J0","1","J1;J2;J3","3","J1;J2;J3","3"
"6086","J0:[0,6);J1:[2,3);J2:[3,4);J3:[4,6)","J1;J2;J3","3","J1;J2;J3","3","J0","1","J1;J2;J3","3","J1;J2;J3","3"
"6087","J0:[0,6);J1:[2,3);J2:[3,4);J3:[5,6)","J1;J2;J3","3","J1;J2;J3","3","J0","1","J1;J2;J3","3","J1;J2;J3","3"
"6088","J0:[0,6);J1:[2,3);J2:[3,5);J3:[3,6)","J1;J2","2","J1;J2","2","J0","1","J1;J2","2","J1;J3","2"
"6089","J0:[0,6);J1:[2,3);J2:[3,5);J3:[4,5)","J1;J2","2","J1;J2","2","J0","1","J1;J3","2","J1;J3","2"
"6090","J0:[0,6);J1:[2,3);J2:[3,5);J3:[4,6)","J1;J2","2","J1;J2","2","J0","1","J1;J2","2","J1;J3","2"
"6091","J0:[0,6);J1:[2,3);J2:[3,5);J3:[5,6)","J1;J2;J3","3","J1;J2;J3","3","J0","1","J1;J3;J2","3","J1;J2;J3","3"
"6092","J0:[0,6);J1:[2,3);J2:[3,6);J3:[4,5)","J1;J2","2","J1;J3","2","J0","1","J1;J3","2","J1;J3","2"
"6093","J0:[0,6);J1:[2,3);J2:[3,6);J3:[4,6)","J1;J2","2","J1;J2","2","J0","1","J1;J3","2","J1;J3","2"
"6094","J0:[0,6);J1:[2,3);J2:[3,6);J3:[5,6)","J1;J2","2","J1;J2","2","J0","1","J1;J3","2","J1;J3","2"
"6095","J0:[0,6);J1:[2,3);J2:[4,5);J3:[4,6)","J1;J2","2","J1;J2","2","J0","1","J1;J2","2","J1;J3","2"
"6096","J0:[0,6);J1:[2,3);J2:[4,5);J3:[5,6)","J1;J2;J3","3","J1;J2;J3","3","J0","1","J1;J2;J3","3","J1;J2;J3","3"
"6097","J0:[0,6);J1:[2,3);J2:[4,6);J3:[5,6)","J1;J2","2","J1;J2","2","J0","1","J1;J3","2","J1;J3","2"
"6098","J0:[0,6);J1:[2,4);J2:[2,5);J3:[2,6)","J0","1","J1","1","J0","1","J1","1","J3","1"
"6099","J0:[0,6);J1:[2,4);J2:[2,5);J3:[3,4)","J0","1","J1","1","J0","1","J3","1","J3","1"
"6100","J0:[0,6);J1:[2,4);J2:[2,5);J3:[3,5)","J0","1","J1","1","J0","1","J1","1","J3","1"
"6101","J0:[0,6);J1:[2,4);J2:[2,5);J3:[3,6)","J0","1","J1","1","J0","1","J1","1","J3","1"
"6102","J0:[0,6);J1:[2,4);J2:[2,5);J3:[4,5)","J1;J3","2","J1;J3","2","J0","1","J3;J1","2","J1;J3","2"
"6103","J0:[0,6);J1:[2,4);J2:[2,5);J3:[4,6)","J1;J3","2","J1;J3","2","J0","1","J1;J3","2","J1;J3","2"
"6104","J0:[0,6);J1:[2,4);J2:[2,5);J3:[5,6)","J1;J3","2","J1;J3","2","J0","1","J3;J1","2","J2;J3","2"
"6105","J0:[0,6);J1:[2,4);J2:[2,6);J3:[3,4)","J0","1","J1","1","J0","1","J3","1","J3","1"
"6106","J0:[0,6);J1:[2,4);J2:[2,6);J3:[3,5)","J0","1","J1","1","J0","1","J1","1","J3","1"
"6107","J0:[0,6);J1:[2,4);J2:[2,6);J3:[3,6)","J0","1","J1","1","J0","1","J1","1","J3","1"
"6108","J0:[0,6);J1:[2,4);J2:[2,6);J3:[4,5)","J1;J3","2","J1;J3","2","J0","1","J3;J1","2","J1;J3","2"
"6109","J0:[0,6);J1:[2,4);J2:[2,6);J3:[4,6)","J1;J3","2","J1;J3","2","J0","1","J1;J3","2","J1;J3","2"
"6110","J0:[0,6);J1:[2,4);J2:[2,6);J3:[5,6)","J1;J3","2","J1;J3","2","J0","1","J3;J1","2","J1;J3","2"
"6111","J0:[0,6);J1:[2,4);J2:[3,4);J3:[3,5)","J0","1","J1","1","J0","1","J2","1","J3","1"
"6112","J0:[0,6);J1:[2,4);J2:[3,4);J3:[3,6)","J0","1","J1","1","J0","1","J2","1","J3","1"
"6113","J0:[0,6);J1:[2,4);J2:[3,4);J3:[4,5)","J1;J3","2","J1;J3","2","J0","1","J2;J3","2","J2;J3","2"
"6114","J0:[0,6);J1:[2,4);J2:[3,4);J3:[4,6)","J1;J3","2","J1;J3","2","J0","1","J2;J3","2","J2;J3","2"
"6115","J0:[0,6);J1:[2,4);J2:[3,4);J3:[5,6)","J1;J3","2","J1;J3","2","J0","1","J2;J3","2","J2;J3","2"
"6116","J0:[0,6);J1:[2,4);J2:[3,5);J3:[3,6)","J0","1","J1","1","J0","1","J1","1","J3","1"
"6117","J0:[0,6);J1:[2,4);J2:[3,5);J3:[4,5)","J1;J3","2","J1;J3","2","J0","1","J3;J1","2","J1;J3","2"
"6118","J0:[0,6);J1:[2,4);J2:[3,5);J3:[4,6)","J1;J3","2","J1;J3","2","J0","1","J1;J3","2","J1;J3","2"
"6119","J0:[0,6);J1:[2,4);J2:[3,5);J3:[5,6)","J1;J3","2","J1;J3","2","J0","1","J3;J1","2","J2;J3","2"
"6120","J0:[0,6);J1:[2,4);J2:[3,6);J3:[4,5)","J1;J3","2","J1;J3","2","J0","1","J3;J1","2","J1;J3","2"
"6121","J0:[0,6);J1:[2,4);J2:[3,6);J3:[4,6)","J1;J3","2","J1;J3","2","J0","1","J1;J3","2","J1;J3","2"
"6122","J0:[0,6);J1:[2,4);J2:[3,6);J3:[5,6)","J1;J3","2","J1;J3","2","J0","1","J3;J1","2","J1;J3","2"
"6123","J0:[0,6);J1:[2,4);J2:[4,5);J3:[4,6)","J1;J2","2","J1;J2","2","J0","1","J2;J1","2","J1;J3","2"
"6124","J0:[0,6);J1:[2,4);J2:[4,5);J3:[5,6)","J1;J2;J3","3","J1;J2;J3","3","J0","1","J2;J3;J1","3","J1;J2;J3","3"
"6125","J0:[0,6);J1:[2,4);J2:[4,6);J3:[5,6)","J1;J2","2","J1;J2","2","J0","1","J3;J1","2","J1;J3","2"
"6126","J0:[0,6);J1:[2,5);J2:[2,6);J3:[3,4)","J0","1","J3","1","J0","1","J3","1","J3","1"
"6127","J0:[0,6);J1:[2,5);J2:[2,6);J3:[3,5)","J0","1","J1","1","J0","1","J3","1","J3","1"
"6128","J0:[0,6);J1:[2,5);J2:[2,6);J3:[3,6)","J0","1","J1","1","J0","1","J1","1","J3","1"
"6129","J0:[0,6);J1:[2,5);J2:[2,6);J3:[4,5)","J0","1","J1","1","J0","1","J3","1","J3","1"
"6130","J0:[0,6);J1:[2,5);J2:[2,6);J3:[4,6)","J0","1","J1","1","J0","1","J3","1","J3","1"
"6131","J0:[0,6);J1:[2,5);J2:[2,6);J3:[5,6)","J1;J3","2","J1;J3","2","J0","1","J3;J1","2","J1;J3","2"
"6132","J0:[0,6);J1:[2,5);J2:[3,4);J3:[3,5)","J0","1","J2","1","J0","1","J2","1","J3","1"
"6133","J0:[0,6);J1:[2,5);J2:[3,4);J3:[3,6)","J0","1","J2","1","J0","1","J2","1","J3","1"
"6134","J0:[0,6);J1:[2,5);J2:[3,4);J3:[4,5)","J2;J3","2","J2;J3","2","J0","1","J2;J3","2","J2;J3","2"
"6135","J0:[0,6);J1:[2,5);J2:[3,4);J3:[4,6)","J2;J3","2","J2;J3","2","J0","1","J2;J3","2","J2;J3","2"
"6136","J0:[0,6);J1:[2,5);J2:[3,4);J3:[5,6)","J1;J3","2","J2;J3","2","J0","1","J2;J3","2","J2;J3","2"
"6137","J0:[0,6);J1:[2,5);J2:[3,5);J3:[3,6)","J0","1","J1","1","J0","1","J2","1","J3","1"
"6138","J0:[0,6);J1:[2,5);J2:[3,5);J3:[4,5)","J0","1","J1","1","J0","1","J3","1","J3","1"
"6139","J0:[0,6);J1:[2,5);J2:[3,5);J3:[4,6)","J0","1","J1","1","J0","1","J2","1","J3","1"
"6140","J0:[0,6);J1:[2,5);J2:[3,5);J3:[5,6)","J1;J3","2","J1;J3","2","J0","1","J3;J2","2","J2;J3","2"
"6141","J0:[0,6);J1:[2,5);J2:[3,6);J3:[4,5)","J0","1","J1","1","J0","1","J3","1","J3","1"
"6142","J0:[0,6);J1:[2,5);J2:[3,6);J3:[4,6)","J0","1","J1","1","J0","1","J3","1","J3","1"
"6143","J0:[0,6);J1:[2,5);J2:[3,6);J3:[5,6)","J1;J3","2","J1;J3","2","J0","1","J3;J1","2","J1;J3","2"
"6144","J0:[0,6);J1:[2,5);J2:[4,5);J3:[4,6)","J0","1","J1","1","J0","1","J2","1","J3","1"
"6145","J0:[0,6);J1:[2,5);J2:[4,5);J3:[5,6)","J1;J3","2","J1;J3","2","J0","1","J2;J3","2","J2;J3","2"
"6146","J0:[0,6);J1:[2,5);J2:[4,6);J3:[5,6)","J1;J3","2","J1;J3","2","J0","1","J3;J1","2","J1;J3","2"
"6147","J0:[0,6);J1:[2,6);J2:[3,4);J3:[3,5)","J0","1","J2","1","J0","1","J2","1","J3","1"
"6148","J0:[0,6);J1:[2,6);J2:[3,4);J3:[3,6)","J0","1","J2","1","J0","1","J2","1","J3","1"
"6149","J0:[0,6);J1:[2,6);J2:[3,4);J3:[4,5)","J2;J3","2","J2;J3","2","J0","1","J2;J3","2","J2;J3","2"
"6150","J0:[0,6);J1:[2,6);J2:[3,4);J3:[4,6)","J2;J3","2","J2;J3","2","J0","1","J2;J3","2","J2;J3","2"
"6151","J0:[0,6);J1:[2,6);J2:[3,4);J3:[5,6)","J2;J3","2","J2;J3","2","J0","1","J2;J3","2","J2;J3","2"
"6152","J0:[0,6);J1:[2,6);J2:[3,5);J3:[3,6)","J0","1","J2","1","J0","1","J2","1","J3","1"
"6153","J0:[0,6);J1:[2,6);J2:[3,5);J3:[4,5)","J0","1","J2","1","J0","1","J3","1","J3","1"
"6154","J0:[0,6);J1:[2,6);J2:[3,5);J3:[4,6)","J0","1","J2","1","J0","1","J2","1","J3","1"
"6155","J0:[0,6);J1:[2,6);J2:[3,5);J3:[5,6)","J2;J3","2","J2;J3","2","J0","1","J3;J2","2","J2;J3","2"
"6156","J0:[0,6);J1:[2,6);J2:[3,6);J3:[4,5)","J0","1","J3","1","J0","1","J3","1","J3","1"
"6157","J0:[0,6);J1:[2,6);J2:[3,6);J3:[4,6)","J0","1","J0","1","J0","1","J3","1","J3","1"
"6158","J0:[0,6);J1:[2,6);J2:[3,6);J3:[5,6)","J0","1","J0","1","J0","1","J3","1","J3","1"
"6159","J0:[0,6);J1:[2,6);J2:[4,5);J3:[4,6)","J0","1","J2","1","J0","1","J2","1","J3","1"
"6160","J0:[0,6);J1:[2,6);J2:[4,5);J3:[5,6)","J2;J3","2","J2;J3","2","J0","1","J2;J3","2","J2;J3","2"
"6161","J0:[0,6);J1:[2,6);J2:[4,6);J3:[5,6)","J0","1","J0","1","J0","1","J3","1","J3","1"
"6162","J0:[0,6);J1:[3,4);J2:[3,5);J3:[3,6)","J0","1","J1","1","J0","1","J1","1","J3","1"
"6163","J0:[0,6);J1:[3,4);J2:[3,5);J3:[4,5)","J1;J3","2","J1;J3","2","J0","1","J1;J3","2","J1;J3","2"
"6164","J0:[0,6);J1:[3,4);J2:[3,5);J3:[4,6)","J1;J3","2","J1;J3","2","J0","1","J1;J3","2","J1;J3","2"
"6165","J0:[0,6);J1:[3,4);J2:[3,5);J3:[5,6)","J1;J3","2","J1;J3","2","J0","1","J1;J3","2","J2;J3","2"
"6166","J0:[0,6);J1:[3,4);J2:[3,6);J3:[4,5)","J1;J3","2","J1;J3","2","J0","1","J1;J3","2","J1;J3","2"
"6167","J0:[0,6);J1:[3,4);J2:[3,6);J3:[4,6)","J1;J3","2","J1;J3","2","J0","1","J1;J3","2","J1;J3","2"
"6168","J0:[0,6);J1:[3,4);J2:[3,6);J3:[5,6)","J1;J3","2","J1;J3","2","J0","1","J1;J3","2","J1;J3","2"
"6169","J0:[0,6);J1:[3,4);J2:[4,5);J3:[4,6)","J1;J2","2","J1;J2","2","J0","1","J1;J2","2","J1;J3","2"
"6170","J0:[0,6);J1:[3,4);J2:[4,5);J3:[5,6)","J1;J2;J3","3","J1;J2;J3","3","J0","1","J1;J2;J3","3","J1;J2;J3","3"
"6171","J0:[0,6);J1:[3,4);J2:[4,6);J3:[5,6)","J1;J2","2","J1;J2","2","J0","1","J1;J3","2","J1;J3","2"
"6172","J0:[0,6);J1:[3,5);J2:[3,6);J3:[4,5)","J0","1","J1","1","J0","1","J3","1","J3","1"
"6173","J0:[0,6);J1:[3,5);J2:[3,6);J3:[4,6)","J0","1","J1","1","J0","1","J1","1","J3","1"
"6174","J0:[0,6);J1:[3,5);J2:[3,6);J3:[5,6)","J1;J3","2","J1;J3","2","J0","1","J3;J1","2","J1;J3","2"
"6175","J0:[0,6);J1:[3,5);J2:[4,5);J3:[4,6)","J0","1","J1","1","J0","1","J2","1","J3","1"
"6176","J0:[0,6);J1:[3,5);J2:[4,5);J3:[5,6)","J1;J3","2","J1;J3","2","J0","1","J2;J3","2","J2;J3","2"
"6177","J0:[0,6);J1:[3,5);J2:[4,6);J3:[5,6)","J1;J3","2","J1;J3","2","J0","1","J3;J1","2","J1;J3","2"
"6178","J0:[0,6);J1:[3,6);J2:[4,5);J3:[4,6)","J0","1","J2","1","J0","1","J2","1","J3","1"
"6179","J0:[0,6);J1:[3,6);J2:[4,5);J3:[5,6)","J2;J3","2","J2;J3","2","J0","1","J2;J3","2","J2;J3","2"
"6180","J0:[0,6);J1:[3,6);J2:[4,6);J3:[5,6)","J0","1","J0","1","J0","1","J3","1","J3","1"
"6181","J0:[0,6);J1:[4,5);J2:[4,6);J3:[5,6)","J1;J3","2","J1;J3","2","J0","1","J1;J3","2","J1;J3","2"
"6182","J0:[1,2);J1:[1,3);J2:[1,4);J3:[1,5)","J0","1","J0","1","J0","1","J0","1","J3","1"
"6183","J0:[1,2);J1:[1,3);J2:[1,4);J3:[1,6)","J0","1","J0","1","J0","1","J0","1","J3","1"
"6184","J0:[1,2);J1:[1,3);J2:[1,4);J3:[2,3)","J0;J3","2","J0;J3","2","J0;J3","2","J0;J3","2","J0;J3","2"
"6185","J0:[1,2);J1:[1,3);J2:[1,4);J3:[2,4)","J0;J3","2","J0;J3","2","J0;J3","2","J0;J3","2","J0;J3","2"
"6186","J0:[1,2);J1:[1,3);J2:[1,4);J3:[2,5)","J0;J3","2","J0;J3","2","J0;J3","2","J0;J3","2","J0;J3","2"
"6187","J0:[1,2);J1:[1,3);J2:[1,4);J3:[2,6)","J0;J3","2","J0;J3","2","J0;J3","2","J0;J3","2","J0;J3","2"
"6188","J0:[1,2);J1:[1,3);J2:[1,4);J3:[3,4)","J0;J3","2","J0;J3","2","J0;J3","2","J0;J3","2","J1;J3","2"
"6189","J0:[1,2);J1:[1,3);J2:[1,4);J3:[3,5)","J0;J3","2","J0;J3","2","J0;J3","2","J0;J3","2","J1;J3","2"
"6190","J0:[1,2);J1:[1,3);J2:[1,4);J3:[3,6)","J0;J3","2","J0;J3","2","J0;J3","2","J0;J3","2","J1;J3","2"
"6191","J0:[1,2);J1:[1,3);J2:[1,4);J3:[4,5)","J0;J3","2","J0;J3","2","J0;J3","2","J0;J3","2","J2;J3","2"
"6192","J0:[1,2);J1:[1,3);J2:[1,4);J3:[4,6)","J0;J3","2","J0;J3","2","J0;J3","2","J0;J3","2","J2;J3","2"
"6193","J0:[1,2);J1:[1,3);J2:[1,4);J3:[5,6)","J0;J3","2","J0;J3","2","J0;J3","2","J0;J3","2","J2;J3","2"
"6194","J0:[1,2);J1:[1,3);J2:[1,5);J3:[1,6)","J0","1","J0","1","J0","1","J0","1","J3","1"
"6195","J0:[1,2);J1:[1,3);J2:[1,5);J3:[2,3)","J0;J3","2","J0;J3","2","J0;J3","2","J0;J3","2","J0;J3","2"
"6196","J0:[1,2);J1:[1,3);J2:[1,5);J3:[2,4)","J0;J3","2","J0;J3","2","J0;J3","2","J0;J3","2","J0;J3","2"
"6197","J0:[1,2);J1:[1,3);J2:[1,5);J3:[2,5)","J0;J3","2","J0;J3","2","J0;J3","2","J0;J3","2","J0;J3","2"
"6198","J0:[1,2);J1:[1,3);J2:[1,5);J3:[2,6)","J0;J3","2","J0;J3","2","J0;J3","2","J0;J3","2","J0;J3","2"
"6199","J0:[1,2);J1:[1,3);J2:[1,5);J3:[3,4)","J0;J3","2","J0;J3","2","J0;J3","2","J0;J3","2","J1;J3","2"
"6200","J0:[1,2);J1:[1,3);J2:[1,5);J3:[3,5)","J0;J3","2","J0;J3","2","J0;J3","2","J0;J3","2","J1;J3","2"
"6201","J0:[1,2);J1:[1,3);J2:[1,5);J3:[3,6)","J0;J3","2","J0;J3","2","J0;J3","2","J0;J3","2","J1;J3","2"
"6202","J0:[1,2);J1:[1,3);J2:[1,5);J3:[4,5)","J0;J3","2","J0;J3","2","J0;J3","2","J0;J3","2","J1;J3","2"
"6203","J0:[1,2);J1:[1,3);J2:[1,5);J3:[4,6)","J0;J3","2","J0;J3","2","J0;J3","2","J0;J3","2","J1;J3","2"
"6204","J0:[1,2);J1:[1,3);J2:[1,5);J3:[5,6)","J0;J3","2","J0;J3","2","J0;J3","2","J0;J3","2","J2;J3","2"
"6205","J0:[1,2);J1:[1,3);J2:[1,6);J3:[2,3)","J0;J3","2","J0;J3","2","J0;J3","2","J0;J3","2","J0;J3","2"
"6206","J0:[1,2);J1:[1,3);J2:[1,6);J3:[2,4)","J0;J3","2","J0;J3","2","J0;J3","2","J0;J3","2","J0;J3","2"
"6207","J0:[1,2);J1:[1,3);J2:[1,6);J3:[2,5)","J0;J3","2","J0;J3","2","J0;J3","2","J0;J3","2","J0;J3","2"
"6208","J0:[1,2);J1:[1,3);J2:[1,6);J3:[2,6)","J0;J3","2","J0;J3","2","J0;J3","2","J0;J3","2","J0;J3","2"
"6209","J0:[1,2);J1:[1,3);J2:[1,6);J3:[3,4)","J0;J3","2","J0;J3","2","J0;J3","2","J0;J3","2","J1;J3","2"
"6210","J0:[1,2);J1:[1,3);J2:[1,6);J3:[3,5)","J0;J3","2","J0;J3","2","J0;J3","2","J0;J3","2","J1;J3","2"
"6211","J0:[1,2);J1:[1,3);J2:[1,6);J3:[3,6)","J0;J3","2","J0;J3","2","J0;J3","2","J0;J3","2","J1;J3","2"
"6212","J0:[1,2);J1:[1,3);J2:[1,6);J3:[4,5)","J0;J3","2","J0;J3","2","J0;J3","2","J0;J3","2","J1;J3","2"
"6213","J0:[1,2);J1:[1,3);J2:[1,6);J3:[4,6)","J0;J3","2","J0;J3","2","J0;J3","2","J0;J3","2","J1;J3","2"
"6214","J0:[1,2);J1:[1,3);J2:[1,6);J3:[5,6)","J0;J3","2","J0;J3","2","J0;J3","2","J0;J3","2","J1;J3","2"
"6215","J0:[1,2);J1:[1,3);J2:[2,3);J3:[2,4)","J0;J2","2","J0;J2","2","J0;J2","2","J0;J2","2","J0;J3","2"
"6216","J0:[1,2);J1:[1,3);J2:[2,3);J3:[2,5)","J0;J2","2","J0;J2","2","J0;J2","2","J0;J2","2","J0;J3","2"
"6217","J0:[1,2);J1:[1,3);J2:[2,3);J3:[2,6)","J0;J2","2","J0;J2","2","J0;J2","2","J0;J2","2","J0;J3","2"
"6218","J0:[1,2);J1:[1,3);J2:[2,3);J3:[3,4)","J0;J2;J3","3","J0;J2;J3","3","J0;J2;J3","3","J0;J2;J3","3","J0;J2;J3","3"
"6219","J0:[1,2);J1:[1,3);J2:[2,3);J3:[3,5)","J0;J2;J3","3","J0;J2;J3","3","J0;J2;J3","3","J0;J2;J3","3","J0;J2;J3","3"
"6220","J0:[1,2);J1:[1,3);J2:[2,3);J3:[3,6)","J0;J2;J3","3","J0;J2;J3","3","J0;J2;J3","3","J0;J2;J3","3","J0;J2;J3","3"
"6221","J0:[1,2);J1:[1,3);J2:[2,3);J3:[4,5)","J0;J2;J3","3","J0;J2;J3","3","J0;J2;J3","3","J0;J2;J3","3","J0;J2;J3","3"
"6222","J0:[1,2);J1:[1,3);J2:[2,3);J3:[4,6)","J0;J2;J3","3","J0;J2;J3","3","J0;J2;J3","3","J0;J2;J3","3","J0;J2;J3","3"
"6223","J0:[1,2);J1:[1,3);J2:[2,3);J3:[5,6)","J0;J2;J3","3","J0;J2;J3","3","J0;J2;J3","3","J0;J2;J3","3","J0;J2;J3","3"
"6224","J0:[1,2);J1:[1,3);J2:[2,4);J3:[2,5)","J0;J2","2","J0;J2","2","J0;J2","2","J0;J2","2","J0;J3","2"
"6225","J0:[1,2);J1:[1,3);J2:[2,4);J3:[2,6)","J0;J2","2","J0;J2","2","J0;J2","2","J0;J2","2","J0;J3","2"
"6226","J0:[1,2);J1:[1,3);J2:[2,4);J3:[3,4)","J0;J2","2","J0;J2","2","J0;J2","2","J0;J3","2","J1;J3","2"
"6227","J0:[1,2);J1:[1,3);J2:[2,4);J3:[3,5)","J0;J2","2","J0;J2","2","J0;J2","2","J0;J2","2","J1;J3","2"
"6228","J0:[1,2);J1:[1,3);J2:[2,4);J3:[3,6)","J0;J2","2","J0;J2","2","J0;J2","2","J0;J2","2","J1;J3","2"
"6229","J0:[1,2);J1:[1,3);J2:[2,4);J3:[4,5)","J0;J2;J3","3","J0;J2;J3","3","J0;J2;J3","3","J0;J3;J2","3","J0;J2;J3","3"
"6230","J0:[1,2);J1:[1,3);J2:[2,4);J3:[4,6)","J0;J2;J3","3","J0;J2;J3","3","J0;J2;J3","3","J0;J2;J3","3","J0;J2;J3","3"
"6231","J0:[1,2);J1:[1,3);J2:[2,4);J3:[5,6)","J0;J2;J3","3","J0;J2;J3","3","J0;J2;J3","3","J0;J3;J2","3","J0;J2;J3","3"
"6232","J0:[1,2);J1:[1,3);J2:[2,5);J3:[2,6)","J0;J2","2","J0;J2","2","J0;J2","2","J0;J2","2","J0;J3","2"
"6233","J0:[1,2);J1:[1,3);J2:[2,5);J3:[3,4)","J0;J2","2","J0;J3","2","J0;J2","2","J0;J3","2","J1;J3","2"
"6234","J0:[1,2);J1:[1,3);J2:[2,5);J3:[3,5)","J0;J2","2","J0;J2","2","J0;J2","2","J0;J3","2","J1;J3","2"
"6235","J0:[1,2);J1:[1,3);J2:[2,5);J3:[3,6)","J0;J2","2","J0;J2","2","J0;J2","2","J0;J2","2","J1;J3","2"
"6236","J0:[1,2);J1:[1,3);J2:[2,5);J3:[4,5)","J0;J2","2","J0;J2","2","J0;J2","2","J0;J3","2","J1;J3","2"
"6237","J0:[1,2);J1:[1,3);J2:[2,5);J3:[4,6)","J0;J2","2","J0;J2","2","J0;J2","2","J0;J3","2","J1;J3","2"
"6238","J0:[1,2);J1:[1,3);J2:[2,5);J3:[5,6)","J0;J2;J3","3","J0;J2;J3","3","J0;J2;J3","3","J0;J3;J2","3","J0;J2;J3","3"
"6239","J0:[1,2);J1:[1,3);J2:[2,6);J3:[3,4)","J0;J2","2","J0;J3","2","J0;J2","2","J0;J3","2","J1;J3","2"
"6240","J0:[1,2);J1:[1,3);J2:[2,6);J3:[3,5)","J0;J2","2","J0;J3","2","J0;J2","2","J0;J3","2","J1;J3","2"
"6241","J0:[1,2);J1:[1,3);J2:[2,6);J3:[3,6)","J0;J2","2","J0;J2","2","J0;J2","2","J0;J3","2","J1;J3","2"
"6242","J0:[1,2);J1:[1,3);J2:[2,6);J3:[4,5)","J0;J2","2","J0;J3","2","J0;J2","2","J0;J3","2","J1;J3","2"
"6243","J0:[1,2);J1:[1,3);J2:[2,6);J3:[4,6)","J0;J2","2","J0;J2","2","J0;J2","2","J0;J3","2","J1;J3","2"
"6244","J0:[1,2);J1:[1,3);J2:[2,6);J3:[5,6)","J0;J2","2","J0;J2","2","J0;J2","2","J0;J3","2","J1;J3","2"
"6245","J0:[1,2);J1:[1,3);J2:[3,4);J3:[3,5)","J0;J2","2","J0;J2","2","J0;J2","2","J0;J2","2","J1;J3","2"
"6246","J0:[1,2);J1:[1,3);J2:[3,4);J3:[3,6)","J0;J2","2","J0;J2","2","J0;J2","2","J0;J2","2","J1;J3","2"
"6247","J0:[1,2);J1:[1,3);J2:[3,4);J3:[4,5)","J0;J2;J3","3","J0;J2;J3","3","J0;J2;J3","3","J0;J2;J3","3","J1;J2;J3","3"
"6248","J0:[1,2);J1:[1,3);J2:[3,4);J3:[4,6)","J0;J2;J3","3","J0;J2;J3","3","J0;J2;J3","3","J0;J2;J3","3","J1;J2;J3","3"
"6249","J0:[1,2);J1:[1,3);J2:[3,4);J3:[5,6)","J0;J2;J3","3","J0;J2;J3","3","J0;J2;J3","3","J0;J2;J3","3","J1;J2;J3","3"
"6250","J0:[1,2);J1:[1,3);J2:[3,5);J3:[3,6)","J0;J2","2","J0;J2","2","J0;J2","2","J0;J2","2","J1;J3","2"
"6251","J0:[1,2);J1:[1,3);J2:[3,5);J3:[4,5)","J0;J2","2","J0;J2","2","J0;J2","2","J0;J3","2","J1;J3","2"
"6252","J0:[1,2);J1:[1,3);J2:[3,5);J3:[4,6)","J0;J2","2","J0;J2","2","J0;J2","2","J0;J2","2","J1;J3","2"
"6253","J0:[1,2);J1:[1,3);J2:[3,5);J3:[5,6)","J0;J2;J3","3","J0;J2;J3","3","J0;J2;J3","3","J0;J3;J2","3","J1;J2;J3","3"
"6254","J0:[1,2);J1:[1,3);J2:[3,6);J3:[4,5)","J0;J2","2","J0;J3","2","J0;J2","2","J0;J3","2","J1;J3","2"
"6255","J0:[1,2);J1:[1,3);J2:[3,6);J3:[4,6)","J0;J2","2","J0;J2","2","J0;J2","2","J0;J3","2","J1;J3","2"
"6256","J0:[1,2);J1:[1,3);J2:[3,6);J3:[5,6)","J0;J2","2","J0;J2","2","J0;J2","2","J0;J3","2","J1;J3","2"
"6257","J0:[1,2);J1:[1,3);J2:[4,5);J3:[4,6)","J0;J2","2","J0;J2","2","J0;J2","2","J0;J2","2","J1;J3","2"
"6258","J0:[1,2);J1:[1,3);J2:[4,5);J3:[5,6)","J0;J2;J3","3","J0;J2;J3","3","J0;J2;J3","3","J0;J2;J3","3","J1;J2;J3","3"
"6259","J0:[1,2);J1:[1,3);J2:[4,6);J3:[5,6)","J0;J2","2","J0;J2","2","J0;J2","2","J0;J3","2","J1;J3","2"
"6260","J0:[1,2);J1:[1,4);J2:[1,5);J3:[1,6)","J0","1","J0","1","J0","1","J0","1","J3","1"
"6261","J0:[1,2);J1:[1,4);J2:[1,5);J3:[2,3)","J0;J3","2","J0;J3","2","J0;J3","2","J0;J3","2","J0;J3","2"
"6262","J0:[1,2);J1:[1,4);J2:[1,5);J3:[2,4)","J0;J3","2","J0;J3","2","J0;J3","2","J0;J3","2","J0;J3","2"
"6263","J0:[1,2);J1:[1,4);J2:[1,5);J3:[2,5)","J0;J3","2","J0;J3","2","J0;J3","2","J0;J3","2","J0;J3","2"
"6264","J0:[1,2);J1:[1,4);J2:[1,5);J3:[2,6)","J0;J3","2","J0;J3","2","J0;J3","2","J0;J3","2","J0;J3","2"
"6265","J0:[1,2);J1:[1,4);J2:[1,5);J3:[3,4)","J0;J3","2","J0;J3","2","J0;J3","2","J0;J3","2","J0;J3","2"
"6266","J0:[1,2);J1:[1,4);J2:[1,5);J3:[3,5)","J0;J3","2","J0;J3","2","J0;J3","2","J0;J3","2","J0;J3","2"
"6267","J0:[1,2);J1:[1,4);J2:[1,5);J3:[3,6)","J0;J3","2","J0;J3","2","J0;J3","2","J0;J3","2","J0;J3","2"
"6268","J0:[1,2);J1:[1,4);J2:[1,5);J3:[4,5)","J0;J3","2","J0;J3","2","J0;J3","2","J0;J3","2","J1;J3","2"
"6269","J0:[1,2);J1:[1,4);J2:[1,5);J3:[4,6)","J0;J3","2","J0;J3","2","J0;J3","2","J0;J3","2","J1;J3","2"
"6270","J0:[1,2);J1:[1,4);J2:[1,5);J3:[5,6)","J0;J3","2","J0;J3","2","J0;J3","2","J0;J3","2","J2;J3","2"
"6271","J0:[1,2);J1:[1,4);J2:[1,6);J3:[2,3)","J0;J3","2","J0;J3","2","J0;J3","2","J0;J3","2","J0;J3","2"
"6272","J0:[1,2);J1:[1,4);J2:[1,6);J3:[2,4)","J0;J3","2","J0;J3","2","J0;J3","2","J0;J3","2","J0;J3","2"
"6273","J0:[1,2);J1:[1,4);J2:[1,6);J3:[2,5)","J0;J3","2","J0;J3","2","J0;J3","2","J0;J3","2","J0;J3","2"
"6274","J0:[1,2);J1:[1,4);J2:[1,6);J3:[2,6)","J0;J3","2","J0;J3","2","J0;J3","2","J0;J3","2","J0;J3","2"
"6275","J0:[1,2);J1:[1,4);J2:[1,6);J3:[3,4)","J0;J3","2","J0;J3","2","J0;J3","2","J0;J3","2","J0;J3","2"
"6276","J0:[1,2);J1:[1,4);J2:[1,6);J3:[3,5)","J0;J3","2","J0;J3","2","J0;J3","2","J0;J3","2","J0;J3","2"
"6277","J0:[1,2);J1:[1,4);J2:[1,6);J3:[3,6)","J0;J3","2","J0;J3","2","J0;J3","2","J0;J3","2","J0;J3","2"
"6278","J0:[1,2);J1:[1,4);J2:[1,6);J3:[4,5)","J0;J3","2","J0;J3","2","J0;J3","2","J0;J3","2","J1;J3","2"
"6279","J0:[1,2);J1:[1,4);J2:[1,6);J3:[4,6)","J0;J3","2","J0;J3","2","J0;J3","2","J0;J3","2","J1;J3","2"
"6280","J0:[1,2);J1:[1,4);J2:[1,6);J3:[5,6)","J0;J3","2","J0;J3","2","J0;J3","2","J0;J3","2","J1;J3","2"
"6281","J0:[1,2);J1:[1,4);J2:[2,3);J3:[2,4)","J0;J2","2","J0;J2","2","J0;J2","2","J0;J2","2","J0;J3","2"
"6282","J0:[1,2);J1:[1,4);J2:[2,3);J3:[2,5)","J0;J2","2","J0;J2","2","J0;J2","2","J0;J2","2","J0;J3","2"
"6283","J0:[1,2);J1:[1,4);J2:[2,3);J3:[2,6)","J0;J2","2","J0;J2","2","J0;J2","2","J0;J2","2","J0;J3","2"
"6284","J0:[1,2);J1:[1,4);J2:[2,3);J3:[3,4)","J0;J2;J3","3","J0;J2;J3","3","J0;J2;J3","3","J0;J2;J3","3","J0;J2;J3","3"
"6285","J0:[1,2);J1:[1,4);J2:[2,3);J3:[3,5)","J0;J2;J3","3","J0;J2;J3","3","J0;J2;J3","3","J0;J2;J3","3","J0;J2;J3","3"
"6286","J0:[1,2);J1:[1,4);J2:[2,3);J3:[3,6)","J0;J2;J3","3","J0;J2;J3","3","J0;J2;J3","3","J0;J2;J3","3","J0;J2;J3","3"
"6287","J0:[1,2);J1:[1,4);J2:[2,3);J3:[4,5)","J0;J2;J3","3","J0;J2;J3","3","J0;J2;J3","3","J0;J2;J3","3","J0;J2;J3","3"
"6288","J0:[1,2);J1:[1,4);J2:[2,3);J3:[4,6)","J0;J2;J3","3","J0;J2;J3","3","J0;J2;J3","3","J0;J2;J3","3","J0;J2;J3","3"
"6289","J0:[1,2);J1:[1,4);J2:[2,3);J3:[5,6)","J0;J2;J3","3","J0;J2;J3","3","J0;J2;J3","3","J0;J2;J3","3","J0;J2;J3","3"
"6290","J0:[1,2);J1:[1,4);J2:[2,4);J3:[2,5)","J0;J2","2","J0;J2","2","J0;J2","2","J0;J2","2","J0;J3","2"
"6291","J0:[1,2);J1:[1,4);J2:[2,4);J3:[2,6)","J0;J2","2","J0;J2","2","J0;J2","2","J0;J2","2","J0;J3","2"
"6292","J0:[1,2);J1:[1,4);J2:[2,4);J3:[3,4)","J0;J2","2","J0;J2","2","J0;J2","2","J0;J3","2","J0;J3","2"
"6293","J0:[1,2);J1:[1,4);J2:[2,4);J3:[3,5)","J0;J2","2","J0;J2","2","J0;J2","2","J0;J2","2","J0;J3","2"
"6294","J0:[1,2);J1:[1,4);J2:[2,4);J3:[3,6)","J0;J2","2","J0;J2","2","J0;J2","2","J0;J2","2","J0;J3","2"
"6295","J0:[1,2);J1:[1,4);J2:[2,4);J3:[4,5)","J0;J2;J3","3","J0;J2;J3","3","J0;J2;J3","3","J0;J3;J2","3","J0;J2;J3","3"
"6296","J0:[1,2);J1:[1,4);J2:[2,4);J3:[4,6)","J0;J2;J3","3","J0;J2;J3","3","J0;J2;J3","3","J0;J2;J3","3","J0;J2;J3","3"
"6297","J0:[1,2);J1:[1,4);J2:[2,4);J3:[5,6)","J0;J2;J3","3","J0;J2;J3","3","J0;J2;J3","3","J0;J3;J2","3","J0;J2;J3","3"
"6298","J0:[1,2);J1:[1,4);J2:[2,5);J3:[2,6)","J0;J2","2","J0;J2","2","J0;J2","2","J0;J2","2","J0;J3","2"
"6299","J0:[1,2);J1:[1,4);J2:[2,5);J3:[3,4)","J0;J2","2","J0;J3","2","J0;J2","2","J0;J3","2","J0;J3","2"
"6300","J0:[1,2);J1:[1,4);J2:[2,5);J3:[3,5)","J0;J2","2","J0;J2","2","J0;J2","2","J0;J3","2","J0;J3","2"
"6301","J0:[1,2);J1:[1,4);J2:[2,5);J3:[3,6)","J0;J2","2","J0;J2","2","J0;J2","2","J0;J2","2","J0;J3","2"
"6302","J0:[1,2);J1:[1,4);J2:[2,5);J3:[4,5)","J0;J2","2","J0;J2","2","J0;J2","2","J0;J3","2","J1;J3","2"
"6303","J0:[1,2);J1:[1,4);J2:[2,5);J3:[4,6)","J0;J2","2","J0;J2","2","J0;J2","2","J0;J3","2","J1;J3","2"
"6304","J0:[1,2);J1:[1,4);J2:[2,5);J3:[5,6)","J0;J2;J3","3","J0;J2;J3","3","J0;J2;J3","3","J0;J3;J2","3","J0;J2;J3","3"
"6305","J0:[1,2);J1:[1,4);J2:[2,6);J3:[3,4)","J0;J2","2","J0;J3","2","J0;J2","2","J0;J3","2","J0;J3","2"
"6306","J0:[1,2);J1:[1,4);J2:[2,6);J3:[3,5)","J0;J2","2","J0;J3","2","J0;J2","2","J0;J3","2","J0;J3","2"
"6307","J0:[1,2);J1:[1,4);J2:[2,6);J3:[3,6)","J0;J2","2","J0;J2","2","J0;J2","2","J0;J3","2","J0;J3","2"
"6308","J0:[1,2);J1:[1,4);J2:[2,6);J3:[4,5)","J0;J2","2","J0;J3","2","J0;J2","2","J0;J3","2","J1;J3","2"
"6309","J0:[1,2);J1:[1,4);J2:[2,6);J3:[4,6)","J0;J2","2","J0;J2","2","J0;J2","2","J0;J3","2","J1;J3","2"
"6310","J0:[1,2);J1:[1,4);J2:[2,6);J3:[5,6)","J0;J2","2","J0;J2","2","J0;J2","2","J0;J3","2","J1;J3","2"
"6311","J0:[1,2);J1:[1,4);J2:[3,4);J3:[3,5)","J0;J2","2","J0;J2","2","J0;J2","2","J0;J2","2","J0;J3","2"
"6312","J0:[1,2);J1:[1,4);J2:[3,4);J3:[3,6)","J0;J2","2","J0;J2","2","J0;J2","2","J0;J2","2","J0;J3","2"
"6313","J0:[1,2);J1:[1,4);J2:[3,4);J3:[4,5)","J0;J2;J3","3","J0;J2;J3","3","J0;J2;J3","3","J0;J2;J3","3","J0;J2;J3","3"
"6314","J0:[1,2);J1:[1,4);J2:[3,4);J3:[4,6)","J0;J2;J3","3","J0;J2;J3","3","J0;J2;J3","3","J0;J2;J3","3","J0;J2;J3","3"
"6315","J0:[1,2);J1:[1,4);J2:[3,4);J3:[5,6)","J0;J2;J3","3","J0;J2;J3","3","J0;J2;J3","3","J0;J2;J3","3","J0;J2;J3","3"
"6316","J0:[1,2);J1:[1,4);J2:[3,5);J3:[3,6)","J0;J2","2","J0;J2","2","J0;J2","2","J0;J2","2","J0;J3","2"
"6317","J0:[1,2);J1:[1,4);J2:[3,5);J3:[4,5)","J0;J2","2","J0;J2","2","J0;J2","2","J0;J3","2","J1;J3","2"
"6318","J0:[1,2);J1:[1,4);J2:[3,5);J3:[4,6)","J0;J2","2","J0;J2","2","J0;J2","2","J0;J2","2","J1;J3","2"
"6319","J0:[1,2);J1:[1,4);J2:[3,5);J3:[5,6)","J0;J2;J3","3","J0;J2;J3","3","J0;J2;J3","3","J0;J3;J2","3","J0;J2;J3","3"
"6320","J0:[1,2);J1:[1,4);J2:[3,6);J3:[4,5)","J0;J2","2","J0;J3","2","J0;J2","2","J0;J3","2","J1;J3","2"
"6321","J0:[1,2);J1:[1,4);J2:[3,6);J3:[4,6)","J0;J2","2","J0;J2","2","J0;J2","2","J0;J3","2","J1;J3","2"
"6322","J0:[1,2);J1:[1,4);J2:[3,6);J3:[5,6)","J0;J2","2","J0;J2","2","J0;J2","2","J0;J3","2","J1;J3","2"
"6323","J0:[1,2);J1:[1,4);J2:[4,5);J3:[4,6)","J0;J2","2","J0;J2","2","J0;J2","2","J0;J2","2","J1;J3","2"
"6324","J0:[1,2);J1:[1,4);J2:[4,5);J3:[5,6)","J0;J2;J3","3","J0;J2;J3","3","J0;J2;J3","3","J0;J2;J3","3","J1;J2;J3","3"
"6325","J0:[1,2);J1:[1,4);J2:[4,6);J3:[5,6)","J0;J2","2","J0;J2","2","J0;J2","2","J0;J3","2","J1;J3","2"
"6326","J0:[1,2);J1:[1,5);J2:[1,6);J3:[2,3)","J0;J3","2","J0;J3","2","J0;J3","2","J0;J3","2","J0;J3","2"
"6327","J0:[1,2);J1:[1,5);J2:[1,6);J3:[2,4)","J0;J3","2","J0;J3","2","J0;J3","2","J0;J3","2","J0;J3","2"
"6328","J0:[1,2);J1:[1,5);J2:[1,6);J3:[2,5)","J0;J3","2","J0;J3","2","J0;J3","2","J0;J3","2","J0;J3","2"
"6329","J0:[1,2);J1:[1,5);J2:[1,6);J3:[2,6)","J0;J3","2","J0;J3","2","J0;J3","2","J0;J3","2","J0;J3","2"
"6330","J0:[1,2);J1:[1,5);J2:[1,6);J3:[3,4)","J0;J3","2","J0;J3","2","J0;J3","2","J0;J3","2","J0;J3","2"
"6331","J0:[1,2);J1:[1,5);J2:[1,6);J3:[3,5)","J0;J3","2","J0;J3","2","J0;J3","2","J0;J3","2","J0;J3","2"
"6332","J0:[1,2);J1:[1,5);J2:[1,6);J3:[3,6)","J0;J3","2","J0;J3","2","J0;J3","2","J0;J3","2","J0;J3","2"
"6333","J0:[1,2);J1:[1,5);J2:[1,6);J3:[4,5)","J0;J3","2","J0;J3","2","J0;J3","2","J0;J3","2","J0;J3","2"
"6334","J0:[1,2);J1:[1,5);J2:[1,6);J3:[4,6)","J0;J3","2","J0;J3","2","J0;J3","2","J0;J3","2","J0;J3","2"
"6335","J0:[1,2);J1:[1,5);J2:[1,6);J3:[5,6)","J0;J3","2","J0;J3","2","J0;J3","2","J0;J3","2","J1;J3","2"
"6336","J0:[1,2);J1:[1,5);J2:[2,3);J3:[2,4)","J0;J2","2","J0;J2","2","J0;J2","2","J0;J2","2","J0;J3","2"
"6337","J0:[1,2);J1:[1,5);J2:[2,3);J3:[2,5)","J0;J2","2","J0;J2","2","J0;J2","2","J0;J2","2","J0;J3","2"
"6338","J0:[1,2);J1:[1,5);J2:[2,3);J3:[2,6)","J0;J2","2","J0;J2","2","J0;J2","2","J0;J2","2","J0;J3","2"
"6339","J0:[1,2);J1:[1,5);J2:[2,3);J3:[3,4)","J0;J2;J3","3","J0;J2;J3","3","J0;J2;J3","3","J0;J2;J3","3","J0;J2;J3","3"
"6340","J0:[1,2);J1:[1,5);J2:[2,3);J3:[3,5)","J0;J2;J3","3","J0;J2;J3","3","J0;J2;J3","3","J0;J2;J3","3","J0;J2;J3","3"
"6341","J0:[1,2);J1:[1,5);J2:[2,3);J3:[3,6)","J0;J2;J3","3","J0;J2;J3","3","J0;J2;J3","3","J0;J2;J3","3","J0;J2;J3","3"
"6342","J0:[1,2);J1:[1,5);J2:[2,3);J3:[4,5)","J0;J2;J3","3","J0;J2;J3","3","J0;J2;J3","3","J0;J2;J3","3","J0;J2;J3","3"
"6343","J0:[1,2);J1:[1,5);J2:[2,3);J3:[4,6)","J0;J2;J3","3","J0;J2;J3","3","J0;J2;J3","3","J0;J2;J3","3","J0;J2;J3","3"
"6344","J0:[1,2);J1:[1,5);J2:[2,3);J3:[5,6)","J0;J2;J3","3","J0;J2;J3","3","J0;J2;J3","3","J0;J2;J3","3","J0;J2;J3","3"
"6345","J0:[1,2);J1:[1,5);J2:[2,4);J3:[2,5)","J0;J2","2","J0;J2","2","J0;J2","2","J0;J2","2","J0;J3","2"
"6346","J0:[1,2);J1:[1,5);J2:[2,4);J3:[2,6)","J0;J2","2","J0;J2","2","J0;J2","2","J0;J2","2","J0;J3","2"
"6347","J0:[1,2);J1:[1,5);J2:[2,4);J3:[3,4)","J0;J2","2","J0;J2","2","J0;J2","2","J0;J3","2","J0;J3","2"
"6348","J0:[1,2);J1:[1,5);J2:[2,4);J3:[3,5)","J0;J2","2","J0;J2","2","J0;J2","2","J0;J2","2","J0;J3","2"
"6349","J0:[1,2);J1:[1,5);J2:[2,4);J3:[3,6)","J0;J2","2","J0;J2","2","J0;J2","2","J0;J2","2","J0;J3","2"
"6350","J0:[1,2);J1:[1,5);J2:[2,4);J3:[4,5)","J0;J2;J3","3","J0;J2;J3","3","J0;J2;J3","3","J0;J3;J2","3","J0;J2;J3","3"
"6351","J0:[1,2);J1:[1,5);J2:[2,4);J3:[4,6)","J0;J2;J3","3","J0;J2;J3","3","J0;J2;J3","3","J0;J2;J3","3","J0;J2;J3","3"
"6352","J0:[1,2);J1:[1,5);J2:[2,4);J3:[5,6)","J0;J2;J3","3","J0;J2;J3","3","J0;J2;J3","3","J0;J3;J2","3","J0;J2;J3","3"
"6353","J0:[1,2);J1:[1,5);J2:[2,5);J3:[2,6)","J0;J2","2","J0;J2","2","J0;J2","2","J0;J2","2","J0;J3","2"
"6354","J0:[1,2);J1:[1,5);J2:[2,5);J3:[3,4)","J0;J2","2","J0;J3","2","J0;J2","2","J0;J3","2","J0;J3","2"
"6355","J0:[1,2);J1:[1,5);J2:[2,5);J3:[3,5)","J0;J2","2","J0;J2","2","J0;J2","2","J0;J3","2","J0;J3","2"
"6356","J0:[1,2);J1:[1,5);J2:[2,5);J3:[3,6)","J0;J2","2","J0;J2","2","J0;J2","2","J0;J2","2","J0;J3","2"
"6357","J0:[1,2);J1:[1,5);J2:[2,5);J3:[4,5)","J0;J2","2","J0;J2","2","J0;J2","2","J0;J3","2","J0;J3","2"
"6358","J0:[1,2);J1:[1,5);J2:[2,5);J3:[4,6)","J0;J2","2","J0;J2","2","J0;J2","2","J0;J3","2","J0;J3","2"
"6359","J0:[1,2);J1:[1,5);J2:[2,5);J3:[5,6)","J0;J2;J3","3","J0;J2;J3","3","J0;J2;J3","3","J0;J3;J2","3","J0;J2;J3","3"
"6360","J0:[1,2);J1:[1,5);J2:[2,6);J3:[3,4)","J0;J2","2","J0;J3","2","J0;J2","2","J0;J3","2","J0;J3","2"
"6361","J0:[1,2);J1:[1,5);J2:[2,6);J3:[3,5)","J0;J2","2","J0;J3","2","J0;J2","2","J0;J3","2","J0;J3","2"
"6362","J0:[1,2);J1:[1,5);J2:[2,6);J3:[3,6)","J0;J2","2","J0;J2","2","J0;J2","2","J0;J3","2","J0;J3","2"
"6363","J0:[1,2);J1:[1,5);J2:[2,6);J3:[4,5)","J0;J2","2","J0;J3","2","J0;J2","2","J0;J3","2","J0;J3","2"
"6364","J0:[1,2);J1:[1,5);J2:[2,6);J3:[4,6)","J0;J2","2","J0;J2","2","J0;J2","2","J0;J3","2","J0;J3","2"
"6365","J0:[1,2);J1:[1,5);J2:[2,6);J3:[5,6)","J0;J2","2","J0;J2","2","J0;J2","2","J0;J3","2","J1;J3","2"
"6366","J0:[1,2);J1:[1,5);J2:[3,4);J3:[3,5)","J0;J2","2","J0;J2","2","J0;J2","2","J0;J2","2","J0;J3","2"
"6367","J0:[1,2);J1:[1,5);J2:[3,4);J3:[3,6)","J0;J2","2","J0;J2","2","J0;J2","2","J0;J2","2","J0;J3","2"
"6368","J0:[1,2);J1:[1,5);J2:[3,4);J3:[4,5)","J0;J2;J3","3","J0;J2;J3","3","J0;J2;J3","3","J0;J2;J3","3","J0;J2;J3","3"
"6369","J0:[1,2);J1:[1,5);J2:[3,4);J3:[4,6)","J0;J2;J3","3","J0;J2;J3","3","J0;J2;J3","3","J0;J2;J3","3","J0;J2;J3","3"
"6370","J0:[1,2);J1:[1,5);J2:[3,4);J3:[5,6)","J0;J2;J3","3","J0;J2;J3","3","J0;J2;J3","3","J0;J2;J3","3","J0;J2;J3","3"
"6371","J0:[1,2);J1:[1,5);J2:[3,5);J3:[3,6)","J0;J2","2","J0;J2","2","J0;J2","2","J0;J2","2","J0;J3","2"
"6372","J0:[1,2);J1:[1,5);J2:[3,5);J3:[4,5)","J0;J2","2","J0;J2","2","J0;J2","2","J0;J3","2","J0;J3","2"
"6373","J0:[1,2);J1:[1,5);J2:[3,5);J3:[4,6)","J0;J2","2","J0;J2","2","J0;J2","2","J0;J2","2","J0;J3","2"
"6374","J0:[1,2);J1:[1,5);J2:[3,5);J3:[5,6)","J0;J2;J3","3","J0;J2;J3","3","J0;J2;J3","3","J0;J3;J2","3","J0;J2;J3","3"
"6375","J0:[1,2);J1:[1,5);J2:[3,6);J3:[4,5)","J0;J2","2","J0;J3","2","J0;J2","2","J0;J3","2","J0;J3","2"
"6376","J0:[1,2);J1:[1,5);J2:[3,6);J3:[4,6)","J0;J2","2","J0;J2","2","J0;J2","2","J0;J3","2","J0;J3","2"
"6377","J0:[1,2);J1:[1,5);J2:[3,6);J3:[5,6)","J0;J2","2","J0;J2","2","J0;J2","2","J0;J3","2","J1;J3","2"
"6378","J0:[1,2);J1:[1,5);J2:[4,5);J3:[4,6)","J0;J2","2","J0;J2","2","J0;J2","2","J0;J2","2","J0;J3","2"
"6379","J0:[1,2);J1:[1,5);J2:[4,5);J3:[5,6)","J0;J2;J3","3","J0;J2;J3","3","J0;J2;J3","3","J0;J2;J3","3","J0;J2;J3","3"
"6380","J0:[1,2);J1:[1,5);J2:[4,6);J3:[5,6)","J0;J2","2","J0;J2","2","J0;J2","2","J0;J3","2","J1;J3","2"
"6381","J0:[1,2);J1:[1,6);J2:[2,3);J3:[2,4)","J0;J2","2","J0;J2","2","J0;J2","2","J0;J2","2","J0;J3","2"
"6382","J0:[1,2);J1:[1,6);J2:[2,3);J3:[2,5)","J0;J2","2","J0;J2","2","J0;J2","2","J0;J2","2","J0;J3","2"
"6383","J0:[1,2);J1:[1,6);J2:[2,3);J3:[2,6)","J0;J2","2","J0;J2","2","J0;J2","2","J0;J2","2","J0;J3","2"
"6384","J0:[1,2);J1:[1,6);J2:[2,3);J3:[3,4)","J0;J2;J3","3","J0;J2;J3","3","J0;J2;J3","3","J0;J2;J3","3","J0;J2;J3","3"
"6385","J0:[1,2);J1:[1,6);J2:[2,3);J3:[3,5)","J0;J2;J3","3","J0;J2;J3","3","J0;J2;J3","3","J0;J2;J3","3","J0;J2;J3","3"
"6386","J0:[1,2);J1:[1,6);J2:[2,3);J3:[3,6)","J0;J2;J3","3","J0;J2;J3","3","J0;J2;J3","3","J0;J2;J3","3","J0;J2;J3","3"
"6387","J0:[1,2);J1:[1,6);J2:[2,3);J3:[4,5)","J0;J2;J3","3","J0;J2;J3","3","J0;J2;J3","3","J0;J2;J3","3","J0;J2;J3","3"
"6388","J0:[1,2);J1:[1,6);J2:[2,3);J3:[4,6)","J0;J2;J3","3","J0;J2;J3","3","J0;J2;J3","3","J0;J2;J3","3","J0;J2;J3","3"
"6389","J0:[1,2);J1:[1,6);J2:[2,3);J3:[5,6)","J0;J2;J3","3","J0;J2;J3","3","J0;J2;J3","3","J0;J2;J3","3","J0;J2;J3","3"
"6390","J0:[1,2);J1:[1,6);J2:[2,4);J3:[2,5)","J0;J2","2","J0;J2","2","J0;J2","2","J0;J2","2","J0;J3","2"
"6391","J0:[1,2);J1:[1,6);J2:[2,4);J3:[2,6)","J0;J2","2","J0;J2","2","J0;J2","2","J0;J2","2","J0;J3","2"
"6392","J0:[1,2);J1:[1,6);J2:[2,4);J3:[3,4)","J0;J2","2","J0;J2","2","J0;J2","2","J0;J3","2","J0;J3","2"
"6393","J0:[1,2);J1:[1,6);J2:[2,4);J3:[3,5)","J0;J2","2","J0;J2","2","J0;J2","2","J0;J2","2","J0;J3","2"
"6394","J0:[1,2);J1:[1,6);J2:[2,4);J3:[3,6)","J0;J2","2","J0;J2","2","J0;J2","2","J0;J2","2","J0;J3","2"
"6395","J0:[1,2);J1:[1,6);J2:[2,4);J3:[4,5)","J0;J2;J3","3","J0;J2;J3","3","J0;J2;J3","3","J0;J3;J2","3","J0;J2;J3","3"
"6396","J0:[1,2);J1:[1,6);J2:[2,4);J3:[4,6)","J0;J2;J3","3","J0;J2;J3","3","J0;J2;J3","3","J0;J2;J3","3","J0;J2;J3","3"
"6397","J0:[1,2);J1:[1,6);J2:[2,4);J3:[5,6)","J0;J2;J3","3","J0;J2;J3","3","J0;J2;J3","3","J0;J3;J2","3","J0;J2;J3","3"
"6398","J0:[1,2);J1:[1,6);J2:[2,5);J3:[2,6)","J0;J2","2","J0;J2","2","J0;J2","2","J0;J2","2","J0;J3","2"
"6399","J0:[1,2);J1:[1,6);J2:[2,5);J3:[3,4)","J0;J2","2","J0;J3","2","J0;J2","2","J0;J3","2","J0;J3","2"
"6400","J0:[1,2);J1:[1,6);J2:[2,5);J3:[3,5)","J0;J2","2","J0;J2","2","J0;J2","2","J0;J3","2","J0;J3","2"
"6401","J0:[1,2);J1:[1,6);J2:[2,5);J3:[3,6)","J0;J2","2","J0;J2","2","J0;J2","2","J0;J2","2","J0;J3","2"
"6402","J0:[1,2);J1:[1,6);J2:[2,5);J3:[4,5)","J0;J2","2","J0;J2","2","J0;J2","2","J0;J3","2","J0;J3","2"
"6403","J0:[1,2);J1:[1,6);J2:[2,5);J3:[4,6)","J0;J2","2","J0;J2","2","J0;J2","2","J0;J3","2","J0;J3","2"
"6404","J0:[1,2);J1:[1,6);J2:[2,5);J3:[5,6)","J0;J2;J3","3","J0;J2;J3","3","J0;J2;J3","3","J0;J3;J2","3","J0;J2;J3","3"
"6405","J0:[1,2);J1:[1,6);J2:[2,6);J3:[3,4)","J0;J2","2","J0;J3","2","J0;J2","2","J0;J3","2","J0;J3","2"
"6406","J0:[1,2);J1:[1,6);J2:[2,6);J3:[3,5)","J0;J2","2","J0;J3","2","J0;J2","2","J0;J3","2","J0;J3","2"
"6407","J0:[1,2);J1:[1,6);J2:[2,6);J3:[3,6)","J0;J2","2","J0;J2","2","J0;J2","2","J0;J3","2","J0;J3","2"
"6408","J0:[1,2);J1:[1,6);J2:[2,6);J3:[4,5)","J0;J2","2","J0;J3","2","J0;J2","2","J0;J3","2","J0;J3","2"
"6409","J0:[1,2);J1:[1,6);J2:[2,6);J3:[4,6)","J0;J2","2","J0;J2","2","J0;J2","2","J0;J3","2","J0;J3","2"
"6410","J0:[1,2);J1:[1,6);J2:[2,6);J3:[5,6)","J0;J2","2","J0;J2","2","J0;J2","2","J0;J3","2","J0;J3","2"
"6411","J0:[1,2);J1:[1,6);J2:[3,4);J3:[3,5)","J0;J2","2","J0;J2","2","J0;J2","2","J0;J2","2","J0;J3","2"
"6412","J0:[1,2);J1:[1,6);J2:[3,4);J3:[3,6)","J0;J2","2","J0;J2","2","J0;J2","2","J0;J2","2","J0;J3","2"
"6413","J0:[1,2);J1:[1,6);J2:[3,4);J3:[4,5)","J0;J2;J3","3","J0;J2;J3","3","J0;J2;J3","3","J0;J2;J3","3","J0;J2;J3","3"
"6414","J0:[1,2);J1:[1,6);J2:[3,4);J3:[4,6)","J0;J2;J3","3","J0;J2;J3","3","J0;J2;J3","3","J0;J2;J3","3","J0;J2;J3","3"
"6415","J0:[1,2);J1:[1,6);J2:[3,4);J3:[5,6)","J0;J2;J3","3","J0;J2;J3","3","J0;J2;J3","3","J0;J2;J3","3","J0;J2;J3","3"
"6416","J0:[1,2);J1:[1,6);J2:[3,5);J3:[3,6)","J0;J2","2","J0;J2","2","J0;J2","2","J0;J2","2","J0;J3","2"
"6417","J0:[1,2);J1:[1,6);J2:[3,5);J3:[4,5)","J0;J2","2","J0;J2","2","J0;J2","2","J0;J3","2","J0;J3","2"
"6418","J0:[1,2);J1:[1,6);J2:[3,5);J3:[4,6)","J0;J2","2","J0;J2","2","J0;J2","2","J0;J2","2","J0;J3","2"
"6419","J0:[1,2);J1:[1,6);J2:[3,5);J3:[5,6)","J0;J2;J3","3","J0;J2;J3","3","J0;J2;J3","3","J0;J3;J2","3","J0;J2;J3","3"
"6420","J0:[1,2);J1:[1,6);J2:[3,6);J3:[4,5)","J0;J2","2","J0;J3","2","J0;J2","2","J0;J3","2","J0;J3","2"
"6421","J0:[1,2);J1:[1,6);J2:[3,6);J3:[4,6)","J0;J2","2","J0;J2","2","J0;J2","2","J0;J3","2","J0;J3","2"
"6422","J0:[1,2);J1:[1,6);J2:[3,6);J3:[5,6)","J0;J2","2","J0;J2","2","J0;J2","2","J0;J3","2","J0;J3","2"
"6423","J0:[1,2);J1:[1,6);J2:[4,5);J3:[4,6)","J0;J2","2","J0;J2","2","J0;J2","2","J0;J2","2","J0;J3","2"
"6424","J0:[1,2);J1:[1,6);J2:[4,5);J3:[5,6)","J0;J2;J3","3","J0;J2;J3","3","J0;J2;J3","3","J0;J2;J3","3","J0;J2;J3","3"
"6425","J0:[1,2);J1:[1,6);J2:[4,6);J3:[5,6)","J0;J2","2","J0;J2","2","J0;J2","2","J0;J3","2","J0;J3","2"
"6426","J0:[1,2);J1:[2,3);J2:[2,4);J3:[2,5)","J0;J1","2","J0;J1","2","J0;J1","2","J0;J1","2","J0;J3","2"
"6427","J0:[1,2);J1:[2,3);J2:[2,4);J3:[2,6)","J0;J1","2","J0;J1","2","J0;J1","2","J0;J1","2","J0;J3","2"
"6428","J0:[1,2);J1:[2,3);J2:[2,4);J3:[3,4)","J0;J1;J3","3","J0;J1;J3","3","J0;J1;J3","3","J0;J1;J3","3","J0;J1;J3","3"
"6429","J0:[1,2);J1:[2,3);J2:[2,4);J3:[3,5)","J0;J1;J3","3","J0;J1;J3","3","J0;J1;J3","3","J0;J1;J3","3","J0;J1;J3","3"
"6430","J0:[1,2);J1:[2,3);J2:[2,4);J3:[3,6)","J0;J1;J3","3","J0;J1;J3","3","J0;J1;J3","3","J0;J1;J3","3","J0;J1;J3","3"
"6431","J0:[1,2);J1:[2,3);J2:[2,4);J3:[4,5)","J0;J1;J3","3","J0;J1;J3","3","J0;J1;J3","3","J0;J1;J3","3","J0;J2;J3","3"
"6432","J0:[1,2);J1:[2,3);J2:[2,4);J3:[4,6)","J0;J1;J3","3","J0;J1;J3","3","J0;J1;J3","3","J0;J1;J3","3","J0;J2;J3","3"
"6433","J0:[1,2);J1:[2,3);J2:[2,4);J3:[5,6)","J0;J1;J3","3","J0;J1;J3","3","J0;J1;J3","3","J0;J1;J3","3","J0;J2;J3","3"
"6434","J0:[1,2);J1:[2,3);J2:[2,5);J3:[2,6)","J0;J1","2","J0;J1","2","J0;J1","2","J0;J1","2","J0;J3","2"
"6435","J0:[1,2);J1:[2,3);J2:[2,5);J3:[3,4)","J0;J1;J3","3","J0;J1;J3","3","J0;J1;J3","3","J0;J1;J3","3","J0;J1;J3","3"
"6436","J0:[1,2);J1:[2,3);J2:[2,5);J3:[3,5)","J0;J1;J3","3","J0;J1;J3","3","J0;J1;J3","3","J0;J1;J3","3","J0;J1;J3","3"
"6437","J0:[1,2);J1:[2,3);J2:[2,5);J3:[3,6)","J0;J1;J3","3","J0;J1;J3","3","J0;J1;J3","3","J0;J1;J3","3","J0;J1;J3","3"
"6438","J0:[1,2);J1:[2,3);J2:[2,5);J3:[4,5)","J0;J1;J3","3","J0;J1;J3","3","J0;J1;J3","3","J0;J1;J3","3","J0;J1;J3","3"
"6439","J0:[1,2);J1:[2,3);J2:[2,5);J3:[4,6)","J0;J1;J3","3","J0;J1;J3","3","J0;J1;J3","3","J0;J1;J3","3","J0;J1;J3","3"
"6440","J0:[1,2);J1:[2,3);J2:[2,5);J3:[5,6)","J0;J1;J3","3","J0;J1;J3","3","J0;J1;J3","3","J0;J1;J3","3","J0;J2;J3","3"
"6441","J0:[1,2);J1:[2,3);J2:[2,6);J3:[3,4)","J0;J1;J3","3","J0;J1;J3","3","J0;J1;J3","3","J0;J1;J3","3","J0;J1;J3","3"
"6442","J0:[1,2);J1:[2,3);J2:[2,6);J3:[3,5)","J0;J1;J3","3","J0;J1;J3","3","J0;J1;J3","3","J0;J1;J3","3","J0;J1;J3","3"
"6443","J0:[1,2);J1:[2,3);J2:[2,6);J3:[3,6)","J0;J1;J3","3","J0;J1;J3","3","J0;J1;J3","3","J0;J1;J3","3","J0;J1;J3","3"
"6444","J0:[1,2);J1:[2,3);J2:[2,6);J3:[4,5)","J0;J1;J3","3","J0;J1;J3","3","J0;J1;J3","3","J0;J1;J3","3","J0;J1;J3","3"
"6445","J0:[1,2);J1:[2,3);J2:[2,6);J3:[4,6)","J0;J1;J3","3","J0;J1;J3","3","J0;J1;J3","3","J0;J1;J3","3","J0;J1;J3","3"
"6446","J0:[1,2);J1:[2,3);J2:[2,6);J3:[5,6)","J0;J1;J3","3","J0;J1;J3","3","J0;J1;J3","3","J0;J1;J3","3","J0;J1;J3","3"
"6447","J0:[1,2);J1:[2,3);J2:[3,4);J3:[3,5)","J0;J1;J2","3","J0;J1;J2","3","J0;J1;J2","3","J0;J1;J2","3","J0;J1;J3","3"
"6448","J0:[1,2);J1:[2,3);J2:[3,4);J3:[3,6)","J0;J1;J2","3","J0;J1;J2","3","J0;J1;J2","3","J0;J1;J2","3","J0;J1;J3","3"
"6449","J0:[1,2);J1:[2,3);J2:[3,4);J3:[4,5)","J0;J1;J2;J3","4","J0;J1;J2;J3","4","J0;J1;J2;J3","4","J0;J1;J2;J3","4","J0;J1;J2;J3","4"
"6450","J0:[1,2);J1:[2,3);J2:[3,4);J3:[4,6)","J0;J1;J2;J3","4","J0;J1;J2;J3","4","J0;J1;J2;J3","4","J0;J1;J2;J3","4","J0;J1;J2;J3","4"
"6451","J0:[1,2);J1:[2,3);J2:[3,4);J3:[5,6)","J0;J1;J2;J3","4","J0;J1;J2;J3","4","J0;J1;J2;J3","4","J0;J1;J2;J3","4","J0;J1;J2;J3","4"
"6452","J0:[1,2);J1:[2,3);J2:[3,5);J3:[3,6)","J0;J1;J2","3","J0;J1;J2","3","J0;J1;J2","3","J0;J1;J2","3","J0;J1;J3","3"
"6453","J0:[1,2);J1:[2,3);J2:[3,5);J3:[4,5)","J0;J1;J2","3","J0;J1;J2","3","J0;J1;J2","3","J0;J1;J3","3","J0;J1;J3","3"
"6454","J0:[1,2);J1:[2,3);J2:[3,5);J3:[4,6)","J0;J1;J2","3","J0;J1;J2","3","J0;J1;J2","3","J0;J1;J2","3","J0;J1;J3","3"
"6455","J0:[1,2);J1:[2,3);J2:[3,5);J3:[5,6)","J0;J1;J2;J3","4","J0;J1;J2;J3","4","J0;J1;J2;J3","4","J0;J1;J3;J2","4","J0;J1;J2;J3","4"
"6456","J0:[1,2);J1:[2,3);J2:[3,6);J3:[4,5)","J0;J1;J2","3","J0;J1;J3","3","J0;J1;J2","3","J0;J1;J3","3","J0;J1;J3","3"
"6457","J0:[1,2);J1:[2,3);J2:[3,6);J3:[4,6)","J0;J1;J2","3","J0;J1;J2","3","J0;J1;J2","3","J0;J1;J3","3","J0;J1;J3","3"
"6458","J0:[1,2);J1:[2,3);J2:[3,6);J3:[5,6)","J0;J1;J2","3","J0;J1;J2","3","J0;J1;J2","3","J0;J1;J3","3","J0;J1;J3","3"
"6459","J0:[1,2);J1:[2,3);J2:[4,5);J3:[4,6)","J0;J1;J2","3","J0;J1;J2","3","J0;J1;J2","3","J0;J1;J2","3","J0;J1;J3","3"
"6460","J0:[1,2);J1:[2,3);J2:[4,5);J3:[5,6)","J0;J1;J2;J3","4","J0;J1;J2;J3","4","J0;J1;J2;J3","4","J0;J1;J2;J3","4","J0;J1;J2;J3","4"
"6461","J0:[1,2);J1:[2,3);J2:[4,6);J3:[5,6)","J0;J1;J2","3","J0;J1;J2","3","J0;J1;J2","3","J0;J1;J3","3","J0;J1;J3","3"
"6462","J0:[1,2);J1:[2,4);J2:[2,5);J3:[2,6)","J0;J1","2","J0;J1","2","J0;J1","2","J0;J1","2","J0;J3","2"
"6463","J0:[1,2);J1:[2,4);J2:[2,5);J3:[3,4)","J0;J1","2","J0;J1","2","J0;J1","2","J0;J3","2","J0;J3","2"
"6464","J0:[1,2);J1:[2,4);J2:[2,5);J3:[3,5)","J0;J1","2","J0;J1","2","J0;J1","2","J0;J1","2","J0;J3","2"
"6465","J0:[1,2);J1:[2,4);J2:[2,5);J3:[3,6)","J0;J1","2","J0;J1","2","J0;J1","2","J0;J1","2","J0;J3","2"
"6466","J0:[1,2);J1:[2,4);J2:[2,5);J3:[4,5)","J0;J1;J3","3","J0;J1;J3","3","J0;J1;J3","3","J0;J3;J1","3","J0;J1;J3","3"
"6467","J0:[1,2);J1:[2,4);J2:[2,5);J3:[4,6)","J0;J1;J3","3","J0;J1;J3","3","J0;J1;J3","3","J0;J1;J3","3","J0;J1;J3","3"
"6468","J0:[1,2);J1:[2,4);J2:[2,5);J3:[5,6)","J0;J1;J3","3","J0;J1;J3","3","J0;J1;J3","3","J0;J3;J1","3","J0;J2;J3","3"
"6469","J0:[1,2);J1:[2,4);J2:[2,6);J3:[3,4)","J0;J1","2","J0;J1","2","J0;J1","2","J0;J3","2","J0;J3","2"
"6470","J0:[1,2);J1:[2,4);J2:[2,6);J3:[3,5)","J0;J1","2","J0;J1","2","J0;J1","2","J0;J1","2","J0;J3","2"
"6471","J0:[1,2);J1:[2,4);J2:[2,6);J3:[3,6)","J0;J1","2","J0;J1","2","J0;J1","2","J0;J1","2","J0;J3","2"
"6472","J0:[1,2);J1:[2,4);J2:[2,6);J3:[4,5)","J0;J1;J3","3","J0;J1;J3","3","J0;J1;J3","3","J0;J3;J1","3","J0;J1;J3","3"
"6473","J0:[1,2);J1:[2,4);J2:[2,6);J3:[4,6)","J0;J1;J3","3","J0;J1;J3","3","J0;J1;J3","3","J0;J1;J3","3","J0;J1;J3","3"
"6474","J0:[1,2);J1:[2,4);J2:[2,6);J3:[5,6)","J0;J1;J3","3","J0;J1;J3","3","J0;J1;J3","3","J0;J3;J1","3","J0;J1;J3","3"
"6475","J0:[1,2);J1:[2,4);J2:[3,4);J3:[3,5)","J0;J1","2","J0;J1","2","J0;J1","2","J0;J2","2","J0;J3","2"
"6476","J0:[1,2);J1:[2,4);J2:[3,4);J3:[3,6)","J0;J1","2","J0;J1","2","J0;J1","2","J0;J2","2","J0;J3","2"
"6477","J0:[1,2);J1:[2,4);J2:[3,4);J3:[4,5)","J0;J1;J3","3","J0;J1;J3","3","J0;J1;J3","3","J0;J2;J3","3","J0;J2;J3","3"
"6478","J0:[1,2);J1:[2,4);J2:[3,4);J3:[4,6)","J0;J1;J3","3","J0;J1;J3","3","J0;J1;J3","3","J0;J2;J3","3","J0;J2;J3","3"
"6479","J0:[1,2);J1:[2,4);J2:[3,4);J3:[5,6)","J0;J1;J3","3","J0;J1;J3","3","J0;J1;J3","3","J0;J2;J3","3","J0;J2;J3","3"
"6480","J0:[1,2);J1:[2,4);J2:[3,5);J3:[3,6)","J0;J1","2","J0;J1","2","J0;J1","2","J0;J1","2","J0;J3","2"
"6481","J0:[1,2);J1:[2,4);J2:[3,5);J3:[4,5)","J0;J1;J3","3","J0;J1;J3","3","J0;J1;J3","3","J0;J3;J1","3","J0;J1;J3","3"
"6482","J0:[1,2);J1:[2,4);J2:[3,5);J3:[4,6)","J0;J1;J3","3","J0;J1;J3","3","J0;J1;J3","3","J0;J1;J3","3","J0;J1;J3","3"
"6483","J0:[1,2);J1:[2,4);J2:[3,5);J3:[5,6)","J0;J1;J3","3","J0;J1;J3","3","J0;J1;J3","3","J0;J3;J1","3","J0;J2;J3","3"
"6484","J0:[1,2);J1:[2,4);J2:[3,6);J3:[4,5)","J0;J1;J3","3","J0;J1;J3","3","J0;J1;J3","3","J0;J3;J1","3","J0;J1;J3","3"
"6485","J0:[1,2);J1:[2,4);J2:[3,6);J3:[4,6)","J0;J1;J3","3","J0;J1;J3","3","J0;J1;J3","3","J0;J1;J3","3","J0;J1;J3","3"
"6486","J0:[1,2);J1:[2,4);J2:[3,6);J3:[5,6)","J0;J1;J3","3","J0;J1;J3","3","J0;J1;J3","3","J0;J3;J1","3","J0;J1;J3","3"
"6487","J0:[1,2);J1:[2,4);J2:[4,5);J3:[4,6)","J0;J1;J2","3","J0;J1;J2","3","J0;J1;J2","3","J0;J2;J1","3","J0;J1;J3","3"
"6488","J0:[1,2);J1:[2,4);J2:[4,5);J3:[5,6)","J0;J1;J2;J3","4","J0;J1;J2;J3","4","J0;J1;J2;J3","4","J0;J2;J3;J1","4","J0;J1;J2;J3","4"
"6489","J0:[1,2);J1:[2,4);J2:[4,6);J3:[5,6)","J0;J1;J2","3","J0;J1;J2","3","J0;J1;J2","3","J0;J3;J1","3","J0;J1;J3","3"
"6490","J0:[1,2);J1:[2,5);J2:[2,6);J3:[3,4)","J0;J1","2","J0;J3","2","J0;J1","2","J0;J3","2","J0;J3","2"
"6491","J0:[1,2);J1:[2,5);J2:[2,6);J3:[3,5)","J0;J1","2","J0;J1","2","J0;J1","2","J0;J3","2","J0;J3","2"
"6492","J0:[1,2);J1:[2,5);J2:[2,6);J3:[3,6)","J0;J1","2","J0;J1","2","J0;J1","2","J0;J1","2","J0;J3","2"
"6493","J0:[1,2);J1:[2,5);J2:[2,6);J3:[4,5)","J0;J1","2","J0;J1","2","J0;J1","2","J0;J3","2","J0;J3","2"
"6494","J0:[1,2);J1:[2,5);J2:[2,6);J3:[4,6)","J0;J1","2","J0;J1","2","J0;J1","2","J0;J3","2","J0;J3","2"
"6495","J0:[1,2);J1:[2,5);J2:[2,6);J3:[5,6)","J0;J1;J3","3","J0;J1;J3","3","J0;J1;J3","3","J0;J3;J1","3","J0;J1;J3","3"
"6496","J0:[1,2);J1:[2,5);J2:[3,4);J3:[3,5)","J0;J1","2","J0;J2","2","J0;J1","2","J0;J2","2","J0;J3","2"
"6497","J0:[1,2);J1:[2,5);J2:[3,4);J3:[3,6)","J0;J1","2","J0;J2","2","J0;J1","2","J0;J2","2","J0;J3","2"
"6498","J0:[1,2);J1:[2,5);J2:[3,4);J3:[4,5)","J0;J2;J3","3","J0;J2;J3","3","J0;J1","2","J0;J2;J3","3","J0;J2;J3","3"
"6499","J0:[1,2);J1:[2,5);J2:[3,4);J3:[4,6)","J0;J2;J3","3","J0;J2;J3","3","J0;J1","2","J0;J2;J3","3","J0;J2;J3","3"
"6500","J0:[1,2);J1:[2,5);J2:[3,4);J3:[5,6)","J0;J1;J3","3","J0;J2;J3","3","J0;J1;J3","3","J0;J2;J3","3","J0;J2;J3","3"
"6501","J0:[1,2);J1:[2,5);J2:[3,5);J3:[3,6)","J0;J1","2","J0;J1","2","J0;J1","2","J0;J2","2","J0;J3","2"
"6502","J0:[1,2);J1:[2,5);J2:[3,5);J3:[4,5)","J0;J1","2","J0;J1","2","J0;J1","2","J0;J3","2","J0;J3","2"
"6503","J0:[1,2);J1:[2,5);J2:[3,5);J3:[4,6)","J0;J1","2","J0;J1","2","J0;J1","2","J0;J2","2","J0;J3","2"
"6504","J0:[1,2);J1:[2,5);J2:[3,5);J3:[5,6)","J0;J1;J3","3","J0;J1;J3","3","J0;J1;J3","3","J0;J3;J2","3","J0;J2;J3","3"
"6505","J0:[1,2);J1:[2,5);J2:[3,6);J3:[4,5)","J0;J1","2","J0;J1","2","J0;J1","2","J0;J3","2","J0;J3","2"
"6506","J0:[1,2);J1:[2,5);J2:[3,6);J3:[4,6)","J0;J1","2","J0;J1","2","J0;J1","2","J0;J3","2","J0;J3","2"
"6507","J0:[1,2);J1:[2,5);J2:[3,6);J3:[5,6)","J0;J1;J3","3","J0;J1;J3","3","J0;J1;J3","3","J0;J3;J1","3","J0;J1;J3","3"
"6508","J0:[1,2);J1:[2,5);J2:[4,5);J3:[4,6)","J0;J1","2","J0;J1","2","J0;J1","2","J0;J2","2","J0;J3","2"
"6509","J0:[1,2);J1:[2,5);J2:[4,5);J3:[5,6)","J0;J1;J3","3","J0;J1;J3","3","J0;J1;J3","3","J0;J2;J3","3","J0;J2;J3","3"
"6510","J0:[1,2);J1:[2,5);J2:[4,6);J3:[5,6)","J0;J1;J3","3","J0;J1;J3","3","J0;J1;J3","3","J0;J3;J1","3","J0;J1;J3","3"
"6511","J0:[1,2);J1:[2,6);J2:[3,4);J3:[3,5)","J0;J1","2","J0;J2","2","J0;J1","2","J0;J2","2","J0;J3","2"
"6512","J0:[1,2);J1:[2,6);J2:[3,4);J3:[3,6)","J0;J1","2","J0;J2","2","J0;J1","2","J0;J2","2","J0;J3","2"
"6513","J0:[1,2);J1:[2,6);J2:[3,4);J3:[4,5)","J0;J2;J3","3","J0;J2;J3","3","J0;J1","2","J0;J2;J3","3","J0;J2;J3","3"
"6514","J0:[1,2);J1:[2,6);J2:[3,4);J3:[4,6)","J0;J2;J3","3","J0;J2;J3","3","J0;J1","2","J0;J2;J3","3","J0;J2;J3","3"
"6515","J0:[1,2);J1:[2,6);J2:[3,4);J3:[5,6)","J0;J2;J3","3","J0;J2;J3","3","J0;J1","2","J0;J2;J3","3","J0;J2;J3","3"
"6516","J0:[1,2);J1:[2,6);J2:[3,5);J3:[3,6)","J0;J1","2","J0;J2","2","J0;J1","2","J0;J2","2","J0;J3","2"
"6517","J0:[1,2);J1:[2,6);J2:[3,5);J3:[4,5)","J0;J1","2","J0;J2","2","J0;J1","2","J0;J3","2","J0;J3","2"
"6518","J0:[1,2);J1:[2,6);J2:[3,5);J3:[4,6)","J0;J1","2","J0;J2","2","J0;J1","2","J0;J2","2","J0;J3","2"
"6519","J0:[1,2);J1:[2,6);J2:[3,5);J3:[5,6)","J0;J2;J3","3","J0;J2;J3","3","J0;J1","2","J0;J3;J2","3","J0;J2;J3","3"
"6520","J0:[1,2);J1:[2,6);J2:[3,6);J3:[4,5)","J0;J1","2","J0;J3","2","J0;J1","2","J0;J3","2","J0;J3","2"
"6521","J0:[1,2);J1:[2,6);J2:[3,6);J3:[4,6)","J0;J1","2","J0;J1","2","J0;J1","2","J0;J3","2","J0;J3","2"
"6522","J0:[1,2);J1:[2,6);J2:[3,6);J3:[5,6)","J0;J1","2","J0;J1","2","J0;J1","2","J0;J3","2","J0;J3","2"
"6523","J0:[1,2);J1:[2,6);J2:[4,5);J3:[4,6)","J0;J1","2","J0;J2","2","J0;J1","2","J0;J2","2","J0;J3","2"
"6524","J0:[1,2);J1:[2,6);J2:[4,5);J3:[5,6)","J0;J2;J3","3","J0;J2;J3","3","J0;J1","2","J0;J2;J3","3","J0;J2;J3","3"
"6525","J0:[1,2);J1:[2,6);J2:[4,6);J3:[5,6)","J0;J1","2","J0;J1","2","J0;J1","2","J0;J3","2","J0;J3","2"
"6526","J0:[1,2);J1:[3,4);J2:[3,5);J3:[3,6)","J0;J1","2","J0;J1","2","J0;J1","2","J0;J1","2","J0;J3","2"
"6527","J0:[1,2);J1:[3,4);J2:[3,5);J3:[4,5)","J0;J1;J3","3","J0;J1;J3","3","J0;J1;J3","3","J0;J1;J3","3","J0;J1;J3","3"
"6528","J0:[1,2);J1:[3,4);J2:[3,5);J3:[4,6)","J0;J1;J3","3","J0;J1;J3","3","J0;J1;J3","3","J0;J1;J3","3","J0;J1;J3","3"
"6529","J0:[1,2);J1:[3,4);J2:[3,5);J3:[5,6)","J0;J1;J3","3","J0;J1;J3","3","J0;J1;J3","3","J0;J1;J3","3","J0;J2;J3","3"
"6530","J0:[1,2);J1:[3,4);J2:[3,6);J3:[4,5)","J0;J1;J3","3","J0;J1;J3","3","J0;J1;J3","3","J0;J1;J3","3","J0;J1;J3","3"
"6531","J0:[1,2);J1:[3,4);J2:[3,6);J3:[4,6)","J0;J1;J3","3","J0;J1;J3","3","J0;J1;J3","3","J0;J1;J3","3","J0;J1;J3","3"
"6532","J0:[1,2);J1:[3,4);J2:[3,6);J3:[5,6)","J0;J1;J3","3","J0;J1;J3","3","J0;J1;J3","3","J0;J1;J3","3","J0;J1;J3","3"
"6533","J0:[1,2);J1:[3,4);J2:[4,5);J3:[4,6)","J0;J1;J2","3","J0;J1;J2","3","J0;J1;J2","3","J0;J1;J2","3","J0;J1;J3","3"
"6534","J0:[1,2);J1:[3,4);J2:[4,5);J3:[5,6)","J0;J1;J2;J3","4","J0;J1;J2;J3","4","J0;J1;J2;J3","4","J0;J1;J2;J3","4","J0;J1;J2;J3","4"
"6535","J0:[1,2);J1:[3,4);J2:[4,6);J3:[5,6)","J0;J1;J2","3","J0;J1;J2","3","J0;J1;J2","3","J0;J1;J3","3","J0;J1;J3","3"
"6536","J0:[1,2);J1:[3,5);J2:[3,6);J3:[4,5)","J0;J1","2","J0;J1","2","J0;J1","2","J0;J3","2","J0;J3","2"
"6537","J0:[1,2);J1:[3,5);J2:[3,6);J3:[4,6)","J0;J1","2","J0;J1","2","J0;J1","2","J0;J1","2","J0;J3","2"
"6538","J0:[1,2);J1:[3,5);J2:[3,6);J3:[5,6)","J0;J1;J3","3","J0;J1;J3","3","J0;J1;J3","3","J0;J3;J1","3","J0;J1;J3","3"
"6539","J0:[1,2);J1:[3,5);J2:[4,5);J3:[4,6)","J0;J1","2","J0;J1","2","J0;J1","2","J0;J2","2","J0;J3","2"
"6540","J0:[1,2);J1:[3,5);J2:[4,5);J3:[5,6)","J0;J1;J3","3","J0;J1;J3","3","J0;J1;J3","3","J0;J2;J3","3","J0;J2;J3","3"
"6541","J0:[1,2);J1:[3,5);J2:[4,6);J3:[5,6)","J0;J1;J3","3","J0;J1;J3","3","J0;J1;J3","3","J0;J3;J1","3","J0;J1;J3","3"
"6542","J0:[1,2);J1:[3,6);J2:[4,5);J3:[4,6)","J0;J1","2","J0;J2","2","J0;J1","2","J0;J2","2","J0;J3","2"
"6543","J0:[1,2);J1:[3,6);J2:[4,5);J3:[5,6)","J0;J2;J3","3","J0;J2;J3","3","J0;J1","2","J0;J2;J3","3","J0;J2;J3","3"
"6544","J0:[1,2);J1:[3,6);J2:[4,6);J3:[5,6)","J0;J1","2","J0;J1","2","J0;J1","2","J0;J3","2","J0;J3","2"
"6545","J0:[1,2);J1:[4,5);J2:[4,6);J3:[5,6)","J0;J1;J3","3","J0;J1;J3","3","J0;J1;J3","3","J0;J1;J3","3","J0;J1;J3","3"
"6546","J0:[1,3);J1:[1,4);J2:[1,5);J3:[1,6)","J0","1","J0","1","J0","1","J0","1","J3","1"
"6547","J0:[1,3);J1:[1,4);J2:[1,5);J3:[2,3)","J0","1","J0","1","J0","1","J3","1","J3","1"
"6548","J0:[1,3);J1:[1,4);J2:[1,5);J3:[2,4)","J0","1","J0","1","J0","1","J0","1","J3","1"
"6549","J0:[1,3);J1:[1,4);J2:[1,5);J3:[2,5)","J0","1","J0","1","J0","1","J0","1","J3","1"
"6550","J0:[1,3);J1:[1,4);J2:[1,5);J3:[2,6)","J0","1","J0","1","J0","1","J0","1","J3","1"
"6551","J0:[1,3);J1:[1,4);J2:[1,5);J3:[3,4)","J0;J3","2","J0;J3","2","J0;J3","2","J3;J0","2","J0;J3","2"
"6552","J0:[1,3);J1:[1,4);J2:[1,5);J3:[3,5)","J0;J3","2","J0;J3","2","J0;J3","2","J0;J3","2","J0;J3","2"
"6553","J0:[1,3);J1:[1,4);J2:[1,5);J3:[3,6)","J0;J3","2","J0;J3","2","J0;J3","2","J0;J3","2","J0;J3","2"
"6554","J0:[1,3);J1:[1,4);J2:[1,5);J3:[4,5)","J0;J3","2","J0;J3","2","J0;J3","2","J3;J0","2","J1;J3","2"
"6555","J0:[1,3);J1:[1,4);J2:[1,5);J3:[4,6)","J0;J3","2","J0;J3","2","J0;J3","2","J0;J3","2","J1;J3","2"
"6556","J0:[1,3);J1:[1,4);J2:[1,5);J3:[5,6)","J0;J3","2","J0;J3","2","J0;J3","2","J3;J0","2","J2;J3","2"
"6557","J0:[1,3);J1:[1,4);J2:[1,6);J3:[2,3)","J0","1","J0","1","J0","1","J3","1","J3","1"
"6558","J0:[1,3);J1:[1,4);J2:[1,6);J3:[2,4)","J0","1","J0","1","J0","1","J0","1","J3","1"
"6559","J0:[1,3);J1:[1,4);J2:[1,6);J3:[2,5)","J0","1","J0","1","J0","1","J0","1","J3","1"
"6560","J0:[1,3);J1:[1,4);J2:[1,6);J3:[2,6)","J0","1","J0","1","J0","1","J0","1","J3","1"
"6561","J0:[1,3);J1:[1,4);J2:[1,6);J3:[3,4)","J0;J3","2","J0;J3","2","J0;J3","2","J3;J0","2","J0;J3","2"
"6562","J0:[1,3);J1:[1,4);J2:[1,6);J3:[3,5)","J0;J3","2","J0;J3","2","J0;J3","2","J0;J3","2","J0;J3","2"
"6563","J0:[1,3);J1:[1,4);J2:[1,6);J3:[3,6)","J0;J3","2","J0;J3","2","J0;J3","2","J0;J3","2","J0;J3","2"
"6564","J0:[1,3);J1:[1,4);J2:[1,6);J3:[4,5)","J0;J3","2","J0;J3","2","J0;J3","2","J3;J0","2","J1;J3","2"
"6565","J0:[1,3);J1:[1,4);J2:[1,6);J3:[4,6)","J0;J3","2","J0;J3","2","J0;J3","2","J0;J3","2","J1;J3","2"
"6566","J0:[1,3);J1:[1,4);J2:[1,6);J3:[5,6)","J0;J3","2","J0;J3","2","J0;J3","2","J3;J0","2","J1;J3","2"
"6567","J0:[1,3);J1:[1,4);J2:[2,3);J3:[2,4)","J0","1","J0","1","J0","1","J2","1","J3","1"
"6568","J0:[1,3);J1:[1,4);J2:[2,3);J3:[2,5)","J0","1","J0","1","J0","1","J2","1","J3","1"
"6569","J0:[1,3);J1:[1,4);J2:[2,3);J3:[2,6)","J0","1","J0","1","J0","1","J2","1","J3","1"
"6570","J0:[1,3);J1:[1,4);J2:[2,3);J3:[3,4)","J0;J3","2","J0;J3","2","J0;J3","2","J2;J3","2","J2;J3","2"
"6571","J0:[1,3);J1:[1,4);J2:[2,3);J3:[3,5)","J0;J3","2","J0;J3","2","J0;J3","2","J2;J3","2","J2;J3","2"
"6572","J0:[1,3);J1:[1,4);J2:[2,3);J3:[3,6)","J0;J3","2","J0;J3","2","J0;J3","2","J2;J3","2","J2;J3","2"
"6573","J0:[1,3);J1:[1,4);J2:[2,3);J3:[4,5)","J0;J3","2","J0;J3","2","J0;J3","2","J2;J3","2","J2;J3","2"
"6574","J0:[1,3);J1:[1,4);J2:[2,3);J3:[4,6)","J0;J3","2","J0;J3","2","J0;J3","2","J2;J3","2","J2;J3","2"
"6575","J0:[1,3);J1:[1,4);J2:[2,3);J3:[5,6)","J0;J3","2","J0;J3","2","J0;J3","2","J2;J3","2","J2;J3","2"
"6576","J0:[1,3);J1:[1,4);J2:[2,4);J3:[2,5)","J0","1","J0","1","J0","1","J0","1","J3","1"
"6577","J0:[1,3);J1:[1,4);J2:[2,4);J3:[2,6)","J0","1","J0","1","J0","1","J0","1","J3","1"
"6578","J0:[1,3);J1:[1,4);J2:[2,4);J3:[3,4)","J0;J3","2","J0;J3","2","J0;J3","2","J3;J0","2","J0;J3","2"
"6579","J0:[1,3);J1:[1,4);J2:[2,4);J3:[3,5)","J0;J3","2","J0;J3","2","J0;J3","2","J0;J3","2","J0;J3","2"
"6580","J0:[1,3);J1:[1,4);J2:[2,4);J3:[3,6)","J0;J3","2","J0;J3","2","J0;J3","2","J0;J3","2","J0;J3","2"
"6581","J0:[1,3);J1:[1,4);J2:[2,4);J3:[4,5)","J0;J3","2","J0;J3","2","J0;J3","2","J3;J0","2","J2;J3","2"
"6582","J0:[1,3);J1:[1,4);J2:[2,4);J3:[4,6)","J0;J3","2","J0;J3","2","J0;J3","2","J0;J3","2","J2;J3","2"
"6583","J0:[1,3);J1:[1,4);J2:[2,4);J3:[5,6)","J0;J3","2","J0;J3","2","J0;J3","2","J3;J0","2","J2;J3","2"
"6584","J0:[1,3);J1:[1,4);J2:[2,5);J3:[2,6)","J0","1","J0","1","J0","1","J0","1","J3","1"
"6585","J0:[1,3);J1:[1,4);J2:[2,5);J3:[3,4)","J0;J3","2","J0;J3","2","J0;J3","2","J3;J0","2","J0;J3","2"
"6586","J0:[1,3);J1:[1,4);J2:[2,5);J3:[3,5)","J0;J3","2","J0;J3","2","J0;J3","2","J0;J3","2","J0;J3","2"
"6587","J0:[1,3);J1:[1,4);J2:[2,5);J3:[3,6)","J0;J3","2","J0;J3","2","J0;J3","2","J0;J3","2","J0;J3","2"
"6588","J0:[1,3);J1:[1,4);J2:[2,5);J3:[4,5)","J0;J3","2","J0;J3","2","J0;J3","2","J3;J0","2","J1;J3","2"
"6589","J0:[1,3);J1:[1,4);J2:[2,5);J3:[4,6)","J0;J3","2","J0;J3","2","J0;J3","2","J0;J3","2","J1;J3","2"
"6590","J0:[1,3);J1:[1,4);J2:[2,5);J3:[5,6)","J0;J3","2","J0;J3","2","J0;J3","2","J3;J0","2","J2;J3","2"
"6591","J0:[1,3);J1:[1,4);J2:[2,6);J3:[3,4)","J0;J3","2","J0;J3","2","J0;J3","2","J3;J0","2","J0;J3","2"
"6592","J0:[1,3);J1:[1,4);J2:[2,6);J3:[3,5)","J0;J3","2","J0;J3","2","J0;J3","2","J0;J3","2","J0;J3","2"
"6593","J0:[1,3);J1:[1,4);J2:[2,6);J3:[3,6)","J0;J3","2","J0;J3","2","J0;J3","2","J0;J3","2","J0;J3","2"
"6594","J0:[1,3);J1:[1,4);J2:[2,6);J3:[4,5)","J0;J3","2","J0;J3","2","J0;J3","2","J3;J0","2","J1;J3","2"
"6595","J0:[1,3);J1:[1,4);J2:[2,6);J3:[4,6)","J0;J3","2","J0;J3","2","J0;J3","2","J0;J3","2","J1;J3","2"
"6596","J0:[1,3);J1:[1,4);J2:[2,6);J3:[5,6)","J0;J3","2","J0;J3","2","J0;J3","2","J3;J0","2","J1;J3","2"
"6597","J0:[1,3);J1:[1,4);J2:[3,4);J3:[3,5)","J0;J2","2","J0;J2","2","J0;J2","2","J2;J0","2","J0;J3","2"
"6598","J0:[1,3);J1:[1,4);J2:[3,4);J3:[3,6)","J0;J2","2","J0;J2","2","J0;J2","2","J2;J0","2","J0;J3","2"
"6599","J0:[1,3);J1:[1,4);J2:[3,4);J3:[4,5)","J0;J2;J3","3","J0;J2;J3","3","J0;J2;J3","3","J2;J3;J0","3","J0;J2;J3","3"
"6600","J0:[1,3);J1:[1,4);J2:[3,4);J3:[4,6)","J0;J2;J3","3","J0;J2;J3","3","J0;J2;J3","3","J2;J0;J3","3","J0;J2;J3","3"
"6601","J0:[1,3);J1:[1,4);J2:[3,4);J3:[5,6)","J0;J2;J3","3","J0;J2;J3","3","J0;J2;J3","3","J2;J3;J0","3","J0;J2;J3","3"
"6602","J0:[1,3);J1:[1,4);J2:[3,5);J3:[3,6)","J0;J2","2","J0;J2","2","J0;J2","2","J0;J2","2","J0;J3","2"
"6603","J0:[1,3);J1:[1,4);J2:[3,5);J3:[4,5)","J0;J2","2","J0;J2","2","J0;J2","2","J3;J0","2","J1;J3","2"
"6604","J0:[1,3);J1:[1,4);J2:[3,5);J3:[4,6)","J0;J2","2","J0;J2","2","J0;J2","2","J0;J2","2","J1;J3","2"
"6605","J0:[1,3);J1:[1,4);J2:[3,5);J3:[5,6)","J0;J2;J3","3","J0;J2;J3","3","J0;J2;J3","3","J3;J0;J2","3","J0;J2;J3","3"
"6606","J0:[1,3);J1:[1,4);J2:[3,6);J3:[4,5)","J0;J2","2","J0;J3","2","J0;J2","2","J3;J0","2","J1;J3","2"
"6607","J0:[1,3);J1:[1,4);J2:[3,6);J3:[4,6)","J0;J2","2","J0;J2","2","J0;J2","2","J0;J3","2","J1;J3","2"
"6608","J0:[1,3);J1:[1,4);J2:[3,6);J3:[5,6)","J0;J2","2","J0;J2","2","J0;J2","2","J3;J0","2","J1;J3","2"
"6609","J0:[1,3);J1:[1,4);J2:[4,5);J3:[4,6)","J0;J2","2","J0;J2","2","J0;J2","2","J2;J0","2","J1;J3","2"
"6610","J0:[1,3);J1:[1,4);J2:[4,5);J3:[5,6)","J0;J2;J3","3","J0;J2;J3","3","J0;J2;J3","3","J2;J3;J0","3","J1;J2;J3","3"
"6611","J0:[1,3);J1:[1,4);J2:[4,6);J3:[5,6)","J0;J2","2","J0;J2","2","J0;J2","2","J3;J0","2","J1;J3","2"
"6612","J0:[1,3);J1:[1,5);J2:[1,6);J3:[2,3)","J0","1","J0","1","J0","1","J3","1","J3","1"
"6613","J0:[1,3);J1:[1,5);J2:[1,6);J3:[2,4)","J0","1","J0","1","J0","1","J0","1","J3","1"
"6614","J0:[1,3);J1:[1,5);J2:[1,6);J3:[2,5)","J0","1","J0","1","J0","1","J0","1","J3","1"
"6615","J0:[1,3);J1:[1,5);J2:[1,6);J3:[2,6)","J0","1","J0","1","J0","1","J0","1","J3","1"
"6616","J0:[1,3);J1:[1,5);J2:[1,6);J3:[3,4)","J0;J3","2","J0;J3","2","J0;J3","2","J3;J0","2","J0;J3","2"
"6617","J0:[1,3);J1:[1,5);J2:[1,6);J3:[3,5)","J0;J3","2","J0;J3","2","J0;J3","2","J0;J3","2","J0;J3","2"
"6618","J0:[1,3);J1:[1,5);J2:[1,6);J3:[3,6)","J0;J3","2","J0;J3","2","J0;J3","2","J0;J3","2","J0;J3","2"
"6619","J0:[1,3);J1:[1,5);J2:[1,6);J3:[4,5)","J0;J3","2","J0;J3","2","J0;J3","2","J3;J0","2","J0;J3","2"
"6620","J0:[1,3);J1:[1,5);J2:[1,6);J3:[4,6)","J0;J3","2","J0;J3","2","J0;J3","2","J0;J3","2","J0;J3","2"
"6621","J0:[1,3);J1:[1,5);J2:[1,6);J3:[5,6)","J0;J3","2","J0;J3","2","J0;J3","2","J3;J0","2","J1;J3","2"
"6622","J0:[1,3);J1:[1,5);J2:[2,3);J3:[2,4)","J0","1","J0","1","J0","1","J2","1","J3","1"
"6623","J0:[1,3);J1:[1,5);J2:[2,3);J3:[2,5)","J0","1","J0","1","J0","1","J2","1","J3","1"
"6624","J0:[1,3);J1:[1,5);J2:[2,3);J3:[2,6)","J0","1","J0","1","J0","1","J2","1","J3","1"
"6625","J0:[1,3);J1:[1,5);J2:[2,3);J3:[3,4)","J0;J3","2","J0;J3","2","J0;J3","2","J2;J3","2","J2;J3","2"
"6626","J0:[1,3);J1:[1,5);J2:[2,3);J3:[3,5)","J0;J3","2","J0;J3","2","J0;J3","2","J2;J3","2","J2;J3","2"
"6627","J0:[1,3);J1:[1,5);J2:[2,3);J3:[3,6)","J0;J3","2","J0;J3","2","J0;J3","2","J2;J3","2","J2;J3","2"
"6628","J0:[1,3);J1:[1,5);J2:[2,3);J3:[4,5)","J0;J3","2","J0;J3","2","J0;J3","2","J2;J3","2","J2;J3","2"
"6629","J0:[1,3);J1:[1,5);J2:[2,3);J3:[4,6)","J0;J3","2","J0;J3","2","J0;J3","2","J2;J3","2","J2;J3","2"
"6630","J0:[1,3);J1:[1,5);J2:[2,3);J3:[5,6)","J0;J3","2","J0;J3","2","J0;J3","2","J2;J3","2","J2;J3","2"
"6631","J0:[1,3);J1:[1,5);J2:[2,4);J3:[2,5)","J0","1","J0","1","J0","1","J0","1","J3","1"
"6632","J0:[1,3);J1:[1,5);J2:[2,4);J3:[2,6)","J0","1","J0","1","J0","1","J0","1","J3","1"
"6633","J0:[1,3);J1:[1,5);J2:[2,4);J3:[3,4)","J0;J3","2","J0;J3","2","J0;J3","2","J3;J0","2","J0;J3","2"
"6634","J0:[1,3);J1:[1,5);J2:[2,4);J3:[3,5)","J0;J3","2","J0;J3","2","J0;J3","2","J0;J3","2","J0;J3","2"
"6635","J0:[1,3);J1:[1,5);J2:[2,4);J3:[3,6)","J0;J3","2","J0;J3","2","J0;J3","2","J0;J3","2","J0;J3","2"
"6636","J0:[1,3);J1:[1,5);J2:[2,4);J3:[4,5)","J0;J3","2","J0;J3","2","J0;J3","2","J3;J0","2","J2;J3","2"
"6637","J0:[1,3);J1:[1,5);J2:[2,4);J3:[4,6)","J0;J3","2","J0;J3","2","J0;J3","2","J0;J3","2","J2;J3","2"
"6638","J0:[1,3);J1:[1,5);J2:[2,4);J3:[5,6)","J0;J3","2","J0;J3","2","J0;J3","2","J3;J0","2","J2;J3","2"
"6639","J0:[1,3);J1:[1,5);J2:[2,5);J3:[2,6)","J0","1","J0","1","J0","1","J0","1","J3","1"
"6640","J0:[1,3);J1:[1,5);J2:[2,5);J3:[3,4)","J0;J3","2","J0;J3","2","J0;J3","2","J3;J0","2","J0;J3","2"
"6641","J0:[1,3);J1:[1,5);J2:[2,5);J3:[3,5)","J0;J3","2","J0;J3","2","J0;J3","2","J0;J3","2","J0;J3","2"
"6642","J0:[1,3);J1:[1,5);J2:[2,5);J3:[3,6)","J0;J3","2","J0;J3","2","J0;J3","2","J0;J3","2","J0;J3","2"
"6643","J0:[1,3);J1:[1,5);J2:[2,5);J3:[4,5)","J0;J3","2","J0;J3","2","J0;J3","2","J3;J0","2","J0;J3","2"
"6644","J0:[1,3);J1:[1,5);J2:[2,5);J3:[4,6)","J0;J3","2","J0;J3","2","J0;J3","2","J0;J3","2","J0;J3","2"
"6645","J0:[1,3);J1:[1,5);J2:[2,5);J3:[5,6)","J0;J3","2","J0;J3","2","J0;J3","2","J3;J0","2","J2;J3","2"
"6646","J0:[1,3);J1:[1,5);J2:[2,6);J3:[3,4)","J0;J3","2","J0;J3","2","J0;J3","2","J3;J0","2","J0;J3","2"
"6647","J0:[1,3);J1:[1,5);J2:[2,6);J3:[3,5)","J0;J3","2","J0;J3","2","J0;J3","2","J0;J3","2","J0;J3","2"
"6648","J0:[1,3);J1:[1,5);J2:[2,6);J3:[3,6)","J0;J3","2","J0;J3","2","J0;J3","2","J0;J3","2","J0;J3","2"
"6649","J0:[1,3);J1:[1,5);J2:[2,6);J3:[4,5)","J0;J3","2","J0;J3","2","J0;J3","2","J3;J0","2","J0;J3","2"
"6650","J0:[1,3);J1:[1,5);J2:[2,6);J3:[4,6)","J0;J3","2","J0;J3","2","J0;J3","2","J0;J3","2","J0;J3","2"
"6651","J0:[1,3);J1:[1,5);J2:[2,6);J3:[5,6)","J0;J3","2","J0;J3","2","J0;J3","2","J3;J0","2","J1;J3","2"
"6652","J0:[1,3);J1:[1,5);J2:[3,4);J3:[3,5)","J0;J2","2","J0;J2","2","J0;J2","2","J2;J0","2","J0;J3","2"
"6653","J0:[1,3);J1:[1,5);J2:[3,4);J3:[3,6)","J0;J2","2","J0;J2","2","J0;J2","2","J2;J0","2","J0;J3","2"
"6654","J0:[1,3);J1:[1,5);J2:[3,4);J3:[4,5)","J0;J2;J3","3","J0;J2;J3","3","J0;J2;J3","3","J2;J3;J0","3","J0;J2;J3","3"
"6655","J0:[1,3);J1:[1,5);J2:[3,4);J3:[4,6)","J0;J2;J3","3","J0;J2;J3","3","J0;J2;J3","3","J2;J0;J3","3","J0;J2;J3","3"
"6656","J0:[1,3);J1:[1,5);J2:[3,4);J3:[5,6)","J0;J2;J3","3","J0;J2;J3","3","J0;J2;J3","3","J2;J3;J0","3","J0;J2;J3","3"
"6657","J0:[1,3);J1:[1,5);J2:[3,5);J3:[3,6)","J0;J2","2","J0;J2","2","J0;J2","2","J0;J2","2","J0;J3","2"
"6658","J0:[1,3);J1:[1,5);J2:[3,5);J3:[4,5)","J0;J2","2","J0;J2","2","J0;J2","2","J3;J0","2","J0;J3","2"
"6659","J0:[1,3);J1:[1,5);J2:[3,5);J3:[4,6)","J0;J2","2","J0;J2","2","J0;J2","2","J0;J2","2","J0;J3","2"
"6660","J0:[1,3);J1:[1,5);J2:[3,5);J3:[5,6)","J0;J2;J3","3","J0;J2;J3","3","J0;J2;J3","3","J3;J0;J2","3","J0;J2;J3","3"
"6661","J0:[1,3);J1:[1,5);J2:[3,6);J3:[4,5)","J0;J2","2","J0;J3","2","J0;J2","2","J3;J0","2","J0;J3","2"
"6662","J0:[1,3);J1:[1,5);J2:[3,6);J3:[4,6)","J0;J2","2","J0;J2","2","J0;J2","2","J0;J3","2","J0;J3","2"
"6663","J0:[1,3);J1:[1,5);J2:[3,6);J3:[5,6)","J0;J2","2","J0;J2","2","J0;J2","2","J3;J0","2","J1;J3","2"
"6664","J0:[1,3);J1:[1,5);J2:[4,5);J3:[4,6)","J0;J2","2","J0;J2","2","J0;J2","2","J2;J0","2","J0;J3","2"
"6665","J0:[1,3);J1:[1,5);J2:[4,5);J3:[5,6)","J0;J2;J3","3","J0;J2;J3","3","J0;J2;J3","3","J2;J3;J0","3","J0;J2;J3","3"
"6666","J0:[1,3);J1:[1,5);J2:[4,6);J3:[5,6)","J0;J2","2","J0;J2","2","J0;J2","2","J3;J0","2","J1;J3","2"
"6667","J0:[1,3);J1:[1,6);J2:[2,3);J3:[2,4)","J0","1","J0","1","J0","1","J2","1","J3","1"
"6668","J0:[1,3);J1:[1,6);J2:[2,3);J3:[2,5)","J0","1","J0","1","J0","1","J2","1","J3","1"
"6669","J0:[1,3);J1:[1,6);J2:[2,3);J3:[2,6)","J0","1","J0","1","J0","1","J2","1","J3","1"
"6670","J0:[1,3);J1:[1,6);J2:[2,3);J3:[3,4)","J0;J3","2","J0;J3","2","J0;J3","2","J2;J3","2","J2;J3","2"
"6671","J0:[1,3);J1:[1,6);J2:[2,3);J3:[3,5)","J0;J3","2","J0;J3","2","J0;J3","2","J2;J3","2","J2;J3","2"
"6672","J0:[1,3);J1:[1,6);J2:[2,3);J3:[3,6)","J0;J3","2","J0;J3","2","J0;J3","2","J2;J3","2","J2;J3","2"
"6673","J0:[1,3);J1:[1,6);J2:[2,3);J3:[4,5)","J0;J3","2","J0;J3","2","J0;J3","2","J2;J3","2","J2;J3","2"
"6674","J0:[1,3);J1:[1,6);J2:[2,3);J3:[4,6)","J0;J3","2","J0;J3","2","J0;J3","2","J2;J3","2","J2;J3","2"
"6675","J0:[1,3);J1:[1,6);J2:[2,3);J3:[5,6)","J0;J3","2","J0;J3","2","J0;J3","2","J2;J3","2","J2;J3","2"
"6676","J0:[1,3);J1:[1,6);J2:[2,4);J3:[2,5)","J0","1","J0","1","J0","1","J0","1","J3","1"
"6677","J0:[1,3);J1:[1,6);J2:[2,4);J3:[2,6)","J0","1","J0","1","J0","1","J0","1","J3","1"
"6678","J0:[1,3);J1:[1,6);J2:[2,4);J3:[3,4)","J0;J3","2","J0;J3","2","J0;J3","2","J3;J0","2","J0;J3","2"
"6679","J0:[1,3);J1:[1,6);J2:[2,4);J3:[3,5)","J0;J3","2","J0;J3","2","J0;J3","2","J0;J3","2","J0;J3","2"
"6680","J0:[1,3);J1:[1,6);J2:[2,4);J3:[3,6)","J0;J3","2","J0;J3","2","J0;J3","2","J0;J3","2","J0;J3","2"
"6681","J0:[1,3);J1:[1,6);J2:[2,4);J3:[4,5)","J0;J3","2","J0;J3","2","J0;J3","2","J3;J0","2","J2;J3","2"
"6682","J0:[1,3);J1:[1,6);J2:[2,4);J3:[4,6)","J0;J3","2","J0;J3","2","J0;J3","2","J0;J3","2","J2;J3","2"
"6683","J0:[1,3);J1:[1,6);J2:[2,4);J3:[5,6)","J0;J3","2","J0;J3","2","J0;J3","2","J3;J0","2","J2;J3","2"
"6684","J0:[1,3);J1:[1,6);J2:[2,5);J3:[2,6)","J0","1","J0","1","J0","1","J0","1","J3","1"
"6685","J0:[1,3);J1:[1,6);J2:[2,5);J3:[3,4)","J0;J3","2","J0;J3","2","J0;J3","2","J3;J0","2","J0;J3","2"
"6686","J0:[1,3);J1:[1,6);J2:[2,5);J3:[3,5)","J0;J3","2","J0;J3","2","J0;J3","2","J0;J3","2","J0;J3","2"
"6687","J0:[1,3);J1:[1,6);J2:[2,5);J3:[3,6)","J0;J3","2","J0;J3","2","J0;J3","2","J0;J3","2","J0;J3","2"
"6688","J0:[1,3);J1:[1,6);J2:[2,5);J3:[4,5)","J0;J3","2","J0;J3","2","J0;J3","2","J3;J0","2","J0;J3","2"
"6689","J0:[1,3);J1:[1,6);J2:[2,5);J3:[4,6)","J0;J3","2","J0;J3","2","J0;J3","2","J0;J3","2","J0;J3","2"
"6690","J0:[1,3);J1:[1,6);J2:[2,5);J3:[5,6)","J0;J3","2","J0;J3","2","J0;J3","2","J3;J0","2","J2;J3","2"
"6691","J0:[1,3);J1:[1,6);J2:[2,6);J3:[3,4)","J0;J3","2","J0;J3","2","J0;J3","2","J3;J0","2","J0;J3","2"
"6692","J0:[1,3);J1:[1,6);J2:[2,6);J3:[3,5)","J0;J3","2","J0;J3","2","J0;J3","2","J0;J3","2","J0;J3","2"
"6693","J0:[1,3);J1:[1,6);J2:[2,6);J3:[3,6)","J0;J3","2","J0;J3","2","J0;J3","2","J0;J3","2","J0;J3","2"
"6694","J0:[1,3);J1:[1,6);J2:[2,6);J3:[4,5)","J0;J3","2","J0;J3","2","J0;J3","2","J3;J0","2","J0;J3","2"
"6695","J0:[1,3);J1:[1,6);J2:[2,6);J3:[4,6)","J0;J3","2","J0;J3","2","J0;J3","2","J0;J3","2","J0;J3","2"
"6696","J0:[1,3);J1:[1,6);J2:[2,6);J3:[5,6)","J0;J3","2","J0;J3","2","J0;J3","2","J3;J0","2","J0;J3","2"
"6697","J0:[1,3);J1:[1,6);J2:[3,4);J3:[3,5)","J0;J2","2","J0;J2","2","J0;J2","2","J2;J0","2","J0;J3","2"
"6698","J0:[1,3);J1:[1,6);J2:[3,4);J3:[3,6)","J0;J2","2","J0;J2","2","J0;J2","2","J2;J0","2","J0;J3","2"
"6699","J0:[1,3);J1:[1,6);J2:[3,4);J3:[4,5)","J0;J2;J3","3","J0;J2;J3","3","J0;J2;J3","3","J2;J3;J0","3","J0;J2;J3","3"
"6700","J0:[1,3);J1:[1,6);J2:[3,4);J3:[4,6)","J0;J2;J3","3","J0;J2;J3","3","J0;J2;J3","3","J2;J0;J3","3","J0;J2;J3","3"
"6701","J0:[1,3);J1:[1,6);J2:[3,4);J3:[5,6)","J0;J2;J3","3","J0;J2;J3","3","J0;J2;J3","3","J2;J3;J0","3","J0;J2;J3","3"
"6702","J0:[1,3);J1:[1,6);J2:[3,5);J3:[3,6)","J0;J2","2","J0;J2","2","J0;J2","2","J0;J2","2","J0;J3","2"
"6703","J0:[1,3);J1:[1,6);J2:[3,5);J3:[4,5)","J0;J2","2","J0;J2","2","J0;J2","2","J3;J0","2","J0;J3","2"
"6704","J0:[1,3);J1:[1,6);J2:[3,5);J3:[4,6)","J0;J2","2","J0;J2","2","J0;J2","2","J0;J2","2","J0;J3","2"
"6705","J0:[1,3);J1:[1,6);J2:[3,5);J3:[5,6)","J0;J2;J3","3","J0;J2;J3","3","J0;J2;J3","3","J3;J0;J2","3","J0;J2;J3","3"
"6706","J0:[1,3);J1:[1,6);J2:[3,6);J3:[4,5)","J0;J2","2","J0;J3","2","J0;J2","2","J3;J0","2","J0;J3","2"
"6707","J0:[1,3);J1:[1,6);J2:[3,6);J3:[4,6)","J0;J2","2","J0;J2","2","J0;J2","2","J0;J3","2","J0;J3","2"
"6708","J0:[1,3);J1:[1,6);J2:[3,6);J3:[5,6)","J0;J2","2","J0;J2","2","J0;J2","2","J3;J0","2","J0;J3","2"
"6709","J0:[1,3);J1:[1,6);J2:[4,5);J3:[4,6)","J0;J2","2","J0;J2","2","J0;J2","2","J2;J0","2","J0;J3","2"
"6710","J0:[1,3);J1:[1,6);J2:[4,5);J3:[5,6)","J0;J2;J3","3","J0;J2;J3","3","J0;J2;J3","3","J2;J3;J0","3","J0;J2;J3","3"
"6711","J0:[1,3);J1:[1,6);J2:[4,6);J3:[5,6)","J0;J2","2","J0;J2","2","J0;J2","2","J3;J0","2","J0;J3","2"
"6712","J0:[1,3);J1:[2,3);J2:[2,4);J3:[2,5)","J0","1","J0","1","J0","1","J1","1","J3","1"
"6713","J0:[1,3);J1:[2,3);J2:[2,4);J3:[2,6)","J0","1","J0","1","J0","1","J1","1","J3","1"
"6714","J0:[1,3);J1:[2,3);J2:[2,4);J3:[3,4)","J0;J3","2","J0;J3","2","J0;J3","2","J1;J3","2","J1;J3","2"
"6715","J0:[1,3);J1:[2,3);J2:[2,4);J3:[3,5)","J0;J3","2","J0;J3","2","J0;J3","2","J1;J3","2","J1;J3","2"
"6716","J0:[1,3);J1:[2,3);J2:[2,4);J3:[3,6)","J0;J3","2","J0;J3","2","J0;J3","2","J1;J3","2","J1;J3","2"
"6717","J0:[1,3);J1:[2,3);J2:[2,4);J3:[4,5)","J0;J3","2","J0;J3","2","J0;J3","2","J1;J3","2","J2;J3","2"
"6718","J0:[1,3);J1:[2,3);J2:[2,4);J3:[4,6)","J0;J3","2","J0;J3","2","J0;J3","2","J1;J3","2","J2;J3","2"
"6719","J0:[1,3);J1:[2,3);J2:[2,4);J3:[5,6)","J0;J3","2","J0;J3","2","J0;J3","2","J1;J3","2","J2;J3","2"
"6720","J0:[1,3);J1:[2,3);J2:[2,5);J3:[2,6)","J0","1","J0","1","J0","1","J1","1","J3","1"
"6721","J0:[1,3);J1:[2,3);J2:[2,5);J3:[3,4)","J0;J3","2","J0;J3","2","J0;J3","2","J1;J3","2","J1;J3","2"
"6722","J0:[1,3);J1:[2,3);J2:[2,5);J3:[3,5)","J0;J3","2","J0;J3","2","J0;J3","2","J1;J3","2","J1;J3","2"
"6723","J0:[1,3);J1:[2,3);J2:[2,5);J3:[3,6)","J0;J3","2","J0;J3","2","J0;J3","2","J1;J3","2","J1;J3","2"
"6724","J0:[1,3);J1:[2,3);J2:[2,5);J3:[4,5)","J0;J3","2","J0;J3","2","J0;J3","2","J1;J3","2","J1;J3","2"
"6725","J0:[1,3);J1:[2,3);J2:[2,5);J3:[4,6)","J0;J3","2","J0;J3","2","J0;J3","2","J1;J3","2","J1;J3","2"
"6726","J0:[1,3);J1:[2,3);J2:[2,5);J3:[5,6)","J0;J3","2","J0;J3","2","J0;J3","2","J1;J3","2","J2;J3","2"
"6727","J0:[1,3);J1:[2,3);J2:[2,6);J3:[3,4)","J0;J3","2","J0;J3","2","J0;J3","2","J1;J3","2","J1;J3","2"
"6728","J0:[1,3);J1:[2,3);J2:[2,6);J3:[3,5)","J0;J3","2","J0;J3","2","J0;J3","2","J1;J3","2","J1;J3","2"
"6729","J0:[1,3);J1:[2,3);J2:[2,6);J3:[3,6)","J0;J3","2","J0;J3","2","J0;J3","2","J1;J3","2","J1;J3","2"
"6730","J0:[1,3);J1:[2,3);J2:[2,6);J3:[4,5)","J0;J3","2","J0;J3","2","J0;J3","2","J1;J3","2","J1;J3","2"
"6731","J0:[1,3);J1:[2,3);J2:[2,6);J3:[4,6)","J0;J3","2","J0;J3","2","J0;J3","2","J1;J3","2","J1;J3","2"
"6732","J0:[1,3);J1:[2,3);J2:[2,6);J3:[5,6)","J0;J3","2","J0;J3","2","J0;J3","2","J1;J3","2","J1;J3","2"
"6733","J0:[1,3);J1:[2,3);J2:[3,4);J3:[3,5)","J0;J2","2","J0;J2","2","J0;J2","2","J1;J2","2","J1;J3","2"
"6734","J0:[1,3);J1:[2,3);J2:[3,4);J3:[3,6)","J0;J2","2","J0;J2","2","J0;J2","2","J1;J2","2","J1;J3","2"
"6735","J0:[1,3);J1:[2,3);J2:[3,4);J3:[4,5)","J0;J2;J3","3","J0;J2;J3","3","J0;J2;J3","3","J1;J2;J3","3","J1;J2;J3","3"
"6736","J0:[1,3);J1:[2,3);J2:[3,4);J3:[4,6)","J0;J2;J3","3","J0;J2;J3","3","J0;J2;J3","3","J1;J2;J3","3","J1;J2;J3","3"
"6737","J0:[1,3);J1:[2,3);J2:[3,4);J3:[5,6)","J0;J2;J3","3","J0;J2;J3","3","J0;J2;J3","3","J1;J2;J3","3","J1;J2;J3","3"
"6738","J0:[1,3);J1:[2,3);J2:[3,5);J3:[3,6)","J0;J2","2","J0;J2","2","J0;J2","2","J1;J2","2","J1;J3","2"
"6739","J0:[1,3);J1:[2,3);J2:[3,5);J3:[4,5)","J0;J2","2","J0;J2","2","J0;J2","2","J1;J3","2","J1;J3","2"
"6740","J0:[1,3);J1:[2,3);J2:[3,5);J3:[4,6)","J0;J2","2","J0;J2","2","J0;J2","2","J1;J2","2","J1;J3","2"
"6741","J0:[1,3);J1:[2,3);J2:[3,5);J3:[5,6)","J0;J2;J3","3","J0;J2;J3","3","J0;J2;J3","3","J1;J3;J2","3","J1;J2;J3","3"
"6742","J0:[1,3);J1:[2,3);J2:[3,6);J3:[4,5)","J0;J2","2","J0;J3","2","J0;J2","2","J1;J3","2","J1;J3","2"
"6743","J0:[1,3);J1:[2,3);J2:[3,6);J3:[4,6)","J0;J2","2","J0;J2","2","J0;J2","2","J1;J3","2","J1;J3","2"
"6744","J0:[1,3);J1:[2,3);J2:[3,6);J3:[5,6)","J0;J2","2","J0;J2","2","J0;J2","2","J1;J3","2","J1;J3","2"
"6745","J0:[1,3);J1:[2,3);J2:[4,5);J3:[4,6)","J0;J2","2","J0;J2","2","J0;J2","2","J1;J2","2","J1;J3","2"
"6746","J0:[1,3);J1:[2,3);J2:[4,5);J3:[5,6)","J0;J2;J3","3","J0;J2;J3","3","J0;J2;J3","3","J1;J2;J3","3","J1;J2;J3","3"
"6747","J0:[1,3);J1:[2,3);J2:[4,6);J3:[5,6)","J0;J2","2","J0;J2","2","J0;J2","2","J1;J3","2","J1;J3","2"
"6748","J0:[1,3);J1:[2,4);J2:[2,5);J3:[2,6)","J0","1","J0","1","J0","1","J0","1","J3","1"
"6749","J0:[1,3);J1:[2,4);J2:[2,5);J3:[3,4)","J0;J3","2","J0;J3","2","J0;J3","2","J3;J0","2","J0;J3","2"
"6750","J0:[1,3);J1:[2,4);J2:[2,5);J3:[3,5)","J0;J3","2","J0;J3","2","J0;J3","2","J0;J3","2","J0;J3","2"
"6751","J0:[1,3);J1:[2,4);J2:[2,5);J3:[3,6)","J0;J3","2","J0;J3","2","J0;J3","2","J0;J3","2","J0;J3","2"
"6752","J0:[1,3);J1:[2,4);J2:[2,5);J3:[4,5)","J0;J3","2","J0;J3","2","J0;J3","2","J3;J0","2","J1;J3","2"
"6753","J0:[1,3);J1:[2,4);J2:[2,5);J3:[4,6)","J0;J3","2","J0;J3","2","J0;J3","2","J0;J3","2","J1;J3","2"
"6754","J0:[1,3);J1:[2,4);J2:[2,5);J3:[5,6)","J0;J3","2","J0;J3","2","J0;J3","2","J3;J0","2","J2;J3","2"
"6755","J0:[1,3);J1:[2,4);J2:[2,6);J3:[3,4)","J0;J3","2","J0;J3","2","J0;J3","2","J3;J0","2","J0;J3","2"
"6756","J0:[1,3);J1:[2,4);J2:[2,6);J3:[3,5)","J0;J3","2","J0;J3","2","J0;J3","2","J0;J3","2","J0;J3","2"
"6757","J0:[1,3);J1:[2,4);J2:[2,6);J3:[3,6)","J0;J3","2","J0;J3","2","J0;J3","2","J0;J3","2","J0;J3","2"
"6758","J0:[1,3);J1:[2,4);J2:[2,6);J3:[4,5)","J0;J3","2","J0;J3","2","J0;J3","2","J3;J0","2","J1;J3","2"
"6759","J0:[1,3);J1:[2,4);J2:[2,6);J3:[4,6)","J0;J3","2","J0;J3","2","J0;J3","2","J0;J3","2","J1;J3","2"
"6760","J0:[1,3);J1:[2,4);J2:[2,6);J3:[5,6)","J0;J3","2","J0;J3","2","J0;J3","2","J3;J0","2","J1;J3","2"
"6761","J0:[1,3);J1:[2,4);J2:[3,4);J3:[3,5)","J0;J2","2","J0;J2","2","J0;J2","2","J2;J0","2","J0;J3","2"
"6762","J0:[1,3);J1:[2,4);J2:[3,4);J3:[3,6)","J0;J2","2","J0;J2","2","J0;J2","2","J2;J0","2","J0;J3","2"
"6763","J0:[1,3);J1:[2,4);J2:[3,4);J3:[4,5)","J0;J2;J3","3","J0;J2;J3","3","J0;J2;J3","3","J2;J3;J0","3","J0;J2;J3","3"
"6764","J0:[1,3);J1:[2,4);J2:[3,4);J3:[4,6)","J0;J2;J3","3","J0;J2;J3","3","J0;J2;J3","3","J2;J0;J3","3","J0;J2;J3","3"
"6765","J0:[1,3);J1:[2,4);J2:[3,4);J3:[5,6)","J0;J2;J3","3","J0;J2;J3","3","J0;J2;J3","3","J2;J3;J0","3","J0;J2;J3","3"
"6766","J0:[1,3);J1:[2,4);J2:[3,5);J3:[3,6)","J0;J2","2","J0;J2","2","J0;J2","2","J0;J2","2","J0;J3","2"
"6767","J0:[1,3);J1:[2,4);J2:[3,5);J3:[4,5)","J0;J2","2","J0;J2","2","J0;J2","2","J3;J0","2","J1;J3","2"
"6768","J0:[1,3);J1:[2,4);J2:[3,5);J3:[4,6)","J0;J2","2","J0;J2","2","J0;J2","2","J0;J2","2","J1;J3","2"
"6769","J0:[1,3);J1:[2,4);J2:[3,5);J3:[5,6)","J0;J2;J3","3","J0;J2;J3","3","J0;J2;J3","3","J3;J0;J2","3","J0;J2;J3","3"
"6770","J0:[1,3);J1:[2,4);J2:[3,6);J3:[4,5)","J0;J2","2","J0;J3","2","J0;J2","2","J3;J0","2","J1;J3","2"
"6771","J0:[1,3);J1:[2,4);J2:[3,6);J3:[4,6)","J0;J2","2","J0;J2","2","J0;J2","2","J0;J3","2","J1;J3","2"
"6772","J0:[1,3);J1:[2,4);J2:[3,6);J3:[5,6)","J0;J2","2","J0;J2","2","J0;J2","2","J3;J0","2","J1;J3","2"
"6773","J0:[1,3);J1:[2,4);J2:[4,5);J3:[4,6)","J0;J2","2","J0;J2","2","J0;J2","2","J2;J0","2","J1;J3","2"
"6774","J0:[1,3);J1:[2,4);J2:[4,5);J3:[5,6)","J0;J2;J3","3","J0;J2;J3","3","J0;J2;J3","3","J2;J3;J0","3","J1;J2;J3","3"
"6775","J0:[1,3);J1:[2,4);J2:[4,6);J3:[5,6)","J0;J2","2","J0;J2","2","J0;J2","2","J3;J0","2","J1;J3","2"
"6776","J0:[1,3);J1:[2,5);J2:[2,6);J3:[3,4)","J0;J3","2","J0;J3","2","J0;J3","2","J3;J0","2","J0;J3","2"
"6777","J0:[1,3);J1:[2,5);J2:[2,6);J3:[3,5)","J0;J3","2","J0;J3","2","J0;J3","2","J0;J3","2","J0;J3","2"
"6778","J0:[1,3);J1:[2,5);J2:[2,6);J3:[3,6)","J0;J3","2","J0;J3","2","J0;J3","2","J0;J3","2","J0;J3","2"
"6779","J0:[1,3);J1:[2,5);J2:[2,6);J3:[4,5)","J0;J3","2","J0;J3","2","J0;J3","2","J3;J0","2","J0;J3","2"
"6780","J0:[1,3);J1:[2,5);J2:[2,6);J3:[4,6)","J0;J3","2","J0;J3","2","J0;J3","2","J0;J3","2","J0;J3","2"
"6781","J0:[1,3);J1:[2,5);J2:[2,6);J3:[5,6)","J0;J3","2","J0;J3","2","J0;J3","2","J3;J0","2","J1;J3","2"
"6782","J0:[1,3);J1:[2,5);J2:[3,4);J3:[3,5)","J0;J2","2","J0;J2","2","J0;J2","2","J2;J0","2","J0;J3","2"
"6783","J0:[1,3);J1:[2,5);J2:[3,4);J3:[3,6)","J0;J2","2","J0;J2","2","J0;J2","2","J2;J0","2","J0;J3","2"
"6784","J0:[1,3);J1:[2,5);J2:[3,4);J3:[4,5)","J0;J2;J3","3","J0;J2;J3","3","J0;J2;J3","3","J2;J3;J0","3","J0;J2;J3","3"
"6785","J0:[1,3);J1:[2,5);J2:[3,4);J3:[4,6)","J0;J2;J3","3","J0;J2;J3","3","J0;J2;J3","3","J2;J0;J3","3","J0;J2;J3","3"
"6786","J0:[1,3);J1:[2,5);J2:[3,4);J3:[5,6)","J0;J2;J3","3","J0;J2;J3","3","J0;J2;J3","3","J2;J3;J0","3","J0;J2;J3","3"
"6787","J0:[1,3);J1:[2,5);J2:[3,5);J3:[3,6)","J0;J2","2","J0;J2","2","J0;J2","2","J0;J2","2","J0;J3","2"
"6788","J0:[1,3);J1:[2,5);J2:[3,5);J3:[4,5)","J0;J2","2","J0;J2","2","J0;J2","2","J3;J0","2","J0;J3","2"
"6789","J0:[1,3);J1:[2,5);J2:[3,5);J3:[4,6)","J0;J2","2","J0;J2","2","J0;J2","2","J0;J2","2","J0;J3","2"
"6790","J0:[1,3);J1:[2,5);J2:[3,5);J3:[5,6)","J0;J2;J3","3","J0;J2;J3","3","J0;J2;J3","3","J3;J0;J2","3","J0;J2;J3","3"
"6791","J0:[1,3);J1:[2,5);J2:[3,6);J3:[4,5)","J0;J2","2","J0;J3","2","J0;J2","2","J3;J0","2","J0;J3","2"
"6792","J0:[1,3);J1:[2,5);J2:[3,6);J3:[4,6)","J0;J2","2","J0;J2","2","J0;J2","2","J0;J3","2","J0;J3","2"
"6793","J0:[1,3);J1:[2,5);J2:[3,6);J3:[5,6)","J0;J2","2","J0;J2","2","J0;J2","2","J3;J0","2","J1;J3","2"
"6794","J0:[1,3);J1:[2,5);J2:[4,5);J3:[4,6)","J0;J2","2","J0;J2","2","J0;J2","2","J2;J0","2","J0;J3","2"
"6795","J0:[1,3);J1:[2,5);J2:[4,5);J3:[5,6)","J0;J2;J3","3","J0;J2;J3","3","J0;J2;J3","3","J2;J3;J0","3","J0;J2;J3","3"
"6796","J0:[1,3);J1:[2,5);J2:[4,6);J3:[5,6)","J0;J2","2","J0;J2","2","J0;J2","2","J3;J0","2","J1;J3","2"
"6797","J0:[1,3);J1:[2,6);J2:[3,4);J3:[3,5)","J0;J2","2","J0;J2","2","J0;J2","2","J2;J0","2","J0;J3","2"
"6798","J0:[1,3);J1:[2,6);J2:[3,4);J3:[3,6)","J0;J2","2","J0;J2","2","J0;J2","2","J2;J0","2","J0;J3","2"
"6799","J0:[1,3);J1:[2,6);J2:[3,4);J3:[4,5)","J0;J2;J3","3","J0;J2;J3","3","J0;J2;J3","3","J2;J3;J0","3","J0;J2;J3","3"
"6800","J0:[1,3);J1:[2,6);J2:[3,4);J3:[4,6)","J0;J2;J3","3","J0;J2;J3","3","J0;J2;J3","3","J2;J0;J3","3","J0;J2;J3","3"
"6801","J0:[1,3);J1:[2,6);J2:[3,4);J3:[5,6)","J0;J2;J3","3","J0;J2;J3","3","J0;J2;J3","3","J2;J3;J0","3","J0;J2;J3","3"
"6802","J0:[1,3);J1:[2,6);J2:[3,5);J3:[3,6)","J0;J2","2","J0;J2","2","J0;J2","2","J0;J2","2","J0;J3","2"
"6803","J0:[1,3);J1:[2,6);J2:[3,5);J3:[4,5)","J0;J2","2","J0;J2","2","J0;J2","2","J3;J0","2","J0;J3","2"
"6804","J0:[1,3);J1:[2,6);J2:[3,5);J3:[4,6)","J0;J2","2","J0;J2","2","J0;J2","2","J0;J2","2","J0;J3","2"
"6805","J0:[1,3);J1:[2,6);J2:[3,5);J3:[5,6)","J0;J2;J3","3","J0;J2;J3","3","J0;J2;J3","3","J3;J0;J2","3","J0;J2;J3","3"
"6806","J0:[1,3);J1:[2,6);J2:[3,6);J3:[4,5)","J0;J2","2","J0;J3","2","J0;J2","2","J3;J0","2","J0;J3","2"
"6807","J0:[1,3);J1:[2,6);J2:[3,6);J3:[4,6)","J0;J2","2","J0;J2","2","J0;J2","2","J0;J3","2","J0;J3","2"
"6808","J0:[1,3);J1:[2,6);J2:[3,6);J3:[5,6)","J0;J2","2","J0;J2","2","J0;J2","2","J3;J0","2","J0;J3","2"
"6809","J0:[1,3);J1:[2,6);J2:[4,5);J3:[4,6)","J0;J2","2","J0;J2","2","J0;J2","2","J2;J0","2","J0;J3","2"
"6810","J0:[1,3);J1:[2,6);J2:[4,5);J3:[5,6)","J0;J2;J3","3","J0;J2;J3","3","J0;J2;J3","3","J2;J3;J0","3","J0;J2;J3","3"
"6811","J0:[1,3);J1:[2,6);J2:[4,6);J3:[5,6)","J0;J2","2","J0;J2","2","J0;J2","2","J3;J0","2","J0;J3","2"
"6812","J0:[1,3);J1:[3,4);J2:[3,5);J3:[3,6)","J0;J1","2","J0;J1","2","J0;J1","2","J1;J0","2","J0;J3","2"
"6813","J0:[1,3);J1:[3,4);J2:[3,5);J3:[4,5)","J0;J1;J3","3","J0;J1;J3","3","J0;J1;J3","3","J1;J3;J0","3","J0;J1;J3","3"
"6814","J0:[1,3);J1:[3,4);J2:[3,5);J3:[4,6)","J0;J1;J3","3","J0;J1;J3","3","J0;J1;J3","3","J1;J0;J3","3","J0;J1;J3","3"
"6815","J0:[1,3);J1:[3,4);J2:[3,5);J3:[5,6)","J0;J1;J3","3","J0;J1;J3","3","J0;J1;J3","3","J1;J3;J0","3","J0;J2;J3","3"
"6816","J0:[1,3);J1:[3,4);J2:[3,6);J3:[4,5)","J0;J1;J3","3","J0;J1;J3","3","J0;J1;J3","3","J1;J3;J0","3","J0;J1;J3","3"
"6817","J0:[1,3);J1:[3,4);J2:[3,6);J3:[4,6)","J0;J1;J3","3","J0;J1;J3","3","J0;J1;J3","3","J1;J0;J3","3","J0;J1;J3","3"
"6818","J0:[1,3);J1:[3,4);J2:[3,6);J3:[5,6)","J0;J1;J3","3","J0;J1;J3","3","J0;J1;J3","3","J1;J3;J0","3","J0;J1;J3","3"
"6819","J0:[1,3);J1:[3,4);J2:[4,5);J3:[4,6)","J0;J1;J2","3","J0;J1;J2","3","J0;J1;J2","3","J1;J2;J0","3","J0;J1;J3","3"
"6820","J0:[1,3);J1:[3,4);J2:[4,5);J3:[5,6)","J0;J1;J2;J3","4","J0;J1;J2;J3","4","J0;J1;J2;J3","4","J1;J2;J3;J0","4","J0;J1;J2;J3","4"
"6821","J0:[1,3);J1:[3,4);J2:[4,6);J3:[5,6)","J0;J1;J2","3","J0;J1;J2","3","J0;J1;J2","3","J1;J3;J0","3","J0;J1;J3","3"
"6822","J0:[1,3);J1:[3,5);J2:[3,6);J3:[4,5)","J0;J1","2","J0;J1","2","J0;J1","2","J3;J0","2","J0;J3","2"
"6823","J0:[1,3);J1:[3,5);J2:[3,6);J3:[4,6)","J0;J1","2","J0;J1","2","J0;J1","2","J0;J1","2","J0;J3","2"
"6824","J0:[1,3);J1:[3,5);J2:[3,6);J3:[5,6)","J0;J1;J3","3","J0;J1;J3","3","J0;J1;J3","3","J3;J0;J1","3","J0;J1;J3","3"
"6825","J0:[1,3);J1:[3,5);J2:[4,5);J3:[4,6)","J0;J1","2","J0;J1","2","J0;J1","2","J2;J0","2","J0;J3","2"
"6826","J0:[1,3);J1:[3,5);J2:[4,5);J3:[5,6)","J0;J1;J3","3","J0;J1;J3","3","J0;J1;J3","3","J2;J3;J0","3","J0;J2;J3","3"
"6827","J0:[1,3);J1:[3,5);J2:[4,6);J3:[5,6)","J0;J1;J3","3","J0;J1;J3","3","J0;J1;J3","3","J3;J0;J1","3","J0;J1;J3","3"
"6828","J0:[1,3);J1:[3,6);J2:[4,5);J3:[4,6)","J0;J1","2","J0;J2","2","J0;J1","2","J2;J0","2","J0;J3","2"
"6829","J0:[1,3);J1:[3,6);J2:[4,5);J3:[5,6)","J0;J2;J3","3","J0;J2;J3","3","J0;J1","2","J2;J3;J0","3","J0;J2;J3","3"
"6830","J0:[1,3);J1:[3,6);J2:[4,6);J3:[5,6)","J0;J1","2","J0;J1","2","J0;J1","2","J3;J0","2","J0;J3","2"
"6831","J0:[1,3);J1:[4,5);J2:[4,6);J3:[5,6)","J0;J1;J3","3","J0;J1;J3","3","J0;J1;J3","3","J1;J3;J0","3","J0;J1;J3","3"
"6832","J0:[1,4);J1:[1,5);J2:[1,6);J3:[2,3)","J0","1","J3","1","J0","1","J3","1","J3","1"
"6833","J0:[1,4);J1:[1,5);J2:[1,6);J3:[2,4)","J0","1","J0","1","J0","1","J3","1","J3","1"
"6834","J0:[1,4);J1:[1,5);J2:[1,6);J3:[2,5)","J0","1","J0","1","J0","1","J0","1","J3","1"
"6835","J0:[1,4);J1:[1,5);J2:[1,6);J3:[2,6)","J0","1","J0","1","J0","1","J0","1","J3","1"
"6836","J0:[1,4);J1:[1,5);J2:[1,6);J3:[3,4)","J0","1","J0","1","J0","1","J3","1","J3","1"
"6837","J0:[1,4);J1:[1,5);J2:[1,6);J3:[3,5)","J0","1","J0","1","J0","1","J3","1","J3","1"
"6838","J0:[1,4);J1:[1,5);J2:[1,6);J3:[3,6)","J0","1","J0","1","J0","1","J0","1","J3","1"
"6839","J0:[1,4);J1:[1,5);J2:[1,6);J3:[4,5)","J0;J3","2","J0;J3","2","J0;J3","2","J3;J0","2","J0;J3","2"
"6840","J0:[1,4);J1:[1,5);J2:[1,6);J3:[4,6)","J0;J3","2","J0;J3","2","J0;J3","2","J3;J0","2","J0;J3","2"
"6841","J0:[1,4);J1:[1,5);J2:[1,6);J3:[5,6)","J0;J3","2","J0;J3","2","J0;J3","2","J3;J0","2","J1;J3","2"
"6842","J0:[1,4);J1:[1,5);J2:[2,3);J3:[2,4)","J0","1","J2","1","J0","1","J2","1","J3","1"
"6843","J0:[1,4);J1:[1,5);J2:[2,3);J3:[2,5)","J0","1","J2","1","J0","1","J2","1","J3","1"
"6844","J0:[1,4);J1:[1,5);J2:[2,3);J3:[2,6)","J0","1","J2","1","J0","1","J2","1","J3","1"
"6845","J0:[1,4);J1:[1,5);J2:[2,3);J3:[3,4)","J2;J3","2","J2;J3","2","J0","1","J2;J3","2","J2;J3","2"
"6846","J0:[1,4);J1:[1,5);J2:[2,3);J3:[3,5)","J2;J3","2","J2;J3","2","J0","1","J2;J3","2","J2;J3","2"
"6847","J0:[1,4);J1:[1,5);J2:[2,3);J3:[3,6)","J2;J3","2","J2;J3","2","J0","1","J2;J3","2","J2;J3","2"
"6848","J0:[1,4);J1:[1,5);J2:[2,3);J3:[4,5)","J0;J3","2","J2;J3","2","J0;J3","2","J2;J3","2","J2;J3","2"
"6849","J0:[1,4);J1:[1,5);J2:[2,3);J3:[4,6)","J0;J3","2","J2;J3","2","J0;J3","2","J2;J3","2","J2;J3","2"
"6850","J0:[1,4);J1:[1,5);J2:[2,3);J3:[5,6)","J0;J3","2","J2;J3","2","J0;J3","2","J2;J3","2","J2;J3","2"
"6851","J0:[1,4);J1:[1,5);J2:[2,4);J3:[2,5)","J0","1","J0","1","J0","1","J2","1","J3","1"
"6852","J0:[1,4);J1:[1,5);J2:[2,4);J3:[2,6)","J0","1","J0","1","J0","1","J2","1","J3","1"
"6853","J0:[1,4);J1:[1,5);J2:[2,4);J3:[3,4)","J0","1","J0","1","J0","1","J3","1","J3","1"
"6854","J0:[1,4);J1:[1,5);J2:[2,4);J3:[3,5)","J0","1","J0","1","J0","1","J2","1","J3","1"
"6855","J0:[1,4);J1:[1,5);J2:[2,4);J3:[3,6)","J0","1","J0","1","J0","1","J2","1","J3","1"
"6856","J0:[1,4);J1:[1,5);J2:[2,4);J3:[4,5)","J0;J3","2","J0;J3","2","J0;J3","2","J3;J2","2","J2;J3","2"
"6857","J0:[1,4);J1:[1,5);J2:[2,4);J3:[4,6)","J0;J3","2","J0;J3","2","J0;J3","2","J2;J3","2","J2;J3","2"
"6858","J0:[1,4);J1:[1,5);J2:[2,4);J3:[5,6)","J0;J3","2","J0;J3","2","J0;J3","2","J3;J2","2","J2;J3","2"
"6859","J0:[1,4);J1:[1,5);J2:[2,5);J3:[2,6)","J0","1","J0","1","J0","1","J0","1","J3","1"
"6860","J0:[1,4);J1:[1,5);J2:[2,5);J3:[3,4)","J0","1","J0","1","J0","1","J3","1","J3","1"
"6861","J0:[1,4);J1:[1,5);J2:[2,5);J3:[3,5)","J0","1","J0","1","J0","1","J3","1","J3","1"
"6862","J0:[1,4);J1:[1,5);J2:[2,5);J3:[3,6)","J0","1","J0","1","J0","1","J0","1","J3","1"
"6863","J0:[1,4);J1:[1,5);J2:[2,5);J3:[4,5)","J0;J3","2","J0;J3","2","J0;J3","2","J3;J0","2","J0;J3","2"
"6864","J0:[1,4);J1:[1,5);J2:[2,5);J3:[4,6)","J0;J3","2","J0;J3","2","J0;J3","2","J3;J0","2","J0;J3","2"
"6865","J0:[1,4);J1:[1,5);J2:[2,5);J3:[5,6)","J0;J3","2","J0;J3","2","J0;J3","2","J3;J0","2","J2;J3","2"
"6866","J0:[1,4);J1:[1,5);J2:[2,6);J3:[3,4)","J0","1","J0","1","J0","1","J3","1","J3","1"
"6867","J0:[1,4);J1:[1,5);J2:[2,6);J3:[3,5)","J0","1","J0","1","J0","1","J3","1","J3","1"
"6868","J0:[1,4);J1:[1,5);J2:[2,6);J3:[3,6)","J0","1","J0","1","J0","1","J0","1","J3","1"
"6869","J0:[1,4);J1:[1,5);J2:[2,6);J3:[4,5)","J0;J3","2","J0;J3","2","J0;J3","2","J3;J0","2","J0;J3","2"
"6870","J0:[1,4);J1:[1,5);J2:[2,6);J3:[4,6)","J0;J3","2","J0;J3","2","J0;J3","2","J3;J0","2","J0;J3","2"
"6871","J0:[1,4);J1:[1,5);J2:[2,6);J3:[5,6)","J0;J3","2","J0;J3","2","J0;J3","2","J3;J0","2","J1;J3","2"
"6872","J0:[1,4);J1:[1,5);J2:[3,4);J3:[3,5)","J0","1","J0","1","J0","1","J2","1","J3","1"
"6873","J0:[1,4);J1:[1,5);J2:[3,4);J3:[3,6)","J0","1","J0","1","J0","1","J2","1","J3","1"
"6874","J0:[1,4);J1:[1,5);J2:[3,4);J3:[4,5)","J0;J3","2","J0;J3","2","J0;J3","2","J2;J3","2","J2;J3","2"
"6875","J0:[1,4);J1:[1,5);J2:[3,4);J3:[4,6)","J0;J3","2","J0;J3","2","J0;J3","2","J2;J3","2","J2;J3","2"
"6876","J0:[1,4);J1:[1,5);J2:[3,4);J3:[5,6)","J0;J3","2","J0;J3","2","J0;J3","2","J2;J3","2","J2;J3","2"
"6877","J0:[1,4);J1:[1,5);J2:[3,5);J3:[3,6)","J0","1","J0","1","J0","1","J2","1","J3","1"
"6878","J0:[1,4);J1:[1,5);J2:[3,5);J3:[4,5)","J0;J3","2","J0;J3","2","J0;J3","2","J3;J0","2","J0;J3","2"
"6879","J0:[1,4);J1:[1,5);J2:[3,5);J3:[4,6)","J0;J3","2","J0;J3","2","J0;J3","2","J2","1","J0;J3","2"
"6880","J0:[1,4);J1:[1,5);J2:[3,5);J3:[5,6)","J0;J3","2","J0;J3","2","J0;J3","2","J3;J2","2","J2;J3","2"
"6881","J0:[1,4);J1:[1,5);J2:[3,6);J3:[4,5)","J0;J3","2","J0;J3","2","J0;J3","2","J3;J0","2","J0;J3","2"
"6882","J0:[1,4);J1:[1,5);J2:[3,6);J3:[4,6)","J0;J3","2","J0;J3","2","J0;J3","2","J3;J0","2","J0;J3","2"
"6883","J0:[1,4);J1:[1,5);J2:[3,6);J3:[5,6)","J0;J3","2","J0;J3","2","J0;J3","2","J3;J0","2","J1;J3","2"
"6884","J0:[1,4);J1:[1,5);J2:[4,5);J3:[4,6)","J0;J2","2","J0;J2","2","J0;J2","2","J2;J0","2","J0;J3","2"
"6885","J0:[1,4);J1:[1,5);J2:[4,5);J3:[5,6)","J0;J2;J3","3","J0;J2;J3","3","J0;J2;J3","3","J2;J3;J0","3","J0;J2;J3","3"
"6886","J0:[1,4);J1:[1,5);J2:[4,6);J3:[5,6)","J0;J2","2","J0;J2","2","J0;J2","2","J3;J0","2","J1;J3","2"
"6887","J0:[1,4);J1:[1,6);J2:[2,3);J3:[2,4)","J0","1","J2","1","J0","1","J2","1","J3","1"
"6888","J0:[1,4);J1:[1,6);J2:[2,3);J3:[2,5)","J0","1","J2","1","J0","1","J2","1","J3","1"
"6889","J0:[1,4);J1:[1,6);J2:[2,3);J3:[2,6)","J0","1","J2","1","J0","1","J2","1","J3","1"
"6890","J0:[1,4);J1:[1,6);J2:[2,3);J3:[3,4)","J2;J3","2","J2;J3","2","J0","1","J2;J3","2","J2;J3","2"
"6891","J0:[1,4);J1:[1,6);J2:[2,3);J3:[3,5)","J2;J3","2","J2;J3","2","J0","1","J2;J3","2","J2;J3","2"
"6892","J0:[1,4);J1:[1,6);J2:[2,3);J3:[3,6)","J2;J3","2","J2;J3","2","J0","1","J2;J3","2","J2;J3","2"
"6893","J0:[1,4);J1:[1,6);J2:[2,3);J3:[4,5)","J0;J3","2","J2;J3","2","J0;J3","2","J2;J3","2","J2;J3","2"
"6894","J0:[1,4);J1:[1,6);J2:[2,3);J3:[4,6)","J0;J3","2","J2;J3","2","J0;J3","2","J2;J3","2","J2;J3","2"
"6895","J0:[1,4);J1:[1,6);J2:[2,3);J3:[5,6)","J0;J3","2","J2;J3","2","J0;J3","2","J2;J3","2","J2;J3","2"
"6896","J0:[1,4);J1:[1,6);J2:[2,4);J3:[2,5)","J0","1","J0","1","J0","1","J2","1","J3","1"
"6897","J0:[1,4);J1:[1,6);J2:[2,4);J3:[2,6)","J0","1","J0","1","J0","1","J2","1","J3","1"
"6898","J0:[1,4);J1:[1,6);J2:[2,4);J3:[3,4)","J0","1","J0","1","J0","1","J3","1","J3","1"
"6899","J0:[1,4);J1:[1,6);J2:[2,4);J3:[3,5)","J0","1","J0","1","J0","1","J2","1","J3","1"
"6900","J0:[1,4);J1:[1,6);J2:[2,4);J3:[3,6)","J0","1","J0","1","J0","1","J2","1","J3","1"
"6901","J0:[1,4);J1:[1,6);J2:[2,4);J3:[4,5)","J0;J3","2","J0;J3","2","J0;J3","2","J3;J2","2","J2;J3","2"
"6902","J0:[1,4);J1:[1,6);J2:[2,4);J3:[4,6)","J0;J3","2","J0;J3","2","J0;J3","2","J2;J3","2","J2;J3","2"
"6903","J0:[1,4);J1:[1,6);J2:[2,4);J3:[5,6)","J0;J3","2","J0;J3","2","J0;J3","2","J3;J2","2","J2;J3","2"
"6904","J0:[1,4);J1:[1,6);J2:[2,5);J3:[2,6)","J0","1","J0","1","J0","1","J0","1","J3","1"
"6905","J0:[1,4);J1:[1,6);J2:[2,5);J3:[3,4)","J0","1","J0","1","J0","1","J3","1","J3","1"
"6906","J0:[1,4);J1:[1,6);J2:[2,5);J3:[3,5)","J0","1","J0","1","J0","1","J3","1","J3","1"
"6907","J0:[1,4);J1:[1,6);J2:[2,5);J3:[3,6)","J0","1","J0","1","J0","1","J0","1","J3","1"
"6908","J0:[1,4);J1:[1,6);J2:[2,5);J3:[4,5)","J0;J3","2","J0;J3","2","J0;J3","2","J3;J0","2","J0;J3","2"
"6909","J0:[1,4);J1:[1,6);J2:[2,5);J3:[4,6)","J0;J3","2","J0;J3","2","J0;J3","2","J3;J0","2","J0;J3","2"
"6910","J0:[1,4);J1:[1,6);J2:[2,5);J3:[5,6)","J0;J3","2","J0;J3","2","J0;J3","2","J3;J0","2","J2;J3","2"
"6911","J0:[1,4);J1:[1,6);J2:[2,6);J3:[3,4)","J0","1","J0","1","J0","1","J3","1","J3","1"
"6912","J0:[1,4);J1:[1,6);J2:[2,6);J3:[3,5)","J0","1","J0","1","J0","1","J3","1","J3","1"
"6913","J0:[1,4);J1:[1,6);J2:[2,6);J3:[3,6)","J0","1","J0","1","J0","1","J0","1","J3","1"
"6914","J0:[1,4);J1:[1,6);J2:[2,6);J3:[4,5)","J0;J3","2","J0;J3","2","J0;J3","2","J3;J0","2","J0;J3","2"
"6915","J0:[1,4);J1:[1,6);J2:[2,6);J3:[4,6)","J0;J3","2","J0;J3","2","J0;J3","2","J3;J0","2","J0;J3","2"
"6916","J0:[1,4);J1:[1,6);J2:[2,6);J3:[5,6)","J0;J3","2","J0;J3","2","J0;J3","2","J3;J0","2","J0;J3","2"
"6917","J0:[1,4);J1:[1,6);J2:[3,4);J3:[3,5)","J0","1","J0","1","J0","1","J2","1","J3","1"
"6918","J0:[1,4);J1:[1,6);J2:[3,4);J3:[3,6)","J0","1","J0","1","J0","1","J2","1","J3","1"
"6919","J0:[1,4);J1:[1,6);J2:[3,4);J3:[4,5)","J0;J3","2","J0;J3","2","J0;J3","2","J2;J3","2","J2;J3","2"
"6920","J0:[1,4);J1:[1,6);J2:[3,4);J3:[4,6)","J0;J3","2","J0;J3","2","J0;J3","2","J2;J3","2","J2;J3","2"
"6921","J0:[1,4);J1:[1,6);J2:[3,4);J3:[5,6)","J0;J3","2","J0;J3","2","J0;J3","2","J2;J3","2","J2;J3","2"
"6922","J0:[1,4);J1:[1,6);J2:[3,5);J3:[3,6)","J0","1","J0","1","J0","1","J2","1","J3","1"
"6923","J0:[1,4);J1:[1,6);J2:[3,5);J3:[4,5)","J0;J3","2","J0;J3","2","J0;J3","2","J3;J0","2","J0;J3","2"
"6924","J0:[1,4);J1:[1,6);J2:[3,5);J3:[4,6)","J0;J3","2","J0;J3","2","J0;J3","2","J2","1","J0;J3","2"
"6925","J0:[1,4);J1:[1,6);J2:[3,5);J3:[5,6)","J0;J3","2","J0;J3","2","J0;J3","2","J3;J2","2","J2;J3","2"
"6926","J0:[1,4);J1:[1,6);J2:[3,6);J3:[4,5)","J0;J3","2","J0;J3","2","J0;J3","2","J3;J0","2","J0;J3","2"
"6927","J0:[1,4);J1:[1,6);J2:[3,6);J3:[4,6)","J0;J3","2","J0;J3","2","J0;J3","2","J3;J0","2","J0;J3","2"
"6928","J0:[1,4);J1:[1,6);J2:[3,6);J3:[5,6)","J0;J3","2","J0;J3","2","J0;J3","2","J3;J0","2","J0;J3","2"
"6929","J0:[1,4);J1:[1,6);J2:[4,5);J3:[4,6)","J0;J2","2","J0;J2","2","J0;J2","2","J2;J0","2","J0;J3","2"
"6930","J0:[1,4);J1:[1,6);J2:[4,5);J3:[5,6)","J0;J2;J3","3","J0;J2;J3","3","J0;J2;J3","3","J2;J3;J0","3","J0;J2;J3","3"
"6931","J0:[1,4);J1:[1,6);J2:[4,6);J3:[5,6)","J0;J2","2","J0;J2","2","J0;J2","2","J3;J0","2","J0;J3","2"
"6932","J0:[1,4);J1:[2,3);J2:[2,4);J3:[2,5)","J0","1","J1","1","J0","1","J1","1","J3","1"
"6933","J0:[1,4);J1:[2,3);J2:[2,4);J3:[2,6)","J0","1","J1","1","J0","1","J1","1","J3","1"
"6934","J0:[1,4);J1:[2,3);J2:[2,4);J3:[3,4)","J1;J3","2","J1;J3","2","J0","1","J1;J3","2","J1;J3","2"
"6935","J0:[1,4);J1:[2,3);J2:[2,4);J3:[3,5)","J1;J3","2","J1;J3","2","J0","1","J1;J3","2","J1;J3","2"
"6936","J0:[1,4);J1:[2,3);J2:[2,4);J3:[3,6)","J1;J3","2","J1;J3","2","J0","1","J1;J3","2","J1;J3","2"
"6937","J0:[1,4);J1:[2,3);J2:[2,4);J3:[4,5)","J0;J3","2","J1;J3","2","J0;J3","2","J1;J3","2","J2;J3","2"
"6938","J0:[1,4);J1:[2,3);J2:[2,4);J3:[4,6)","J0;J3","2","J1;J3","2","J0;J3","2","J1;J3","2","J2;J3","2"
"6939","J0:[1,4);J1:[2,3);J2:[2,4);J3:[5,6)","J0;J3","2","J1;J3","2","J0;J3","2","J1;J3","2","J2;J3","2"
"6940","J0:[1,4);J1:[2,3);J2:[2,5);J3:[2,6)","J0","1","J1","1","J0","1","J1","1","J3","1"
"6941","J0:[1,4);J1:[2,3);J2:[2,5);J3:[3,4)","J1;J3","2","J1;J3","2","J0","1","J1;J3","2","J1;J3","2"
"6942","J0:[1,4);J1:[2,3);J2:[2,5);J3:[3,5)","J1;J3","2","J1;J3","2","J0","1","J1;J3","2","J1;J3","2"
"6943","J0:[1,4);J1:[2,3);J2:[2,5);J3:[3,6)","J1;J3","2","J1;J3","2","J0","1","J1;J3","2","J1;J3","2"
"6944","J0:[1,4);J1:[2,3);J2:[2,5);J3:[4,5)","J0;J3","2","J1;J3","2","J0;J3","2","J1;J3","2","J1;J3","2"
"6945","J0:[1,4);J1:[2,3);J2:[2,5);J3:[4,6)","J0;J3","2","J1;J3","2","J0;J3","2","J1;J3","2","J1;J3","2"
"6946","J0:[1,4);J1:[2,3);J2:[2,5);J3:[5,6)","J0;J3","2","J1;J3","2","J0;J3","2","J1;J3","2","J2;J3","2"
"6947","J0:[1,4);J1:[2,3);J2:[2,6);J3:[3,4)","J1;J3","2","J1;J3","2","J0","1","J1;J3","2","J1;J3","2"
"6948","J0:[1,4);J1:[2,3);J2:[2,6);J3:[3,5)","J1;J3","2","J1;J3","2","J0","1","J1;J3","2","J1;J3","2"
"6949","J0:[1,4);J1:[2,3);J2:[2,6);J3:[3,6)","J1;J3","2","J1;J3","2","J0","1","J1;J3","2","J1;J3","2"
"6950","J0:[1,4);J1:[2,3);J2:[2,6);J3:[4,5)","J0;J3","2","J1;J3","2","J0;J3","2","J1;J3","2","J1;J3","2"
"6951","J0:[1,4);J1:[2,3);J2:[2,6);J3:[4,6)","J0;J3","2","J1;J3","2","J0;J3","2","J1;J3","2","J1;J3","2"
"6952","J0:[1,4);J1:[2,3);J2:[2,6);J3:[5,6)","J0;J3","2","J1;J3","2","J0;J3","2","J1;J3","2","J1;J3","2"
"6953","J0:[1,4);J1:[2,3);J2:[3,4);J3:[3,5)","J1;J2","2","J1;J2","2","J0","1","J1;J2","2","J1;J3","2"
"6954","J0:[1,4);J1:[2,3);J2:[3,4);J3:[3,6)","J1;J2","2","J1;J2","2","J0","1","J1;J2","2","J1;J3","2"
"6955","J0:[1,4);J1:[2,3);J2:[3,4);J3:[4,5)","J1;J2;J3","3","J1;J2;J3","3","J0;J3","2","J1;J2;J3","3","J1;J2;J3","3"
"6956","J0:[1,4);J1:[2,3);J2:[3,4);J3:[4,6)","J1;J2;J3","3","J1;J2;J3","3","J0;J3","2","J1;J2;J3","3","J1;J2;J3","3"
"6957","J0:[1,4);J1:[2,3);J2:[3,4);J3:[5,6)","J1;J2;J3","3","J1;J2;J3","3","J0;J3","2","J1;J2;J3","3","J1;J2;J3","3"
"6958","J0:[1,4);J1:[2,3);J2:[3,5);J3:[3,6)","J1;J2","2","J1;J2","2","J0","1","J1;J2","2","J1;J3","2"
"6959","J0:[1,4);J1:[2,3);J2:[3,5);J3:[4,5)","J0;J3","2","J1;J2","2","J0;J3","2","J1;J3","2","J1;J3","2"
"6960","J0:[1,4);J1:[2,3);J2:[3,5);J3:[4,6)","J0;J3","2","J1;J2","2","J0;J3","2","J1;J2","2","J1;J3","2"
"6961","J0:[1,4);J1:[2,3);J2:[3,5);J3:[5,6)","J1;J2;J3","3","J1;J2;J3","3","J0;J3","2","J1;J3;J2","3","J1;J2;J3","3"
"6962","J0:[1,4);J1:[2,3);J2:[3,6);J3:[4,5)","J0;J3","2","J1;J3","2","J0;J3","2","J1;J3","2","J1;J3","2"
"6963","J0:[1,4);J1:[2,3);J2:[3,6);J3:[4,6)","J0;J3","2","J1;J2","2","J0;J3","2","J1;J3","2","J1;J3","2"
"6964","J0:[1,4);J1:[2,3);J2:[3,6);J3:[5,6)","J0;J3","2","J1;J2","2","J0;J3","2","J1;J3","2","J1;J3","2"
"6965","J0:[1,4);J1:[2,3);J2:[4,5);J3:[4,6)","J0;J2","2","J1;J2","2","J0;J2","2","J1;J2","2","J1;J3","2"
"6966","J0:[1,4);J1:[2,3);J2:[4,5);J3:[5,6)","J0;J2;J3","3","J1;J2;J3","3","J0;J2;J3","3","J1;J2;J3","3","J1;J2;J3","3"
"6967","J0:[1,4);J1:[2,3);J2:[4,6);J3:[5,6)","J0;J2","2","J1;J2","2","J0;J2","2","J1;J3","2","J1;J3","2"
"6968","J0:[1,4);J1:[2,4);J2:[2,5);J3:[2,6)","J0","1","J0","1","J0","1","J1","1","J3","1"
"6969","J0:[1,4);J1:[2,4);J2:[2,5);J3:[3,4)","J0","1","J0","1","J0","1","J3","1","J3","1"
"6970","J0:[1,4);J1:[2,4);J2:[2,5);J3:[3,5)","J0","1","J0","1","J0","1","J1","1","J3","1"
"6971","J0:[1,4);J1:[2,4);J2:[2,5);J3:[3,6)","J0","1","J0","1","J0","1","J1","1","J3","1"
"6972","J0:[1,4);J1:[2,4);J2:[2,5);J3:[4,5)","J0;J3","2","J0;J3","2","J0;J3","2","J3;J1","2","J1;J3","2"
"6973","J0:[1,4);J1:[2,4);J2:[2,5);J3:[4,6)","J0;J3","2","J0;J3","2","J0;J3","2","J1;J3","2","J1;J3","2"
"6974","J0:[1,4);J1:[2,4);J2:[2,5);J3:[5,6)","J0;J3","2","J0;J3","2","J0;J3","2","J3;J1","2","J2;J3","2"
"6975","J0:[1,4);J1:[2,4);J2:[2,6);J3:[3,4)","J0","1","J0","1","J0","1","J3","1","J3","1"
"6976","J0:[1,4);J1:[2,4);J2:[2,6);J3:[3,5)","J0","1","J0","1","J0","1","J1","1","J3","1"
"6977","J0:[1,4);J1:[2,4);J2:[2,6);J3:[3,6)","J0","1","J0","1","J0","1","J1","1","J3","1"
"6978","J0:[1,4);J1:[2,4);J2:[2,6);J3:[4,5)","J0;J3","2","J0;J3","2","J0;J3","2","J3;J1","2","J1;J3","2"
"6979","J0:[1,4);J1:[2,4);J2:[2,6);J3:[4,6)","J0;J3","2","J0;J3","2","J0;J3","2","J1;J3","2","J1;J3","2"
"6980","J0:[1,4);J1:[2,4);J2:[2,6);J3:[5,6)","J0;J3","2","J0;J3","2","J0;J3","2","J3;J1","2","J1;J3","2"
"6981","J0:[1,4);J1:[2,4);J2:[3,4);J3:[3,5)","J0","1","J0","1","J0","1","J2","1","J3","1"
"6982","J0:[1,4);J1:[2,4);J2:[3,4);J3:[3,6)","J0","1","J0","1","J0","1","J2","1","J3","1"
"6983","J0:[1,4);J1:[2,4);J2:[3,4);J3:[4,5)","J0;J3","2","J0;J3","2","J0;J3","2","J2;J3","2","J2;J3","2"
"6984","J0:[1,4);J1:[2,4);J2:[3,4);J3:[4,6)","J0;J3","2","J0;J3","2","J0;J3","2","J2;J3","2","J2;J3","2"
"6985","J0:[1,4);J1:[2,4);J2:[3,4);J3:[5,6)","J0;J3","2","J0;J3","2","J0;J3","2","J2;J3","2","J2;J3","2"
"6986","J0:[1,4);J1:[2,4);J2:[3,5);J3:[3,6)","J0","1","J0","1","J0","1","J1","1","J3","1"
"6987","J0:[1,4);J1:[2,4);J2:[3,5);J3:[4,5)","J0;J3","2","J0;J3","2","J0;J3","2","J3;J1","2","J1;J3","2"
"6988","J0:[1,4);J1:[2,4);J2:[3,5);J3:[4,6)","J0;J3","2","J0;J3","2","J0;J3","2","J1;J3","2","J1;J3","2"
"6989","J0:[1,4);J1:[2,4);J2:[3,5);J3:[5,6)","J0;J3","2","J0;J3","2","J0;J3","2","J3;J1","2","J2;J3","2"
"6990","J0:[1,4);J1:[2,4);J2:[3,6);J3:[4,5)","J0;J3","2","J0;J3","2","J0;J3","2","J3;J1","2","J1;J3","2"
"6991","J0:[1,4);J1:[2,4);J2:[3,6);J3:[4,6)","J0;J3","2","J0;J3","2","J0;J3","2","J1;J3","2","J1;J3","2"
"6992","J0:[1,4);J1:[2,4);J2:[3,6);J3:[5,6)","J0;J3","2","J0;J3","2","J0;J3","2","J3;J1","2","J1;J3","2"
"6993","J0:[1,4);J1:[2,4);J2:[4,5);J3:[4,6)","J0;J2","2","J0;J2","2","J0;J2","2","J2;J1","2","J1;J3","2"
"6994","J0:[1,4);J1:[2,4);J2:[4,5);J3:[5,6)","J0;J2;J3","3","J0;J2;J3","3","J0;J2;J3","3","J2;J3;J1","3","J1;J2;J3","3"
"6995","J0:[1,4);J1:[2,4);J2:[4,6);J3:[5,6)","J0;J2","2","J0;J2","2","J0;J2","2","J3;J1","2","J1;J3","2"
"6996","J0:[1,4);J1:[2,5);J2:[2,6);J3:[3,4)","J0","1","J0","1","J0","1","J3","1","J3","1"
"6997","J0:[1,4);J1:[2,5);J2:[2,6);J3:[3,5)","J0","1","J0","1","J0","1","J3","1","J3","1"
"6998","J0:[1,4);J1:[2,5);J2:[2,6);J3:[3,6)","J0","1","J0","1","J0","1","J0","1","J3","1"
"6999","J0:[1,4);J1:[2,5);J2:[2,6);J3:[4,5)","J0;J3","2","J0;J3","2","J0;J3","2","J3;J0","2","J0;J3","2"
"7000","J0:[1,4);J1:[2,5);J2:[2,6);J3:[4,6)","J0;J3","2","J0;J3","2","J0;J3","2","J3;J0","2","J0;J3","2"
"7001","J0:[1,4);J1:[2,5);J2:[2,6);J3:[5,6)","J0;J3","2","J0;J3","2","J0;J3","2","J3;J0","2","J1;J3","2"
"7002","J0:[1,4);J1:[2,5);J2:[3,4);J3:[3,5)","J0","1","J0","1","J0","1","J2","1","J3","1"
"7003","J0:[1,4);J1:[2,5);J2:[3,4);J3:[3,6)","J0","1","J0","1","J0","1","J2","1","J3","1"
"7004","J0:[1,4);J1:[2,5);J2:[3,4);J3:[4,5)","J0;J3","2","J0;J3","2","J0;J3","2","J2;J3","2","J2;J3","2"
"7005","J0:[1,4);J1:[2,5);J2:[3,4);J3:[4,6)","J0;J3","2","J0;J3","2","J0;J3","2","J2;J3","2","J2;J3","2"
"7006","J0:[1,4);J1:[2,5);J2:[3,4);J3:[5,6)","J0;J3","2","J0;J3","2","J0;J3","2","J2;J3","2","J2;J3","2"
"7007","J0:[1,4);J1:[2,5);J2:[3,5);J3:[3,6)","J0","1","J0","1","J0","1","J2","1","J3","1"
"7008","J0:[1,4);J1:[2,5);J2:[3,5);J3:[4,5)","J0;J3","2","J0;J3","2","J0;J3","2","J3;J0","2","J0;J3","2"
"7009","J0:[1,4);J1:[2,5);J2:[3,5);J3:[4,6)","J0;J3","2","J0;J3","2","J0;J3","2","J2","1","J0;J3","2"
"7010","J0:[1,4);J1:[2,5);J2:[3,5);J3:[5,6)","J0;J3","2","J0;J3","2","J0;J3","2","J3;J2","2","J2;J3","2"
"7011","J0:[1,4);J1:[2,5);J2:[3,6);J3:[4,5)","J0;J3","2","J0;J3","2","J0;J3","2","J3;J0","2","J0;J3","2"
"7012","J0:[1,4);J1:[2,5);J2:[3,6);J3:[4,6)","J0;J3","2","J0;J3","2","J0;J3","2","J3;J0","2","J0;J3","2"
"7013","J0:[1,4);J1:[2,5);J2:[3,6);J3:[5,6)","J0;J3","2","J0;J3","2","J0;J3","2","J3;J0","2","J1;J3","2"
"7014","J0:[1,4);J1:[2,5);J2:[4,5);J3:[4,6)","J0;J2","2","J0;J2","2","J0;J2","2","J2;J0","2","J0;J3","2"
"7015","J0:[1,4);J1:[2,5);J2:[4,5);J3:[5,6)","J0;J2;J3","3","J0;J2;J3","3","J0;J2;J3","3","J2;J3;J0","3","J0;J2;J3","3"
"7016","J0:[1,4);J1:[2,5);J2:[4,6);J3:[5,6)","J0;J2","2","J0;J2","2","J0;J2","2","J3;J0","2","J1;J3","2"
"7017","J0:[1,4);J1:[2,6);J2:[3,4);J3:[3,5)","J0","1","J0","1","J0","1","J2","1","J3","1"
"7018","J0:[1,4);J1:[2,6);J2:[3,4);J3:[3,6)","J0","1","J0","1","J0","1","J2","1","J3","1"
"7019","J0:[1,4);J1:[2,6);J2:[3,4);J3:[4,5)","J0;J3","2","J0;J3","2","J0;J3","2","J2;J3","2","J2;J3","2"
"7020","J0:[1,4);J1:[2,6);J2:[3,4);J3:[4,6)","J0;J3","2","J0;J3","2","J0;J3","2","J2;J3","2","J2;J3","2"
"7021","J0:[1,4);J1:[2,6);J2:[3,4);J3:[5,6)","J0;J3","2","J0;J3","2","J0;J3","2","J2;J3","2","J2;J3","2"
"7022","J0:[1,4);J1:[2,6);J2:[3,5);J3:[3,6)","J0","1","J0","1","J0","1","J2","1","J3","1"
"7023","J0:[1,4);J1:[2,6);J2:[3,5);J3:[4,5)","J0;J3","2","J0;J3","2","J0;J3","2","J3;J0","2","J0;J3","2"
"7024","J0:[1,4);J1:[2,6);J2:[3,5);J3:[4,6)","J0;J3","2","J0;J3","2","J0;J3","2","J2","1","J0;J3","2"
"7025","J0:[1,4);J1:[2,6);J2:[3,5);J3:[5,6)","J0;J3","2","J0;J3","2","J0;J3","2","J3;J2","2","J2;J3","2"
"7026","J0:[1,4);J1:[2,6);J2:[3,6);J3:[4,5)","J0;J3","2","J0;J3","2","J0;J3","2","J3;J0","2","J0;J3","2"
"7027","J0:[1,4);J1:[2,6);J2:[3,6);J3:[4,6)","J0;J3","2","J0;J3","2","J0;J3","2","J3;J0","2","J0;J3","2"
"7028","J0:[1,4);J1:[2,6);J2:[3,6);J3:[5,6)","J0;J3","2","J0;J3","2","J0;J3","2","J3;J0","2","J0;J3","2"
"7029","J0:[1,4);J1:[2,6);J2:[4,5);J3:[4,6)","J0;J2","2","J0;J2","2","J0;J2","2","J2;J0","2","J0;J3","2"
"7030","J0:[1,4);J1:[2,6);J2:[4,5);J3:[5,6)","J0;J2;J3","3","J0;J2;J3","3","J0;J2;J3","3","J2;J3;J0","3","J0;J2;J3","3"
"7031","J0:[1,4);J1:[2,6);J2:[4,6);J3:[5,6)","J0;J2","2","J0;J2","2","J0;J2","2","J3;J0","2","J0;J3","2"
"7032","J0:[1,4);J1:[3,4);J2:[3,5);J3:[3,6)","J0","1","J0","1","J0","1","J1","1","J3","1"
"7033","J0:[1,4);J1:[3,4);J2:[3,5);J3:[4,5)","J0;J3","2","J0;J3","2","J0;J3","2","J1;J3","2","J1;J3","2"
"7034","J0:[1,4);J1:[3,4);J2:[3,5);J3:[4,6)","J0;J3","2","J0;J3","2","J0;J3","2","J1;J3","2","J1;J3","2"
"7035","J0:[1,4);J1:[3,4);J2:[3,5);J3:[5,6)","J0;J3","2","J0;J3","2","J0;J3","2","J1;J3","2","J2;J3","2"
"7036","J0:[1,4);J1:[3,4);J2:[3,6);J3:[4,5)","J0;J3","2","J0;J3","2","J0;J3","2","J1;J3","2","J1;J3","2"
"7037","J0:[1,4);J1:[3,4);J2:[3,6);J3:[4,6)","J0;J3","2","J0;J3","2","J0;J3","2","J1;J3","2","J1;J3","2"
"7038","J0:[1,4);J1:[3,4);J2:[3,6);J3:[5,6)","J0;J3","2","J0;J3","2","J0;J3","2","J1;J3","2","J1;J3","2"
"7039","J0:[1,4);J1:[3,4);J2:[4,5);J3:[4,6)","J0;J2","2","J0;J2","2","J0;J2","2","J1;J2","2","J1;J3","2"
"7040","J0:[1,4);J1:[3,4);J2:[4,5);J3:[5,6)","J0;J2;J3","3","J0;J2;J3","3","J0;J2;J3","3","J1;J2;J3","3","J1;J2;J3","3"
"7041","J0:[1,4);J1:[3,4);J2:[4,6);J3:[5,6)","J0;J2","2","J0;J2","2","J0;J2","2","J1;J3","2","J1;J3","2"
"7042","J0:[1,4);J1:[3,5);J2:[3,6);J3:[4,5)","J0;J3","2","J0;J3","2","J0;J3","2","J3;J0","2","J0;J3","2"
"7043","J0:[1,4);J1:[3,5);J2:[3,6);J3:[4,6)","J0;J3","2","J0;J3","2","J0;J3","2","J1","1","J0;J3","2"
"7044","J0:[1,4);J1:[3,5);J2:[3,6);J3:[5,6)","J0;J3","2","J0;J3","2","J0;J3","2","J3;J1","2","J1;J3","2"
"7045","J0:[1,4);J1:[3,5);J2:[4,5);J3:[4,6)","J0;J2","2","J0;J2","2","J0;J2","2","J2;J0","2","J0;J3","2"
"7046","J0:[1,4);J1:[3,5);J2:[4,5);J3:[5,6)","J0;J2;J3","3","J0;J2;J3","3","J0;J2;J3","3","J2;J3;J0","3","J0;J2;J3","3"
"7047","J0:[1,4);J1:[3,5);J2:[4,6);J3:[5,6)","J0;J2","2","J0;J2","2","J0;J2","2","J3;J1","2","J1;J3","2"
"7048","J0:[1,4);J1:[3,6);J2:[4,5);J3:[4,6)","J0;J2","2","J0;J2","2","J0;J2","2","J2;J0","2","J0;J3","2"
"7049","J0:[1,4);J1:[3,6);J2:[4,5);J3:[5,6)","J0;J2;J3","3","J0;J2;J3","3","J0;J2;J3","3","J2;J3;J0","3","J0;J2;J3","3"
"7050","J0:[1,4);J1:[3,6);J2:[4,6);J3:[5,6)","J0;J2","2","J0;J2","2","J0;J2","2","J3;J0","2","J0;J3","2"
"7051","J0:[1,4);J1:[4,5);J2:[4,6);J3:[5,6)","J0;J1;J3","3","J0;J1;J3","3","J0;J1;J3","3","J1;J3;J0","3","J0;J1;J3","3"
"7052","J0:[1,5);J1:[1,6);J2:[2,3);J3:[2,4)","J0","1","J2","1","J0","1","J2","1","J3","1"
"7053","J0:[1,5);J1:[1,6);J2:[2,3);J3:[2,5)","J0","1","J2","1","J0","1","J2","1","J3","1"
"7054","J0:[1,5);J1:[1,6);J2:[2,3);J3:[2,6)","J0","1","J2","1","J0","1","J2","1","J3","1"
"7055","J0:[1,5);J1:[1,6);J2:[2,3);J3:[3,4)","J2;J3","2","J2;J3","2","J0","1","J2;J3","2","J2;J3","2"
"7056","J0:[1,5);J1:[1,6);J2:[2,3);J3:[3,5)","J2;J3","2","J2;J3","2","J0","1","J2;J3","2","J2;J3","2"
"7057","J0:[1,5);J1:[1,6);J2:[2,3);J3:[3,6)","J2;J3","2","J2;J3","2","J0","1","J2;J3","2","J2;J3","2"
"7058","J0:[1,5);J1:[1,6);J2:[2,3);J3:[4,5)","J2;J3","2","J2;J3","2","J0","1","J2;J3","2","J2;J3","2"
"7059","J0:[1,5);J1:[1,6);J2:[2,3);J3:[4,6)","J2;J3","2","J2;J3","2","J0","1","J2;J3","2","J2;J3","2"
"7060","J0:[1,5);J1:[1,6);J2:[2,3);J3:[5,6)","J0;J3","2","J2;J3","2","J0;J3","2","J2;J3","2","J2;J3","2"
"7061","J0:[1,5);J1:[1,6);J2:[2,4);J3:[2,5)","J0","1","J2","1","J0","1","J2","1","J3","1"
"7062","J0:[1,5);J1:[1,6);J2:[2,4);J3:[2,6)","J0","1","J2","1","J0","1","J2","1","J3","1"
"7063","J0:[1,5);J1:[1,6);J2:[2,4);J3:[3,4)","J0","1","J2","1","J0","1","J3","1","J3","1"
"7064","J0:[1,5);J1:[1,6);J2:[2,4);J3:[3,5)","J0","1","J2","1","J0","1","J2","1","J3","1"
"7065","J0:[1,5);J1:[1,6);J2:[2,4);J3:[3,6)","J0","1","J2","1","J0","1","J2","1","J3","1"
"7066","J0:[1,5);J1:[1,6);J2:[2,4);J3:[4,5)","J2;J3","2","J2;J3","2","J0","1","J3;J2","2","J2;J3","2"
"7067","J0:[1,5);J1:[1,6);J2:[2,4);J3:[4,6)","J2;J3","2","J2;J3","2","J0","1","J2;J3","2","J2;J3","2"
"7068","J0:[1,5);J1:[1,6);J2:[2,4);J3:[5,6)","J0;J3","2","J2;J3","2","J0;J3","2","J3;J2","2","J2;J3","2"
"7069","J0:[1,5);J1:[1,6);J2:[2,5);J3:[2,6)","J0","1","J0","1","J0","1","J2","1","J3","1"
"7070","J0:[1,5);J1:[1,6);J2:[2,5);J3:[3,4)","J0","1","J3","1","J0","1","J3","1","J3","1"
"7071","J0:[1,5);J1:[1,6);J2:[2,5);J3:[3,5)","J0","1","J0","1","J0","1","J3","1","J3","1"
"7072","J0:[1,5);J1:[1,6);J2:[2,5);J3:[3,6)","J0","1","J0","1","J0","1","J2","1","J3","1"
"7073","J0:[1,5);J1:[1,6);J2:[2,5);J3:[4,5)","J0","1","J0","1","J0","1","J3","1","J3","1"
"7074","J0:[1,5);J1:[1,6);J2:[2,5);J3:[4,6)","J0","1","J0","1","J0","1","J3","1","J3","1"
"7075","J0:[1,5);J1:[1,6);J2:[2,5);J3:[5,6)","J0;J3","2","J0;J3","2","J0;J3","2","J3;J2","2","J2;J3","2"
"7076","J0:[1,5);J1:[1,6);J2:[2,6);J3:[3,4)","J0","1","J3","1","J0","1","J3","1","J3","1"
"7077","J0:[1,5);J1:[1,6);J2:[2,6);J3:[3,5)","J0","1","J0","1","J0","1","J3","1","J3","1"
"7078","J0:[1,5);J1:[1,6);J2:[2,6);J3:[3,6)","J0","1","J0","1","J0","1","J3","1","J3","1"
"7079","J0:[1,5);J1:[1,6);J2:[2,6);J3:[4,5)","J0","1","J0","1","J0","1","J3","1","J3","1"
"7080","J0:[1,5);J1:[1,6);J2:[2,6);J3:[4,6)","J0","1","J0","1","J0","1","J3","1","J3","1"
"7081","J0:[1,5);J1:[1,6);J2:[2,6);J3:[5,6)","J0;J3","2","J0;J3","2","J0;J3","2","J3;J0","2","J0;J3","2"
"7082","J0:[1,5);J1:[1,6);J2:[3,4);J3:[3,5)","J0","1","J2","1","J0","1","J2","1","J3","1"
"7083","J0:[1,5);J1:[1,6);J2:[3,4);J3:[3,6)","J0","1","J2","1","J0","1","J2","1","J3","1"
"7084","J0:[1,5);J1:[1,6);J2:[3,4);J3:[4,5)","J2;J3","2","J2;J3","2","J0","1","J2;J3","2","J2;J3","2"
"7085","J0:[1,5);J1:[1,6);J2:[3,4);J3:[4,6)","J2;J3","2","J2;J3","2","J0","1","J2;J3","2","J2;J3","2"
"7086","J0:[1,5);J1:[1,6);J2:[3,4);J3:[5,6)","J0;J3","2","J2;J3","2","J0;J3","2","J2;J3","2","J2;J3","2"
"7087","J0:[1,5);J1:[1,6);J2:[3,5);J3:[3,6)","J0","1","J0","1","J0","1","J2","1","J3","1"
"7088","J0:[1,5);J1:[1,6);J2:[3,5);J3:[4,5)","J0","1","J0","1","J0","1","J3","1","J3","1"
"7089","J0:[1,5);J1:[1,6);J2:[3,5);J3:[4,6)","J0","1","J0","1","J0","1","J2","1","J3","1"
"7090","J0:[1,5);J1:[1,6);J2:[3,5);J3:[5,6)","J0;J3","2","J0;J3","2","J0;J3","2","J3;J2","2","J2;J3","2"
"7091","J0:[1,5);J1:[1,6);J2:[3,6);J3:[4,5)","J0","1","J0","1","J0","1","J3","1","J3","1"
"7092","J0:[1,5);J1:[1,6);J2:[3,6);J3:[4,6)","J0","1","J0","1","J0","1","J3","1","J3","1"
"7093","J0:[1,5);J1:[1,6);J2:[3,6);J3:[5,6)","J0;J3","2","J0;J3","2","J0;J3","2","J3;J0","2","J0;J3","2"
"7094","J0:[1,5);J1:[1,6);J2:[4,5);J3:[4,6)","J0","1","J0","1","J0","1","J2","1","J3","1"
"7095","J0:[1,5);J1:[1,6);J2:[4,5);J3:[5,6)","J0;J3","2","J0;J3","2","J0;J3","2","J2;J3","2","J2;J3","2"
"7096","J0:[1,5);J1:[1,6);J2:[4,6);J3:[5,6)","J0;J3","2","J0;J3","2","J0;J3","2","J3;J0","2","J0;J3","2"
"7097","J0:[1,5);J1:[2,3);J2:[2,4);J3:[2,5)","J0","1","J1","1","J0","1","J1","1","J3","1"
"7098","J0:[1,5);J1:[2,3);J2:[2,4);J3:[2,6)","J0","1","J1","1","J0","1","J1","1","J3","1"
"7099","J0:[1,5);J1:[2,3);J2:[2,4);J3:[3,4)","J1;J3","2","J1;J3","2","J0","1","J1;J3","2","J1;J3","2"
"7100","J0:[1,5);J1:[2,3);J2:[2,4);J3:[3,5)","J1;J3","2","J1;J3","2","J0","1","J1;J3","2","J1;J3","2"
"7101","J0:[1,5);J1:[2,3);J2:[2,4);J3:[3,6)","J1;J3","2","J1;J3","2","J0","1","J1;J3","2","J1;J3","2"
"7102","J0:[1,5);J1:[2,3);J2:[2,4);J3:[4,5)","J1;J3","2","J1;J3","2","J0","1","J1;J3","2","J2;J3","2"
"7103","J0:[1,5);J1:[2,3);J2:[2,4);J3:[4,6)","J1;J3","2","J1;J3","2","J0","1","J1;J3","2","J2;J3","2"
"7104","J0:[1,5);J1:[2,3);J2:[2,4);J3:[5,6)","J0;J3","2","J1;J3","2","J0;J3","2","J1;J3","2","J2;J3","2"
"7105","J0:[1,5);J1:[2,3);J2:[2,5);J3:[2,6)","J0","1","J1","1","J0","1","J1","1","J3","1"
"7106","J0:[1,5);J1:[2,3);J2:[2,5);J3:[3,4)","J1;J3","2","J1;J3","2","J0","1","J1;J3","2","J1;J3","2"
"7107","J0:[1,5);J1:[2,3);J2:[2,5);J3:[3,5)","J1;J3","2","J1;J3","2","J0","1","J1;J3","2","J1;J3","2"
"7108","J0:[1,5);J1:[2,3);J2:[2,5);J3:[3,6)","J1;J3","2","J1;J3","2","J0","1","J1;J3","2","J1;J3","2"
"7109","J0:[1,5);J1:[2,3);J2:[2,5);J3:[4,5)","J1;J3","2","J1;J3","2","J0","1","J1;J3","2","J1;J3","2"
"7110","J0:[1,5);J1:[2,3);J2:[2,5);J3:[4,6)","J1;J3","2","J1;J3","2","J0","1","J1;J3","2","J1;J3","2"
"7111","J0:[1,5);J1:[2,3);J2:[2,5);J3:[5,6)","J0;J3","2","J1;J3","2","J0;J3","2","J1;J3","2","J2;J3","2"
"7112","J0:[1,5);J1:[2,3);J2:[2,6);J3:[3,4)","J1;J3","2","J1;J3","2","J0","1","J1;J3","2","J1;J3","2"
"7113","J0:[1,5);J1:[2,3);J2:[2,6);J3:[3,5)","J1;J3","2","J1;J3","2","J0","1","J1;J3","2","J1;J3","2"
"7114","J0:[1,5);J1:[2,3);J2:[2,6);J3:[3,6)","J1;J3","2","J1;J3","2","J0","1","J1;J3","2","J1;J3","2"
"7115","J0:[1,5);J1:[2,3);J2:[2,6);J3:[4,5)","J1;J3","2","J1;J3","2","J0","1","J1;J3","2","J1;J3","2"
"7116","J0:[1,5);J1:[2,3);J2:[2,6);J3:[4,6)","J1;J3","2","J1;J3","2","J0","1","J1;J3","2","J1;J3","2"
"7117","J0:[1,5);J1:[2,3);J2:[2,6);J3:[5,6)","J0;J3","2","J1;J3","2","J0;J3","2","J1;J3","2","J1;J3","2"
"7118","J0:[1,5);J1:[2,3);J2:[3,4);J3:[3,5)","J1;J2","2","J1;J2","2","J0","1","J1;J2","2","J1;J3","2"
"7119","J0:[1,5);J1:[2,3);J2:[3,4);J3:[3,6)","J1;J2","2","J1;J2","2","J0","1","J1;J2","2","J1;J3","2"
"7120","J0:[1,5);J1:[2,3);J2:[3,4);J3:[4,5)","J1;J2;J3","3","J1;J2;J3","3","J0","1","J1;J2;J3","3","J1;J2;J3","3"
"7121","J0:[1,5);J1:[2,3);J2:[3,4);J3:[4,6)","J1;J2;J3","3","J1;J2;J3","3","J0","1","J1;J2;J3","3","J1;J2;J3","3"
"7122","J0:[1,5);J1:[2,3);J2:[3,4);J3:[5,6)","J1;J2;J3","3","J1;J2;J3","3","J0;J3","2","J1;J2;J3","3","J1;J2;J3","3"
"7123","J0:[1,5);J1:[2,3);J2:[3,5);J3:[3,6)","J1;J2","2","J1;J2","2","J0","1","J1;J2","2","J1;J3","2"
"7124","J0:[1,5);J1:[2,3);J2:[3,5);J3:[4,5)","J1;J2","2","J1;J2","2","J0","1","J1;J3","2","J1;J3","2"
"7125","J0:[1,5);J1:[2,3);J2:[3,5);J3:[4,6)","J1;J2","2","J1;J2","2","J0","1","J1;J2","2","J1;J3","2"
"7126","J0:[1,5);J1:[2,3);J2:[3,5);J3:[5,6)","J1;J2;J3","3","J1;J2;J3","3","J0;J3","2","J1;J3;J2","3","J1;J2;J3","3"
"7127","J0:[1,5);J1:[2,3);J2:[3,6);J3:[4,5)","J1;J2","2","J1;J3","2","J0","1","J1;J3","2","J1;J3","2"
"7128","J0:[1,5);J1:[2,3);J2:[3,6);J3:[4,6)","J1;J2","2","J1;J2","2","J0","1","J1;J3","2","J1;J3","2"
"7129","J0:[1,5);J1:[2,3);J2:[3,6);J3:[5,6)","J0;J3","2","J1;J2","2","J0;J3","2","J1;J3","2","J1;J3","2"
"7130","J0:[1,5);J1:[2,3);J2:[4,5);J3:[4,6)","J1;J2","2","J1;J2","2","J0","1","J1;J2","2","J1;J3","2"
"7131","J0:[1,5);J1:[2,3);J2:[4,5);J3:[5,6)","J1;J2;J3","3","J1;J2;J3","3","J0;J3","2","J1;J2;J3","3","J1;J2;J3","3"
"7132","J0:[1,5);J1:[2,3);J2:[4,6);J3:[5,6)","J0;J3","2","J1;J2","2","J0;J3","2","J1;J3","2","J1;J3","2"
"7133","J0:[1,5);J1:[2,4);J2:[2,5);J3:[2,6)","J0","1","J1","1","J0","1","J1","1","J3","1"
"7134","J0:[1,5);J1:[2,4);J2:[2,5);J3:[3,4)","J0","1","J1","1","J0","1","J3","1","J3","1"
"7135","J0:[1,5);J1:[2,4);J2:[2,5);J3:[3,5)","J0","1","J1","1","J0","1","J1","1","J3","1"
"7136","J0:[1,5);J1:[2,4);J2:[2,5);J3:[3,6)","J0","1","J1","1","J0","1","J1","1","J3","1"
"7137","J0:[1,5);J1:[2,4);J2:[2,5);J3:[4,5)","J1;J3","2","J1;J3","2","J0","1","J3;J1","2","J1;J3","2"
"7138","J0:[1,5);J1:[2,4);J2:[2,5);J3:[4,6)","J1;J3","2","J1;J3","2","J0","1","J1;J3","2","J1;J3","2"
"7139","J0:[1,5);J1:[2,4);J2:[2,5);J3:[5,6)","J0;J3","2","J1;J3","2","J0;J3","2","J3;J1","2","J2;J3","2"
"7140","J0:[1,5);J1:[2,4);J2:[2,6);J3:[3,4)","J0","1","J1","1","J0","1","J3","1","J3","1"
"7141","J0:[1,5);J1:[2,4);J2:[2,6);J3:[3,5)","J0","1","J1","1","J0","1","J1","1","J3","1"
"7142","J0:[1,5);J1:[2,4);J2:[2,6);J3:[3,6)","J0","1","J1","1","J0","1","J1","1","J3","1"
"7143","J0:[1,5);J1:[2,4);J2:[2,6);J3:[4,5)","J1;J3","2","J1;J3","2","J0","1","J3;J1","2","J1;J3","2"
"7144","J0:[1,5);J1:[2,4);J2:[2,6);J3:[4,6)","J1;J3","2","J1;J3","2","J0","1","J1;J3","2","J1;J3","2"
"7145","J0:[1,5);J1:[2,4);J2:[2,6);J3:[5,6)","J0;J3","2","J1;J3","2","J0;J3","2","J3;J1","2","J1;J3","2"
"7146","J0:[1,5);J1:[2,4);J2:[3,4);J3:[3,5)","J0","1","J1","1","J0","1","J2","1","J3","1"
"7147","J0:[1,5);J1:[2,4);J2:[3,4);J3:[3,6)","J0","1","J1","1","J0","1","J2","1","J3","1"
"7148","J0:[1,5);J1:[2,4);J2:[3,4);J3:[4,5)","J1;J3","2","J1;J3","2","J0","1","J2;J3","2","J2;J3","2"
"7149","J0:[1,5);J1:[2,4);J2:[3,4);J3:[4,6)","J1;J3","2","J1;J3","2","J0","1","J2;J3","2","J2;J3","2"
"7150","J0:[1,5);J1:[2,4);J2:[3,4);J3:[5,6)","J0;J3","2","J1;J3","2","J0;J3","2","J2;J3","2","J2;J3","2"
"7151","J0:[1,5);J1:[2,4);J2:[3,5);J3:[3,6)","J0","1","J1","1","J0","1","J1","1","J3","1"
"7152","J0:[1,5);J1:[2,4);J2:[3,5);J3:[4,5)","J1;J3","2","J1;J3","2","J0","1","J3;J1","2","J1;J3","2"
"7153","J0:[1,5);J1:[2,4);J2:[3,5);J3:[4,6)","J1;J3","2","J1;J3","2","J0","1","J1;J3","2","J1;J3","2"
"7154","J0:[1,5);J1:[2,4);J2:[3,5);J3:[5,6)","J0;J3","2","J1;J3","2","J0;J3","2","J3;J1","2","J2;J3","2"
"7155","J0:[1,5);J1:[2,4);J2:[3,6);J3:[4,5)","J1;J3","2","J1;J3","2","J0","1","J3;J1","2","J1;J3","2"
"7156","J0:[1,5);J1:[2,4);J2:[3,6);J3:[4,6)","J1;J3","2","J1;J3","2","J0","1","J1;J3","2","J1;J3","2"
"7157","J0:[1,5);J1:[2,4);J2:[3,6);J3:[5,6)","J0;J3","2","J1;J3","2","J0;J3","2","J3;J1","2","J1;J3","2"
"7158","J0:[1,5);J1:[2,4);J2:[4,5);J3:[4,6)","J1;J2","2","J1;J2","2","J0","1","J2;J1","2","J1;J3","2"
"7159","J0:[1,5);J1:[2,4);J2:[4,5);J3:[5,6)","J1;J2;J3","3","J1;J2;J3","3","J0;J3","2","J2;J3;J1","3","J1;J2;J3","3"
"7160","J0:[1,5);J1:[2,4);J2:[4,6);J3:[5,6)","J0;J3","2","J1;J2","2","J0;J3","2","J3;J1","2","J1;J3","2"
"7161","J0:[1,5);J1:[2,5);J2:[2,6);J3:[3,4)","J0","1","J3","1","J0","1","J3","1","J3","1"
"7162","J0:[1,5);J1:[2,5);J2:[2,6);J3:[3,5)","J0","1","J0","1","J0","1","J3","1","J3","1"
"7163","J0:[1,5);J1:[2,5);J2:[2,6);J3:[3,6)","J0","1","J0","1","J0","1","J1","1","J3","1"
"7164","J0:[1,5);J1:[2,5);J2:[2,6);J3:[4,5)","J0","1","J0","1","J0","1","J3","1","J3","1"
"7165","J0:[1,5);J1:[2,5);J2:[2,6);J3:[4,6)","J0","1","J0","1","J0","1","J3","1","J3","1"
"7166","J0:[1,5);J1:[2,5);J2:[2,6);J3:[5,6)","J0;J3","2","J0;J3","2","J0;J3","2","J3;J1","2","J1;J3","2"
"7167","J0:[1,5);J1:[2,5);J2:[3,4);J3:[3,5)","J0","1","J2","1","J0","1","J2","1","J3","1"
"7168","J0:[1,5);J1:[2,5);J2:[3,4);J3:[3,6)","J0","1","J2","1","J0","1","J2","1","J3","1"
"7169","J0:[1,5);J1:[2,5);J2:[3,4);J3:[4,5)","J2;J3","2","J2;J3","2","J0","1","J2;J3","2","J2;J3","2"
"7170","J0:[1,5);J1:[2,5);J2:[3,4);J3:[4,6)","J2;J3","2","J2;J3","2","J0","1","J2;J3","2","J2;J3","2"
"7171","J0:[1,5);J1:[2,5);J2:[3,4);J3:[5,6)","J0;J3","2","J2;J3","2","J0;J3","2","J2;J3","2","J2;J3","2"
"7172","J0:[1,5);J1:[2,5);J2:[3,5);J3:[3,6)","J0","1","J0","1","J0","1","J2","1","J3","1"
"7173","J0:[1,5);J1:[2,5);J2:[3,5);J3:[4,5)","J0","1","J0","1","J0","1","J3","1","J3","1"
"7174","J0:[1,5);J1:[2,5);J2:[3,5);J3:[4,6)","J0","1","J0","1","J0","1","J2","1","J3","1"
"7175","J0:[1,5);J1:[2,5);J2:[3,5);J3:[5,6)","J0;J3","2","J0;J3","2","J0;J3","2","J3;J2","2","J2;J3","2"
"7176","J0:[1,5);J1:[2,5);J2:[3,6);J3:[4,5)","J0","1","J0","1","J0","1","J3","1","J3","1"
"7177","J0:[1,5);J1:[2,5);J2:[3,6);J3:[4,6)","J0","1","J0","1","J0","1","J3","1","J3","1"
"7178","J0:[1,5);J1:[2,5);J2:[3,6);J3:[5,6)","J0;J3","2","J0;J3","2","J0;J3","2","J3;J1","2","J1;J3","2"
"7179","J0:[1,5);J1:[2,5);J2:[4,5);J3:[4,6)","J0","1","J0","1","J0","1","J2","1","J3","1"
"7180","J0:[1,5);J1:[2,5);J2:[4,5);J3:[5,6)","J0;J3","2","J0;J3","2","J0;J3","2","J2;J3","2","J2;J3","2"
"7181","J0:[1,5);J1:[2,5);J2:[4,6);J3:[5,6)","J0;J3","2","J0;J3","2","J0;J3","2","J3;J1","2","J1;J3","2"
"7182","J0:[1,5);J1:[2,6);J2:[3,4);J3:[3,5)","J0","1","J2","1","J0","1","J2","1","J3","1"
"7183","J0:[1,5);J1:[2,6);J2:[3,4);J3:[3,6)","J0","1","J2","1","J0","1","J2","1","J3","1"
"7184","J0:[1,5);J1:[2,6);J2:[3,4);J3:[4,5)","J2;J3","2","J2;J3","2","J0","1","J2;J3","2","J2;J3","2"
"7185","J0:[1,5);J1:[2,6);J2:[3,4);J3:[4,6)","J2;J3","2","J2;J3","2","J0","1","J2;J3","2","J2;J3","2"
"7186","J0:[1,5);J1:[2,6);J2:[3,4);J3:[5,6)","J0;J3","2","J2;J3","2","J0;J3","2","J2;J3","2","J2;J3","2"
"7187","J0:[1,5);J1:[2,6);J2:[3,5);J3:[3,6)","J0","1","J0","1","J0","1","J2","1","J3","1"
"7188","J0:[1,5);J1:[2,6);J2:[3,5);J3:[4,5)","J0","1","J0","1","J0","1","J3","1","J3","1"
"7189","J0:[1,5);J1:[2,6);J2:[3,5);J3:[4,6)","J0","1","J0","1","J0","1","J2","1","J3","1"
"7190","J0:[1,5);J1:[2,6);J2:[3,5);J3:[5,6)","J0;J3","2","J0;J3","2","J0;J3","2","J3;J2","2","J2;J3","2"
"7191","J0:[1,5);J1:[2,6);J2:[3,6);J3:[4,5)","J0","1","J0","1","J0","1","J3","1","J3","1"
"7192","J0:[1,5);J1:[2,6);J2:[3,6);J3:[4,6)","J0","1","J0","1","J0","1","J3","1","J3","1"
"7193","J0:[1,5);J1:[2,6);J2:[3,6);J3:[5,6)","J0;J3","2","J0;J3","2","J0;J3","2","J3;J0","2","J0;J3","2"
"7194","J0:[1,5);J1:[2,6);J2:[4,5);J3:[4,6)","J0","1","J0","1","J0","1","J2","1","J3","1"
"7195","J0:[1,5);J1:[2,6);J2:[4,5);J3:[5,6)","J0;J3","2","J0;J3","2","J0;J3","2","J2;J3","2","J2;J3","2"
"7196","J0:[1,5);J1:[2,6);J2:[4,6);J3:[5,6)","J0;J3","2","J0;J3","2","J0;J3","2","J3;J0","2","J0;J3","2"
"7197","J0:[1,5);J1:[3,4);J2:[3,5);J3:[3,6)","J0","1","J1","1","J0","1","J1","1","J3","1"
"7198","J0:[1,5);J1:[3,4);J2:[3,5);J3:[4,5)","J1;J3","2","J1;J3","2","J0","1","J1;J3","2","J1;J3","2"
"7199","J0:[1,5);J1:[3,4);J2:[3,5);J3:[4,6)","J1;J3","2","J1;J3","2","J0","1","J1;J3","2","J1;J3","2"
"7200","J0:[1,5);J1:[3,4);J2:[3,5);J3:[5,6)","J0;J3","2","J1;J3","2","J0;J3","2","J1;J3","2","J2;J3","2"
"7201","J0:[1,5);J1:[3,4);J2:[3,6);J3:[4,5)","J1;J3","2","J1;J3","2","J0","1","J1;J3","2","J1;J3","2"
"7202","J0:[1,5);J1:[3,4);J2:[3,6);J3:[4,6)","J1;J3","2","J1;J3","2","J0","1","J1;J3","2","J1;J3","2"
"7203","J0:[1,5);J1:[3,4);J2:[3,6);J3:[5,6)","J0;J3","2","J1;J3","2","J0;J3","2","J1;J3","2","J1;J3","2"
"7204","J0:[1,5);J1:[3,4);J2:[4,5);J3:[4,6)","J1;J2","2","J1;J2","2","J0","1","J1;J2","2","J1;J3","2"
"7205","J0:[1,5);J1:[3,4);J2:[4,5);J3:[5,6)","J1;J2;J3","3","J1;J2;J3","3","J0;J3","2","J1;J2;J3","3","J1;J2;J3","3"
"7206","J0:[1,5);J1:[3,4);J2:[4,6);J3:[5,6)","J0;J3","2","J1;J2","2","J0;J3","2","J1;J3","2","J1;J3","2"
"7207","J0:[1,5);J1:[3,5);J2:[3,6);J3:[4,5)","J0","1","J0","1","J0","1","J3","1","J3","1"
"7208","J0:[1,5);J1:[3,5);J2:[3,6);J3:[4,6)","J0","1","J0","1","J0","1","J1","1","J3","1"
"7209","J0:[1,5);J1:[3,5);J2:[3,6);J3:[5,6)","J0;J3","2","J0;J3","2","J0;J3","2","J3;J1","2","J1;J3","2"
"7210","J0:[1,5);J1:[3,5);J2:[4,5);J3:[4,6)","J0","1","J0","1","J0","1","J2","1","J3","1"
"7211","J0:[1,5);J1:[3,5);J2:[4,5);J3:[5,6)","J0;J3","2","J0;J3","2","J0;J3","2","J2;J3","2","J2;J3","2"
"7212","J0:[1,5);J1:[3,5);J2:[4,6);J3:[5,6)","J0;J3","2","J0;J3","2","J0;J3","2","J3;J1","2","J1;J3","2"
"7213","J0:[1,5);J1:[3,6);J2:[4,5);J3:[4,6)","J0","1","J0","1","J0","1","J2","1","J3","1"
"7214","J0:[1,5);J1:[3,6);J2:[4,5);J3:[5,6)","J0;J3","2","J0;J3","2","J0;J3","2","J2;J3","2","J2;J3","2"
"7215","J0:[1,5);J1:[3,6);J2:[4,6);J3:[5,6)","J0;J3","2","J0;J3","2","J0;J3","2","J3;J0","2","J0;J3","2"
"7216","J0:[1,5);J1:[4,5);J2:[4,6);J3:[5,6)","J0;J3","2","J0;J3","2","J0;J3","2","J1;J3","2","J1;J3","2"
"7217","J0:[1,6);J1:[2,3);J2:[2,4);J3:[2,5)","J0","1","J1","1","J0","1","J1","1","J3","1"
"7218","J0:[1,6);J1:[2,3);J2:[2,4);J3:[2,6)","J0","1","J1","1","J0","1","J1","1","J3","1"
"7219","J0:[1,6);J1:[2,3);J2:[2,4);J3:[3,4)","J1;J3","2","J1;J3","2","J0","1","J1;J3","2","J1;J3","2"
"7220","J0:[1,6);J1:[2,3);J2:[2,4);J3:[3,5)","J1;J3","2","J1;J3","2","J0","1","J1;J3","2","J1;J3","2"
"7221","J0:[1,6);J1:[2,3);J2:[2,4);J3:[3,6)","J1;J3","2","J1;J3","2","J0","1","J1;J3","2","J1;J3","2"
"7222","J0:[1,6);J1:[2,3);J2:[2,4);J3:[4,5)","J1;J3","2","J1;J3","2","J0","1","J1;J3","2","J2;J3","2"
"7223","J0:[1,6);J1:[2,3);J2:[2,4);J3:[4,6)","J1;J3","2","J1;J3","2","J0","1","J1;J3","2","J2;J3","2"
"7224","J0:[1,6);J1:[2,3);J2:[2,4);J3:[5,6)","J1;J3","2","J1;J3","2","J0","1","J1;J3","2","J2;J3","2"
"7225","J0:[1,6);J1:[2,3);J2:[2,5);J3:[2,6)","J0","1","J1","1","J0","1","J1","1","J3","1"
"7226","J0:[1,6);J1:[2,3);J2:[2,5);J3:[3,4)","J1;J3","2","J1;J3","2","J0","1","J1;J3","2","J1;J3","2"
"7227","J0:[1,6);J1:[2,3);J2:[2,5);J3:[3,5)","J1;J3","2","J1;J3","2","J0","1","J1;J3","2","J1;J3","2"
"7228","J0:[1,6);J1:[2,3);J2:[2,5);J3:[3,6)","J1;J3","2","J1;J3","2","J0","1","J1;J3","2","J1;J3","2"
"7229","J0:[1,6);J1:[2,3);J2:[2,5);J3:[4,5)","J1;J3","2","J1;J3","2","J0","1","J1;J3","2","J1;J3","2"
"7230","J0:[1,6);J1:[2,3);J2:[2,5);J3:[4,6)","J1;J3","2","J1;J3","2","J0","1","J1;J3","2","J1;J3","2"
"7231","J0:[1,6);J1:[2,3);J2:[2,5);J3:[5,6)","J1;J3","2","J1;J3","2","J0","1","J1;J3","2","J2;J3","2"
"7232","J0:[1,6);J1:[2,3);J2:[2,6);J3:[3,4)","J1;J3","2","J1;J3","2","J0","1","J1;J3","2","J1;J3","2"
"7233","J0:[1,6);J1:[2,3);J2:[2,6);J3:[3,5)","J1;J3","2","J1;J3","2","J0","1","J1;J3","2","J1;J3","2"
"7234","J0:[1,6);J1:[2,3);J2:[2,6);J3:[3,6)","J1;J3","2","J1;J3","2","J0","1","J1;J3","2","J1;J3","2"
"7235","J0:[1,6);J1:[2,3);J2:[2,6);J3:[4,5)","J1;J3","2","J1;J3","2","J0","1","J1;J3","2","J1;J3","2"
"7236","J0:[1,6);J1:[2,3);J2:[2,6);J3:[4,6)","J1;J3","2","J1;J3","2","J0","1","J1;J3","2","J1;J3","2"
"7237","J0:[1,6);J1:[2,3);J2:[2,6);J3:[5,6)","J1;J3","2","J1;J3","2","J0","1","J1;J3","2","J1;J3","2"
"7238","J0:[1,6);J1:[2,3);J2:[3,4);J3:[3,5)","J1;J2","2","J1;J2","2","J0","1","J1;J2","2","J1;J3","2"
"7239","J0:[1,6);J1:[2,3);J2:[3,4);J3:[3,6)","J1;J2","2","J1;J2","2","J0","1","J1;J2","2","J1;J3","2"
"7240","J0:[1,6);J1:[2,3);J2:[3,4);J3:[4,5)","J1;J2;J3","3","J1;J2;J3","3","J0","1","J1;J2;J3","3","J1;J2;J3","3"
"7241","J0:[1,6);J1:[2,3);J2:[3,4);J3:[4,6)","J1;J2;J3","3","J1;J2;J3","3","J0","1","J1;J2;J3","3","J1;J2;J3","3"
"7242","J0:[1,6);J1:[2,3);J2:[3,4);J3:[5,6)","J1;J2;J3","3","J1;J2;J3","3","J0","1","J1;J2;J3","3","J1;J2;J3","3"
"7243","J0:[1,6);J1:[2,3);J2:[3,5);J3:[3,6)","J1;J2","2","J1;J2","2","J0","1","J1;J2","2","J1;J3","2"
"7244","J0:[1,6);J1:[2,3);J2:[3,5);J3:[4,5)","J1;J2","2","J1;J2","2","J0","1","J1;J3","2","J1;J3","2"
"7245","J0:[1,6);J1:[2,3);J2:[3,5);J3:[4,6)","J1;J2","2","J1;J2","2","J0","1","J1;J2","2","J1;J3","2"
"7246","J0:[1,6);J1:[2,3);J2:[3,5);J3:[5,6)","J1;J2;J3","3","J1;J2;J3","3","J0","1","J1;J3;J2","3","J1;J2;J3","3"
"7247","J0:[1,6);J1:[2,3);J2:[3,6);J3:[4,5)","J1;J2","2","J1;J3","2","J0","1","J1;J3","2","J1;J3","2"
"7248","J0:[1,6);J1:[2,3);J2:[3,6);J3:[4,6)","J1;J2","2","J1;J2","2","J0","1","J1;J3","2","J1;J3","2"
"7249","J0:[1,6);J1:[2,3);J2:[3,6);J3:[5,6)","J1;J2","2","J1;J2","2","J0","1","J1;J3","2","J1;J3","2"
"7250","J0:[1,6);J1:[2,3);J2:[4,5);J3:[4,6)","J1;J2","2","J1;J2","2","J0","1","J1;J2","2","J1;J3","2"
"7251","J0:[1,6);J1:[2,3);J2:[4,5);J3:[5,6)","J1;J2;J3","3","J1;J2;J3","3","J0","1","J1;J2;J3","3","J1;J2;J3","3"
"7252","J0:[1,6);J1:[2,3);J2:[4,6);J3:[5,6)","J1;J2","2","J1;J2","2","J0","1","J1;J3","2","J1;J3","2"
"7253","J0:[1,6);J1:[2,4);J2:[2,5);J3:[2,6)","J0","1","J1","1","J0","1","J1","1","J3","1"
"7254","J0:[1,6);J1:[2,4);J2:[2,5);J3:[3,4)","J0","1","J1","1","J0","1","J3","1","J3","1"
"7255","J0:[1,6);J1:[2,4);J2:[2,5);J3:[3,5)","J0","1","J1","1","J0","1","J1","1","J3","1"
"7256","J0:[1,6);J1:[2,4);J2:[2,5);J3:[3,6)","J0","1","J1","1","J0","1","J1","1","J3","1"
"7257","J0:[1,6);J1:[2,4);J2:[2,5);J3:[4,5)","J1;J3","2","J1;J3","2","J0","1","J3;J1","2","J1;J3","2"
"7258","J0:[1,6);J1:[2,4);J2:[2,5);J3:[4,6)","J1;J3","2","J1;J3","2","J0","1","J1;J3","2","J1;J3","2"
"7259","J0:[1,6);J1:[2,4);J2:[2,5);J3:[5,6)","J1;J3","2","J1;J3","2","J0","1","J3;J1","2","J2;J3","2"
"7260","J0:[1,6);J1:[2,4);J2:[2,6);J3:[3,4)","J0","1","J1","1","J0","1","J3","1","J3","1"
"7261","J0:[1,6);J1:[2,4);J2:[2,6);J3:[3,5)","J0","1","J1","1","J0","1","J1","1","J3","1"
"7262","J0:[1,6);J1:[2,4);J2:[2,6);J3:[3,6)","J0","1","J1","1","J0","1","J1","1","J3","1"
"7263","J0:[1,6);J1:[2,4);J2:[2,6);J3:[4,5)","J1;J3","2","J1;J3","2","J0","1","J3;J1","2","J1;J3","2"
"7264","J0:[1,6);J1:[2,4);J2:[2,6);J3:[4,6)","J1;J3","2","J1;J3","2","J0","1","J1;J3","2","J1;J3","2"
"7265","J0:[1,6);J1:[2,4);J2:[2,6);J3:[5,6)","J1;J3","2","J1;J3","2","J0","1","J3;J1","2","J1;J3","2"
"7266","J0:[1,6);J1:[2,4);J2:[3,4);J3:[3,5)","J0","1","J1","1","J0","1","J2","1","J3","1"
"7267","J0:[1,6);J1:[2,4);J2:[3,4);J3:[3,6)","J0","1","J1","1","J0","1","J2","1","J3","1"
"7268","J0:[1,6);J1:[2,4);J2:[3,4);J3:[4,5)","J1;J3","2","J1;J3","2","J0","1","J2;J3","2","J2;J3","2"
"7269","J0:[1,6);J1:[2,4);J2:[3,4);J3:[4,6)","J1;J3","2","J1;J3","2","J0","1","J2;J3","2","J2;J3","2"
"7270","J0:[1,6);J1:[2,4);J2:[3,4);J3:[5,6)","J1;J3","2","J1;J3","2","J0","1","J2;J3","2","J2;J3","2"
"7271","J0:[1,6);J1:[2,4);J2:[3,5);J3:[3,6)","J0","1","J1","1","J0","1","J1","1","J3","1"
"7272","J0:[1,6);J1:[2,4);J2:[3,5);J3:[4,5)","J1;J3","2","J1;J3","2","J0","1","J3;J1","2","J1;J3","2"
"7273","J0:[1,6);J1:[2,4);J2:[3,5);J3:[4,6)","J1;J3","2","J1;J3","2","J0","1","J1;J3","2","J1;J3","2"
"7274","J0:[1,6);J1:[2,4);J2:[3,5);J3:[5,6)","J1;J3","2","J1;J3","2","J0","1","J3;J1","2","J2;J3","2"
"7275","J0:[1,6);J1:[2,4);J2:[3,6);J3:[4,5)","J1;J3","2","J1;J3","2","J0","1","J3;J1","2","J1;J3","2"
"7276","J0:[1,6);J1:[2,4);J2:[3,6);J3:[4,6)","J1;J3","2","J1;J3","2","J0","1","J1;J3","2","J1;J3","2"
"7277","J0:[1,6);J1:[2,4);J2:[3,6);J3:[5,6)","J1;J3","2","J1;J3","2","J0","1","J3;J1","2","J1;J3","2"
"7278","J0:[1,6);J1:[2,4);J2:[4,5);J3:[4,6)","J1;J2","2","J1;J2","2","J0","1","J2;J1","2","J1;J3","2"
"7279","J0:[1,6);J1:[2,4);J2:[4,5);J3:[5,6)","J1;J2;J3","3","J1;J2;J3","3","J0","1","J2;J3;J1","3","J1;J2;J3","3"
"7280","J0:[1,6);J1:[2,4);J2:[4,6);J3:[5,6)","J1;J2","2","J1;J2","2","J0","1","J3;J1","2","J1;J3","2"
"7281","J0:[1,6);J1:[2,5);J2:[2,6);J3:[3,4)","J0","1","J3","1","J0","1","J3","1","J3","1"
"7282","J0:[1,6);J1:[2,5);J2:[2,6);J3:[3,5)","J0","1","J1","1","J0","1","J3","1","J3","1"
"7283","J0:[1,6);J1:[2,5);J2:[2,6);J3:[3,6)","J0","1","J1","1","J0","1","J1","1","J3","1"
"7284","J0:[1,6);J1:[2,5);J2:[2,6);J3:[4,5)","J0","1","J1","1","J0","1","J3","1","J3","1"
"7285","J0:[1,6);J1:[2,5);J2:[2,6);J3:[4,6)","J0","1","J1","1","J0","1","J3","1","J3","1"
"7286","J0:[1,6);J1:[2,5);J2:[2,6);J3:[5,6)","J1;J3","2","J1;J3","2","J0","1","J3;J1","2","J1;J3","2"
"7287","J0:[1,6);J1:[2,5);J2:[3,4);J3:[3,5)","J0","1","J2","1","J0","1","J2","1","J3","1"
"7288","J0:[1,6);J1:[2,5);J2:[3,4);J3:[3,6)","J0","1","J2","1","J0","1","J2","1","J3","1"
"7289","J0:[1,6);J1:[2,5);J2:[3,4);J3:[4,5)","J2;J3","2","J2;J3","2","J0","1","J2;J3","2","J2;J3","2"
"7290","J0:[1,6);J1:[2,5);J2:[3,4);J3:[4,6)","J2;J3","2","J2;J3","2","J0","1","J2;J3","2","J2;J3","2"
"7291","J0:[1,6);J1:[2,5);J2:[3,4);J3:[5,6)","J1;J3","2","J2;J3","2","J0","1","J2;J3","2","J2;J3","2"
"7292","J0:[1,6);J1:[2,5);J2:[3,5);J3:[3,6)","J0","1","J1","1","J0","1","J2","1","J3","1"
"7293","J0:[1,6);J1:[2,5);J2:[3,5);J3:[4,5)","J0","1","J1","1","J0","1","J3","1","J3","1"
"7294","J0:[1,6);J1:[2,5);J2:[3,5);J3:[4,6)","J0","1","J1","1","J0","1","J2","1","J3","1"
"7295","J0:[1,6);J1:[2,5);J2:[3,5);J3:[5,6)","J1;J3","2","J1;J3","2","J0","1","J3;J2","2","J2;J3","2"
"7296","J0:[1,6);J1:[2,5);J2:[3,6);J3:[4,5)","J0","1","J1","1","J0","1","J3","1","J3","1"
"7297","J0:[1,6);J1:[2,5);J2:[3,6);J3:[4,6)","J0","1","J1","1","J0","1","J3","1","J3","1"
"7298","J0:[1,6);J1:[2,5);J2:[3,6);J3:[5,6)","J1;J3","2","J1;J3","2","J0","1","J3;J1","2","J1;J3","2"
"7299","J0:[1,6);J1:[2,5);J2:[4,5);J3:[4,6)","J0","1","J1","1","J0","1","J2","1","J3","1"
"7300","J0:[1,6);J1:[2,5);J2:[4,5);J3:[5,6)","J1;J3","2","J1;J3","2","J0","1","J2;J3","2","J2;J3","2"
"7301","J0:[1,6);J1:[2,5);J2:[4,6);J3:[5,6)","J1;J3","2","J1;J3","2","J0","1","J3;J1","2","J1;J3","2"
"7302","J0:[1,6);J1:[2,6);J2:[3,4);J3:[3,5)","J0","1","J2","1","J0","1","J2","1","J3","1"
"7303","J0:[1,6);J1:[2,6);J2:[3,4);J3:[3,6)","J0","1","J2","1","J0","1","J2","1","J3","1"
"7304","J0:[1,6);J1:[2,6);J2:[3,4);J3:[4,5)","J2;J3","2","J2;J3","2","J0","1","J2;J3","2","J2;J3","2"
"7305","J0:[1,6);J1:[2,6);J2:[3,4);J3:[4,6)","J2;J3","2","J2;J3","2","J0","1","J2;J3","2","J2;J3","2"
"7306","J0:[1,6);J1:[2,6);J2:[3,4);J3:[5,6)","J2;J3","2","J2;J3","2","J0","1","J2;J3","2","J2;J3","2"
"7307","J0:[1,6);J1:[2,6);J2:[3,5);J3:[3,6)","J0","1","J2","1","J0","1","J2","1","J3","1"
"7308","J0:[1,6);J1:[2,6);J2:[3,5);J3:[4,5)","J0","1","J2","1","J0","1","J3","1","J3","1"
"7309","J0:[1,6);J1:[2,6);J2:[3,5);J3:[4,6)","J0","1","J2","1","J0","1","J2","1","J3","1"
"7310","J0:[1,6);J1:[2,6);J2:[3,5);J3:[5,6)","J2;J3","2","J2;J3","2","J0","1","J3;J2","2","J2;J3","2"
"7311","J0:[1,6);J1:[2,6);J2:[3,6);J3:[4,5)","J0","1","J3","1","J0","1","J3","1","J3","1"
"7312","J0:[1,6);J1:[2,6);J2:[3,6);J3:[4,6)","J0","1","J0","1","J0","1","J3","1","J3","1"
"7313","J0:[1,6);J1:[2,6);J2:[3,6);J3:[5,6)","J0","1","J0","1","J0","1","J3","1","J3","1"
"7314","J0:[1,6);J1:[2,6);J2:[4,5);J3:[4,6)","J0","1","J2","1","J0","1","J2","1","J3","1"
"7315","J0:[1,6);J1:[2,6);J2:[4,5);J3:[5,6)","J2;J3","2","J2;J3","2","J0","1","J2;J3","2","J2;J3","2"
"7316","J0:[1,6);J1:[2,6);J2:[4,6);J3:[5,6)","J0","1","J0","1","J0","1","J3","1","J3","1"
"7317","J0:[1,6);J1:[3,4);J2:[3,5);J3:[3,6)","J0","1","J1","1","J0","1","J1","1","J3","1"
"7318","J0:[1,6);J1:[3,4);J2:[3,5);J3:[4,5)","J1;J3","2","J1;J3","2","J0","1","J1;J3","2","J1;J3","2"
"7319","J0:[1,6);J1:[3,4);J2:[3,5);J3:[4,6)","J1;J3","2","J1;J3","2","J0","1","J1;J3","2","J1;J3","2"
"7320","J0:[1,6);J1:[3,4);J2:[3,5);J3:[5,6)","J1;J3","2","J1;J3","2","J0","1","J1;J3","2","J2;J3","2"
"7321","J0:[1,6);J1:[3,4);J2:[3,6);J3:[4,5)","J1;J3","2","J1;J3","2","J0","1","J1;J3","2","J1;J3","2"
"7322","J0:[1,6);J1:[3,4);J2:[3,6);J3:[4,6)","J1;J3","2","J1;J3","2","J0","1","J1;J3","2","J1;J3","2"
"7323","J0:[1,6);J1:[3,4);J2:[3,6);J3:[5,6)","J1;J3","2","J1;J3","2","J0","1","J1;J3","2","J1;J3","2"
"7324","J0:[1,6);J1:[3,4);J2:[4,5);J3:[4,6)","J1;J2","2","J1;J2","2","J0","1","J1;J2","2","J1;J3","2"
"7325","J0:[1,6);J1:[3,4);J2:[4,5);J3:[5,6)","J1;J2;J3","3","J1;J2;J3","3","J0","1","J1;J2;J3","3","J1;J2;J3","3"
"7326","J0:[1,6);J1:[3,4);J2:[4,6);J3:[5,6)","J1;J2","2","J1;J2","2","J0","1","J1;J3","2","J1;J3","2"
"7327","J0:[1,6);J1:[3,5);J2:[3,6);J3:[4,5)","J0","1","J1","1","J0","1","J3","1","J3","1"
"7328","J0:[1,6);J1:[3,5);J2:[3,6);J3:[4,6)","J0","1","J1","1","J0","1","J1","1","J3","1"
"7329","J0:[1,6);J1:[3,5);J2:[3,6);J3:[5,6)","J1;J3","2","J1;J3","2","J0","1","J3;J1","2","J1;J3","2"
"7330","J0:[1,6);J1:[3,5);J2:[4,5);J3:[4,6)","J0","1","J1","1","J0","1","J2","1","J3","1"
"7331","J0:[1,6);J1:[3,5);J2:[4,5);J3:[5,6)","J1;J3","2","J1;J3","2","J0","1","J2;J3","2","J2;J3","2"
"7332","J0:[1,6);J1:[3,5);J2:[4,6);J3:[5,6)","J1;J3","2","J1;J3","2","J0","1","J3;J1","2","J1;J3","2"
"7333","J0:[1,6);J1:[3,6);J2:[4,5);J3:[4,6)","J0","1","J2","1","J0","1","J2","1","J3","1"
"7334","J0:[1,6);J1:[3,6);J2:[4,5);J3:[5,6)","J2;J3","2","J2;J3","2","J0","1","J2;J3","2","J2;J3","2"
"7335","J0:[1,6);J1:[3,6);J2:[4,6);J3:[5,6)","J0","1","J0","1","J0","1","J3","1","J3","1"
"7336","J0:[1,6);J1:[4,5);J2:[4,6);J3:[5,6)","J1;J3","2","J1;J3","2","J0","1","J1;J3","2","J1;J3","2"
"7337","J0:[2,3);J1:[2,4);J2:[2,5);J3:[2,6)","J0","1","J0","1","J0","1","J0","1","J3","1"
"7338","J0:[2,3);J1:[2,4);J2:[2,5);J3:[3,4)","J0;J3","2","J0;J3","2","J0;J3","2","J0;J3","2","J0;J3","2"
"7339","J0:[2,3);J1:[2,4);J2:[2,5);J3:[3,5)","J0;J3","2","J0;J3","2","J0;J3","2","J0;J3","2","J0;J3","2"
"7340","J0:[2,3);J1:[2,4);J2:[2,5);J3:[3,6)","J0;J3","2","J0;J3","2","J0;J3","2","J0;J3","2","J0;J3","2"
"7341","J0:[2,3);J1:[2,4);J2:[2,5);J3:[4,5)","J0;J3","2","J0;J3","2","J0;J3","2","J0;J3","2","J1;J3","2"
"7342","J0:[2,3);J1:[2,4);J2:[2,5);J3:[4,6)","J0;J3","2","J0;J3","2","J0;J3","2","J0;J3","2","J1;J3","2"
"7343","J0:[2,3);J1:[2,4);J2:[2,5);J3:[5,6)","J0;J3","2","J0;J3","2","J0;J3","2","J0;J3","2","J2;J3","2"
"7344","J0:[2,3);J1:[2,4);J2:[2,6);J3:[3,4)","J0;J3","2","J0;J3","2","J0;J3","2","J0;J3","2","J0;J3","2"
"7345","J0:[2,3);J1:[2,4);J2:[2,6);J3:[3,5)","J0;J3","2","J0;J3","2","J0;J3","2","J0;J3","2","J0;J3","2"
"7346","J0:[2,3);J1:[2,4);J2:[2,6);J3:[3,6)","J0;J3","2","J0;J3","2","J0;J3","2","J0;J3","2","J0;J3","2"
"7347","J0:[2,3);J1:[2,4);J2:[2,6);J3:[4,5)","J0;J3","2","J0;J3","2","J0;J3","2","J0;J3","2","J1;J3","2"
"7348","J0:[2,3);J1:[2,4);J2:[2,6);J3:[4,6)","J0;J3","2","J0;J3","2","J0;J3","2","J0;J3","2","J1;J3","2"
"7349","J0:[2,3);J1:[2,4);J2:[2,6);J3:[5,6)","J0;J3","2","J0;J3","2","J0;J3","2","J0;J3","2","J1;J3","2"
"7350","J0:[2,3);J1:[2,4);J2:[3,4);J3:[3,5)","J0;J2","2","J0;J2","2","J0;J2","2","J0;J2","2","J0;J3","2"
"7351","J0:[2,3);J1:[2,4);J2:[3,4);J3:[3,6)","J0;J2","2","J0;J2","2","J0;J2","2","J0;J2","2","J0;J3","2"
"7352","J0:[2,3);J1:[2,4);J2:[3,4);J3:[4,5)","J0;J2;J3","3","J0;J2;J3","3","J0;J2;J3","3","J0;J2;J3","3","J0;J2;J3","3"
"7353","J0:[2,3);J1:[2,4);J2:[3,4);J3:[4,6)","J0;J2;J3","3","J0;J2;J3","3","J0;J2;J3","3","J0;J2;J3","3","J0;J2;J3","3"
"7354","J0:[2,3);J1:[2,4);J2:[3,4);J3:[5,6)","J0;J2;J3","3","J0;J2;J3","3","J0;J2;J3","3","J0;J2;J3","3","J0;J2;J3","3"
"7355","J0:[2,3);J1:[2,4);J2:[3,5);J3:[3,6)","J0;J2","2","J0;J2","2","J0;J2","2","J0;J2","2","J0;J3","2"
"7356","J0:[2,3);J1:[2,4);J2:[3,5);J3:[4,5)","J0;J2","2","J0;J2","2","J0;J2","2","J0;J3","2","J1;J3","2"
"7357","J0:[2,3);J1:[2,4);J2:[3,5);J3:[4,6)","J0;J2","2","J0;J2","2","J0;J2","2","J0;J2","2","J1;J3","2"
"7358","J0:[2,3);J1:[2,4);J2:[3,5);J3:[5,6)","J0;J2;J3","3","J0;J2;J3","3","J0;J2;J3","3","J0;J3;J2","3","J0;J2;J3","3"
"7359","J0:[2,3);J1:[2,4);J2:[3,6);J3:[4,5)","J0;J2","2","J0;J3","2","J0;J2","2","J0;J3","2","J1;J3","2"
"7360","J0:[2,3);J1:[2,4);J2:[3,6);J3:[4,6)","J0;J2","2","J0;J2","2","J0;J2","2","J0;J3","2","J1;J3","2"
"7361","J0:[2,3);J1:[2,4);J2:[3,6);J3:[5,6)","J0;J2","2","J0;J2","2","J0;J2","2","J0;J3","2","J1;J3","2"
"7362","J0:[2,3);J1:[2,4);J2:[4,5);J3:[4,6)","J0;J2","2","J0;J2","2","J0;J2","2","J0;J2","2","J1;J3","2"
"7363","J0:[2,3);J1:[2,4);J2:[4,5);J3:[5,6)","J0;J2;J3","3","J0;J2;J3","3","J0;J2;J3","3","J0;J2;J3","3","J1;J2;J3","3"
"7364","J0:[2,3);J1:[2,4);J2:[4,6);J3:[5,6)","J0;J2","2","J0;J2","2","J0;J2","2","J0;J3","2","J1;J3","2"
"7365","J0:[2,3);J1:[2,5);J2:[2,6);J3:[3,4)","J0;J3","2","J0;J3","2","J0;J3","2","J0;J3","2","J0;J3","2"
"7366","J0:[2,3);J1:[2,5);J2:[2,6);J3:[3,5)","J0;J3","2","J0;J3","2","J0;J3","2","J0;J3","2","J0;J3","2"
"7367","J0:[2,3);J1:[2,5);J2:[2,6);J3:[3,6)","J0;J3","2","J0;J3","2","J0;J3","2","J0;J3","2","J0;J3","2"
"7368","J0:[2,3);J1:[2,5);J2:[2,6);J3:[4,5)","J0;J3","2","J0;J3","2","J0;J3","2","J0;J3","2","J0;J3","2"
"7369","J0:[2,3);J1:[2,5);J2:[2,6);J3:[4,6)","J0;J3","2","J0;J3","2","J0;J3","2","J0;J3","2","J0;J3","2"
"7370","J0:[2,3);J1:[2,5);J2:[2,6);J3:[5,6)","J0;J3","2","J0;J3","2","J0;J3","2","J0;J3","2","J1;J3","2"
"7371","J0:[2,3);J1:[2,5);J2:[3,4);J3:[3,5)","J0;J2","2","J0;J2","2","J0;J2","2","J0;J2","2","J0;J3","2"
"7372","J0:[2,3);J1:[2,5);J2:[3,4);J3:[3,6)","J0;J2","2","J0;J2","2","J0;J2","2","J0;J2","2","J0;J3","2"
"7373","J0:[2,3);J1:[2,5);J2:[3,4);J3:[4,5)","J0;J2;J3","3","J0;J2;J3","3","J0;J2;J3","3","J0;J2;J3","3","J0;J2;J3","3"
"7374","J0:[2,3);J1:[2,5);J2:[3,4);J3:[4,6)","J0;J2;J3","3","J0;J2;J3","3","J0;J2;J3","3","J0;J2;J3","3","J0;J2;J3","3"
"7375","J0:[2,3);J1:[2,5);J2:[3,4);J3:[5,6)","J0;J2;J3","3","J0;J2;J3","3","J0;J2;J3","3","J0;J2;J3","3","J0;J2;J3","3"
"7376","J0:[2,3);J1:[2,5);J2:[3,5);J3:[3,6)","J0;J2","2","J0;J2","2","J0;J2","2","J0;J2","2","J0;J3","2"
"7377","J0:[2,3);J1:[2,5);J2:[3,5);J3:[4,5)","J0;J2","2","J0;J2","2","J0;J2","2","J0;J3","2","J0;J3","2"
"7378","J0:[2,3);J1:[2,5);J2:[3,5);J3:[4,6)","J0;J2","2","J0;J2","2","J0;J2","2","J0;J2","2","J0;J3","2"
"7379","J0:[2,3);J1:[2,5);J2:[3,5);J3:[5,6)","J0;J2;J3","3","J0;J2;J3","3","J0;J2;J3","3","J0;J3;J2","3","J0;J2;J3","3"
"7380","J0:[2,3);J1:[2,5);J2:[3,6);J3:[4,5)","J0;J2","2","J0;J3","2","J0;J2","2","J0;J3","2","J0;J3","2"
"7381","J0:[2,3);J1:[2,5);J2:[3,6);J3:[4,6)","J0;J2","2","J0;J2","2","J0;J2","2","J0;J3","2","J0;J3","2"
"7382","J0:[2,3);J1:[2,5);J2:[3,6);J3:[5,6)","J0;J2","2","J0;J2","2","J0;J2","2","J0;J3","2","J1;J3","2"
"7383","J0:[2,3);J1:[2,5);J2:[4,5);J3:[4,6)","J0;J2","2","J0;J2","2","J0;J2","2","J0;J2","2","J0;J3","2"
"7384","J0:[2,3);J1:[2,5);J2:[4,5);J3:[5,6)","J0;J2;J3","3","J0;J2;J3","3","J0;J2;J3","3","J0;J2;J3","3","J0;J2;J3","3"
"7385","J0:[2,3);J1:[2,5);J2:[4,6);J3:[5,6)","J0;J2","2","J0;J2","2","J0;J2","2","J0;J3","2","J1;J3","2"
"7386","J0:[2,3);J1:[2,6);J2:[3,4);J3:[3,5)","J0;J2","2","J0;J2","2","J0;J2","2","J0;J2","2","J0;J3","2"
"7387","J0:[2,3);J1:[2,6);J2:[3,4);J3:[3,6)","J0;J2","2","J0;J2","2","J0;J2","2","J0;J2","2","J0;J3","2"
"7388","J0:[2,3);J1:[2,6);J2:[3,4);J3:[4,5)","J0;J2;J3","3","J0;J2;J3","3","J0;J2;J3","3","J0;J2;J3","3","J0;J2;J3","3"
"7389","J0:[2,3);J1:[2,6);J2:[3,4);J3:[4,6)","J0;J2;J3","3","J0;J2;J3","3","J0;J2;J3","3","J0;J2;J3","3","J0;J2;J3","3"
"7390","J0:[2,3);J1:[2,6);J2:[3,4);J3:[5,6)","J0;J2;J3","3","J0;J2;J3","3","J0;J2;J3","3","J0;J2;J3","3","J0;J2;J3","3"
"7391","J0:[2,3);J1:[2,6);J2:[3,5);J3:[3,6)","J0;J2","2","J0;J2","2","J0;J2","2","J0;J2","2","J0;J3","2"
"7392","J0:[2,3);J1:[2,6);J2:[3,5);J3:[4,5)","J0;J2","2","J0;J2","2","J0;J2","2","J0;J3","2","J0;J3","2"
"7393","J0:[2,3);J1:[2,6);J2:[3,5);J3:[4,6)","J0;J2","2","J0;J2","2","J0;J2","2","J0;J2","2","J0;J3","2"
"7394","J0:[2,3);J1:[2,6);J2:[3,5);J3:[5,6)","J0;J2;J3","3","J0;J2;J3","3","J0;J2;J3","3","J0;J3;J2","3","J0;J2;J3","3"
"7395","J0:[2,3);J1:[2,6);J2:[3,6);J3:[4,5)","J0;J2","2","J0;J3","2","J0;J2","2","J0;J3","2","J0;J3","2"
"7396","J0:[2,3);J1:[2,6);J2:[3,6);J3:[4,6)","J0;J2","2","J0;J2","2","J0;J2","2","J0;J3","2","J0;J3","2"
"7397","J0:[2,3);J1:[2,6);J2:[3,6);J3:[5,6)","J0;J2","2","J0;J2","2","J0;J2","2","J0;J3","2","J0;J3","2"
"7398","J0:[2,3);J1:[2,6);J2:[4,5);J3:[4,6)","J0;J2","2","J0;J2","2","J0;J2","2","J0;J2","2","J0;J3","2"
"7399","J0:[2,3);J1:[2,6);J2:[4,5);J3:[5,6)","J0;J2;J3","3","J0;J2;J3","3","J0;J2;J3","3","J0;J2;J3","3","J0;J2;J3","3"
"7400","J0:[2,3);J1:[2,6);J2:[4,6);J3:[5,6)","J0;J2","2","J0;J2","2","J0;J2","2","J0;J3","2","J0;J3","2"
"7401","J0:[2,3);J1:[3,4);J2:[3,5);J3:[3,6)","J0;J1","2","J0;J1","2","J0;J1","2","J0;J1","2","J0;J3","2"
"7402","J0:[2,3);J1:[3,4);J2:[3,5);J3:[4,5)","J0;J1;J3","3","J0;J1;J3","3","J0;J1;J3","3","J0;J1;J3","3","J0;J1;J3","3"
"7403","J0:[2,3);J1:[3,4);J2:[3,5);J3:[4,6)","J0;J1;J3","3","J0;J1;J3","3","J0;J1;J3","3","J0;J1;J3","3","J0;J1;J3","3"
"7404","J0:[2,3);J1:[3,4);J2:[3,5);J3:[5,6)","J0;J1;J3","3","J0;J1;J3","3","J0;J1;J3","3","J0;J1;J3","3","J0;J2;J3","3"
"7405","J0:[2,3);J1:[3,4);J2:[3,6);J3:[4,5)","J0;J1;J3","3","J0;J1;J3","3","J0;J1;J3","3","J0;J1;J3","3","J0;J1;J3","3"
"7406","J0:[2,3);J1:[3,4);J2:[3,6);J3:[4,6)","J0;J1;J3","3","J0;J1;J3","3","J0;J1;J3","3","J0;J1;J3","3","J0;J1;J3","3"
"7407","J0:[2,3);J1:[3,4);J2:[3,6);J3:[5,6)","J0;J1;J3","3","J0;J1;J3","3","J0;J1;J3","3","J0;J1;J3","3","J0;J1;J3","3"
"7408","J0:[2,3);J1:[3,4);J2:[4,5);J3:[4,6)","J0;J1;J2","3","J0;J1;J2","3","J0;J1;J2","3","J0;J1;J2","3","J0;J1;J3","3"
"7409","J0:[2,3);J1:[3,4);J2:[4,5);J3:[5,6)","J0;J1;J2;J3","4","J0;J1;J2;J3","4","J0;J1;J2;J3","4","J0;J1;J2;J3","4","J0;J1;J2;J3","4"
"7410","J0:[2,3);J1:[3,4);J2:[4,6);J3:[5,6)","J0;J1;J2","3","J0;J1;J2","3","J0;J1;J2","3","J0;J1;J3","3","J0;J1;J3","3"
"7411","J0:[2,3);J1:[3,5);J2:[3,6);J3:[4,5)","J0;J1","2","J0;J1","2","J0;J1","2","J0;J3","2","J0;J3","2"
"7412","J0:[2,3);J1:[3,5);J2:[3,6);J3:[4,6)","J0;J1","2","J0;J1","2","J0;J1","2","J0;J1","2","J0;J3","2"
"7413","J0:[2,3);J1:[3,5);J2:[3,6);J3:[5,6)","J0;J1;J3","3","J0;J1;J3","3","J0;J1;J3","3","J0;J3;J1","3","J0;J1;J3","3"
"7414","J0:[2,3);J1:[3,5);J2:[4,5);J3:[4,6)","J0;J1","2","J0;J1","2","J0;J1","2","J0;J2","2","J0;J3","2"
"7415","J0:[2,3);J1:[3,5);J2:[4,5);J3:[5,6)","J0;J1;J3","3","J0;J1;J3","3","J0;J1;J3","3","J0;J2;J3","3","J0;J2;J3","3"
"7416","J0:[2,3);J1:[3,5);J2:[4,6);J3:[5,6)","J0;J1;J3","3","J0;J1;J3","3","J0;J1;J3","3","J0;J3;J1","3","J0;J1;J3","3"
"7417","J0:[2,3);J1:[3,6);J2:[4,5);J3:[4,6)","J0;J1","2","J0;J2","2","J0;J1","2","J0;J2","2","J0;J3","2"
"7418","J0:[2,3);J1:[3,6);J2:[4,5);J3:[5,6)","J0;J2;J3","3","J0;J2;J3","3","J0;J1","2","J0;J2;J3","3","J0;J2;J3","3"
"7419","J0:[2,3);J1:[3,6);J2:[4,6);J3:[5,6)","J0;J1","2","J0;J1","2","J0;J1","2","J0;J3","2","J0;J3","2"
"7420","J0:[2,3);J1:[4,5);J2:[4,6);J3:[5,6)","J0;J1;J3","3","J0;J1;J3","3","J0;J1;J3","3","J0;J1;J3","3","J0;J1;J3","3"
"7421","J0:[2,4);J1:[2,5);J2:[2,6);J3:[3,4)","J0","1","J0","1","J0","1","J3","1","J3","1"
"7422","J0:[2,4);J1:[2,5);J2:[2,6);J3:[3,5)","J0","1","J0","1","J0","1","J0","1","J3","1"
"7423","J0:[2,4);J1:[2,5);J2:[2,6);J3:[3,6)","J0","1","J0","1","J0","1","J0","1","J3","1"
"7424","J0:[2,4);J1:[2,5);J2:[2,6);J3:[4,5)","J0;J3","2","J0;J3","2","J0;J3","2","J3;J0","2","J0;J3","2"
"7425","J0:[2,4);J1:[2,5);J2:[2,6);J3:[4,6)","J0;J3","2","J0;J3","2","J0;J3","2","J0;J3","2","J0;J3","2"
"7426","J0:[2,4);J1:[2,5);J2:[2,6);J3:[5,6)","J0;J3","2","J0;J3","2","J0;J3","2","J3;J0","2","J1;J3","2"
"7427","J0:[2,4);J1:[2,5);J2:[3,4);J3:[3,5)","J0","1","J0","1","J0","1","J2","1","J3","1"
"7428","J0:[2,4);J1:[2,5);J2:[3,4);J3:[3,6)","J0","1","J0","1","J0","1","J2","1","J3","1"
"7429","J0:[2,4);J1:[2,5);J2:[3,4);J3:[4,5)","J0;J3","2","J0;J3","2","J0;J3","2","J2;J3","2","J2;J3","2"
"7430","J0:[2,4);J1:[2,5);J2:[3,4);J3:[4,6)","J0;J3","2","J0;J3","2","J0;J3","2","J2;J3","2","J2;J3","2"
"7431","J0:[2,4);J1:[2,5);J2:[3,4);J3:[5,6)","J0;J3","2","J0;J3","2","J0;J3","2","J2;J3","2","J2;J3","2"
"7432","J0:[2,4);J1:[2,5);J2:[3,5);J3:[3,6)","J0","1","J0","1","J0","1","J0","1","J3","1"
"7433","J0:[2,4);J1:[2,5);J2:[3,5);J3:[4,5)","J0;J3","2","J0;J3","2","J0;J3","2","J3;J0","2","J0;J3","2"
"7434","J0:[2,4);J1:[2,5);J2:[3,5);J3:[4,6)","J0;J3","2","J0;J3","2","J0;J3","2","J0;J3","2","J0;J3","2"
"7435","J0:[2,4);J1:[2,5);J2:[3,5);J3:[5,6)","J0;J3","2","J0;J3","2","J0;J3","2","J3;J0","2","J2;J3","2"
"7436","J0:[2,4);J1:[2,5);J2:[3,6);J3:[4,5)","J0;J3","2","J0;J3","2","J0;J3","2","J3;J0","2","J0;J3","2"
"7437","J0:[2,4);J1:[2,5);J2:[3,6);J3:[4,6)","J0;J3","2","J0;J3","2","J0;J3","2","J0;J3","2","J0;J3","2"
"7438","J0:[2,4);J1:[2,5);J2:[3,6);J3:[5,6)","J0;J3","2","J0;J3","2","J0;J3","2","J3;J0","2","J1;J3","2"
"7439","J0:[2,4);J1:[2,5);J2:[4,5);J3:[4,6)","J0;J2","2","J0;J2","2","J0;J2","2","J2;J0","2","J0;J3","2"
"7440","J0:[2,4);J1:[2,5);J2:[4,5);J3:[5,6)","J0;J2;J3","3","J0;J2;J3","3","J0;J2;J3","3","J2;J3;J0","3","J0;J2;J3","3"
"7441","J0:[2,4);J1:[2,5);J2:[4,6);J3:[5,6)","J0;J2","2","J0;J2","2","J0;J2","2","J3;J0","2","J1;J3","2"
"7442","J0:[2,4);J1:[2,6);J2:[3,4);J3:[3,5)","J0","1","J0","1","J0","1","J2","1","J3","1"
"7443","J0:[2,4);J1:[2,6);J2:[3,4);J3:[3,6)","J0","1","J0","1","J0","1","J2","1","J3","1"
"7444","J0:[2,4);J1:[2,6);J2:[3,4);J3:[4,5)","J0;J3","2","J0;J3","2","J0;J3","2","J2;J3","2","J2;J3","2"
"7445","J0:[2,4);J1:[2,6);J2:[3,4);J3:[4,6)","J0;J3","2","J0;J3","2","J0;J3","2","J2;J3","2","J2;J3","2"
"7446","J0:[2,4);J1:[2,6);J2:[3,4);J3:[5,6)","J0;J3","2","J0;J3","2","J0;J3","2","J2;J3","2","J2;J3","2"
"7447","J0:[2,4);J1:[2,6);J2:[3,5);J3:[3,6)","J0","1","J0","1","J0","1","J0","1","J3","1"
"7448","J0:[2,4);J1:[2,6);J2:[3,5);J3:[4,5)","J0;J3","2","J0;J3","2","J0;J3","2","J3;J0","2","J0;J3","2"
"7449","J0:[2,4);J1:[2,6);J2:[3,5);J3:[4,6)","J0;J3","2","J0;J3","2","J0;J3","2","J0;J3","2","J0;J3","2"
"7450","J0:[2,4);J1:[2,6);J2:[3,5);J3:[5,6)","J0;J3","2","J0;J3","2","J0;J3","2","J3;J0","2","J2;J3","2"
"7451","J0:[2,4);J1:[2,6);J2:[3,6);J3:[4,5)","J0;J3","2","J0;J3","2","J0;J3","2","J3;J0","2","J0;J3","2"
"7452","J0:[2,4);J1:[2,6);J2:[3,6);J3:[4,6)","J0;J3","2","J0;J3","2","J0;J3","2","J0;J3","2","J0;J3","2"
"7453","J0:[2,4);J1:[2,6);J2:[3,6);J3:[5,6)","J0;J3","2","J0;J3","2","J0;J3","2","J3;J0","2","J0;J3","2"
"7454","J0:[2,4);J1:[2,6);J2:[4,5);J3:[4,6)","J0;J2","2","J0;J2","2","J0;J2","2","J2;J0","2","J0;J3","2"
"7455","J0:[2,4);J1:[2,6);J2:[4,5);J3:[5,6)","J0;J2;J3","3","J0;J2;J3","3","J0;J2;J3","3","J2;J3;J0","3","J0;J2;J3","3"
"7456","J0:[2,4);J1:[2,6);J2:[4,6);J3:[5,6)","J0;J2","2","J0;J2","2","J0;J2","2","J3;J0","2","J0;J3","2"
"7457","J0:[2,4);J1:[3,4);J2:[3,5);J3:[3,6)","J0","1","J0","1","J0","1","J1","1","J3","1"
"7458","J0:[2,4);J1:[3,4);J2:[3,5);J3:[4,5)","J0;J3","2","J0;J3","2","J0;J3","2","J1;J3","2","J1;J3","2"
"7459","J0:[2,4);J1:[3,4);J2:[3,5);J3:[4,6)","J0;J3","2","J0;J3","2","J0;J3","2","J1;J3","2","J1;J3","2"
"7460","J0:[2,4);J1:[3,4);J2:[3,5);J3:[5,6)","J0;J3","2","J0;J3","2","J0;J3","2","J1;J3","2","J2;J3","2"
"7461","J0:[2,4);J1:[3,4);J2:[3,6);J3:[4,5)","J0;J3","2","J0;J3","2","J0;J3","2","J1;J3","2","J1;J3","2"
"7462","J0:[2,4);J1:[3,4);J2:[3,6);J3:[4,6)","J0;J3","2","J0;J3","2","J0;J3","2","J1;J3","2","J1;J3","2"
"7463","J0:[2,4);J1:[3,4);J2:[3,6);J3:[5,6)","J0;J3","2","J0;J3","2","J0;J3","2","J1;J3","2","J1;J3","2"
"7464","J0:[2,4);J1:[3,4);J2:[4,5);J3:[4,6)","J0;J2","2","J0;J2","2","J0;J2","2","J1;J2","2","J1;J3","2"
"7465","J0:[2,4);J1:[3,4);J2:[4,5);J3:[5,6)","J0;J2;J3","3","J0;J2;J3","3","J0;J2;J3","3","J1;J2;J3","3","J1;J2;J3","3"
"7466","J0:[2,4);J1:[3,4);J2:[4,6);J3:[5,6)","J0;J2","2","J0;J2","2","J0;J2","2","J1;J3","2","J1;J3","2"
"7467","J0:[2,4);J1:[3,5);J2:[3,6);J3:[4,5)","J0;J3","2","J0;J3","2","J0;J3","2","J3;J0","2","J0;J3","2"
"7468","J0:[2,4);J1:[3,5);J2:[3,6);J3:[4,6)","J0;J3","2","J0;J3","2","J0;J3","2","J0;J3","2","J0;J3","2"
"7469","J0:[2,4);J1:[3,5);J2:[3,6);J3:[5,6)","J0;J3","2","J0;J3","2","J0;J3","2","J3;J0","2","J1;J3","2"
"7470","J0:[2,4);J1:[3,5);J2:[4,5);J3:[4,6)","J0;J2","2","J0;J2","2","J0;J2","2","J2;J0","2","J0;J3","2"
"7471","J0:[2,4);J1:[3,5);J2:[4,5);J3:[5,6)","J0;J2;J3","3","J0;J2;J3","3","J0;J2;J3","3","J2;J3;J0","3","J0;J2;J3","3"
"7472","J0:[2,4);J1:[3,5);J2:[4,6);J3:[5,6)","J0;J2","2","J0;J2","2","J0;J2","2","J3;J0","2","J1;J3","2"
"7473","J0:[2,4);J1:[3,6);J2:[4,5);J3:[4,6)","J0;J2","2","J0;J2","2","J0;J2","2","J2;J0","2","J0;J3","2"
"7474","J0:[2,4);J1:[3,6);J2:[4,5);J3:[5,6)","J0;J2;J3","3","J0;J2;J3","3","J0;J2;J3","3","J2;J3;J0","3","J0;J2;J3","3"
"7475","J0:[2,4);J1:[3,6);J2:[4,6);J3:[5,6)","J0;J2","2","J0;J2","2","J0;J2","2","J3;J0","2","J0;J3","2"
"7476","J0:[2,4);J1:[4,5);J2:[4,6);J3:[5,6)","J0;J1;J3","3","J0;J1;J3","3","J0;J1;J3","3","J1;J3;J0","3","J0;J1;J3","3"
"7477","J0:[2,5);J1:[2,6);J2:[3,4);J3:[3,5)","J0","1","J2","1","J0","1","J2","1","J3","1"
"7478","J0:[2,5);J1:[2,6);J2:[3,4);J3:[3,6)","J0","1","J2","1","J0","1","J2","1","J3","1"
"7479","J0:[2,5);J1:[2,6);J2:[3,4);J3:[4,5)","J2;J3","2","J2;J3","2","J0","1","J2;J3","2","J2;J3","2"
"7480","J0:[2,5);J1:[2,6);J2:[3,4);J3:[4,6)","J2;J3","2","J2;J3","2","J0","1","J2;J3","2","J2;J3","2"
"7481","J0:[2,5);J1:[2,6);J2:[3,4);J3:[5,6)","J0;J3","2","J2;J3","2","J0;J3","2","J2;J3","2","J2;J3","2"
"7482","J0:[2,5);J1:[2,6);J2:[3,5);J3:[3,6)","J0","1","J0","1","J0","1","J2","1","J3","1"
"7483","J0:[2,5);J1:[2,6);J2:[3,5);J3:[4,5)","J0","1","J0","1","J0","1","J3","1","J3","1"
"7484","J0:[2,5);J1:[2,6);J2:[3,5);J3:[4,6)","J0","1","J0","1","J0","1","J2","1","J3","1"
"7485","J0:[2,5);J1:[2,6);J2:[3,5);J3:[5,6)","J0;J3","2","J0;J3","2","J0;J3","2","J3;J2","2","J2;J3","2"
"7486","J0:[2,5);J1:[2,6);J2:[3,6);J3:[4,5)","J0","1","J0","1","J0","1","J3","1","J3","1"
"7487","J0:[2,5);J1:[2,6);J2:[3,6);J3:[4,6)","J0","1","J0","1","J0","1","J3","1","J3","1"
"7488","J0:[2,5);J1:[2,6);J2:[3,6);J3:[5,6)","J0;J3","2","J0;J3","2","J0;J3","2","J3;J0","2","J0;J3","2"
"7489","J0:[2,5);J1:[2,6);J2:[4,5);J3:[4,6)","J0","1","J0","1","J0","1","J2","1","J3","1"
"7490","J0:[2,5);J1:[2,6);J2:[4,5);J3:[5,6)","J0;J3","2","J0;J3","2","J0;J3","2","J2;J3","2","J2;J3","2"
"7491","J0:[2,5);J1:[2,6);J2:[4,6);J3:[5,6)","J0;J3","2","J0;J3","2","J0;J3","2","J3;J0","2","J0;J3","2"
"7492","J0:[2,5);J1:[3,4);J2:[3,5);J3:[3,6)","J0","1","J1","1","J0","1","J1","1","J3","1"
"7493","J0:[2,5);J1:[3,4);J2:[3,5);J3:[4,5)","J1;J3","2","J1;J3","2","J0","1","J1;J3","2","J1;J3","2"
"7494","J0:[2,5);J1:[3,4);J2:[3,5);J3:[4,6)","J1;J3","2","J1;J3","2","J0","1","J1;J3","2","J1;J3","2"
"7495","J0:[2,5);J1:[3,4);J2:[3,5);J3:[5,6)","J0;J3","2","J1;J3","2","J0;J3","2","J1;J3","2","J2;J3","2"
"7496","J0:[2,5);J1:[3,4);J2:[3,6);J3:[4,5)","J1;J3","2","J1;J3","2","J0","1","J1;J3","2","J1;J3","2"
"7497","J0:[2,5);J1:[3,4);J2:[3,6);J3:[4,6)","J1;J3","2","J1;J3","2","J0","1","J1;J3","2","J1;J3","2"
"7498","J0:[2,5);J1:[3,4);J2:[3,6);J3:[5,6)","J0;J3","2","J1;J3","2","J0;J3","2","J1;J3","2","J1;J3","2"
"7499","J0:[2,5);J1:[3,4);J2:[4,5);J3:[4,6)","J1;J2","2","J1;J2","2","J0","1","J1;J2","2","J1;J3","2"
"7500","J0:[2,5);J1:[3,4);J2:[4,5);J3:[5,6)","J1;J2;J3","3","J1;J2;J3","3","J0;J3","2","J1;J2;J3","3","J1;J2;J3","3"
"7501","J0:[2,5);J1:[3,4);J2:[4,6);J3:[5,6)","J0;J3","2","J1;J2","2","J0;J3","2","J1;J3","2","J1;J3","2"
"7502","J0:[2,5);J1:[3,5);J2:[3,6);J3:[4,5)","J0","1","J0","1","J0","1","J3","1","J3","1"
"7503","J0:[2,5);J1:[3,5);J2:[3,6);J3:[4,6)","J0","1","J0","1","J0","1","J1","1","J3","1"
"7504","J0:[2,5);J1:[3,5);J2:[3,6);J3:[5,6)","J0;J3","2","J0;J3","2","J0;J3","2","J3;J1","2","J1;J3","2"
"7505","J0:[2,5);J1:[3,5);J2:[4,5);J3:[4,6)","J0","1","J0","1","J0","1","J2","1","J3","1"
"7506","J0:[2,5);J1:[3,5);J2:[4,5);J3:[5,6)","J0;J3","2","J0;J3","2","J0;J3","2","J2;J3","2","J2;J3","2"
"7507","J0:[2,5);J1:[3,5);J2:[4,6);J3:[5,6)","J0;J3","2","J0;J3","2","J0;J3","2","J3;J1","2","J1;J3","2"
"7508","J0:[2,5);J1:[3,6);J2:[4,5);J3:[4,6)","J0","1","J0","1","J0","1","J2","1","J3","1"
"7509","J0:[2,5);J1:[3,6);J2:[4,5);J3:[5,6)","J0;J3","2","J0;J3","2","J0;J3","2","J2;J3","2","J2;J3","2"
"7510","J0:[2,5);J1:[3,6);J2:[4,6);J3:[5,6)","J0;J3","2","J0;J3","2","J0;J3","2","J3;J0","2","J0;J3","2"
"7511","J0:[2,5);J1:[4,5);J2:[4,6);J3:[5,6)","J0;J3","2","J0;J3","2","J0;J3","2","J1;J3","2","J1;J3","2"
"7512","J0:[2,6);J1:[3,4);J2:[3,5);J3:[3,6)","J0","1","J1","1","J0","1","J1","1","J3","1"
"7513","J0:[2,6);J1:[3,4);J2:[3,5);J3:[4,5)","J1;J3","2","J1;J3","2","J0","1","J1;J3","2","J1;J3","2"
"7514","J0:[2,6);J1:[3,4);J2:[3,5);J3:[4,6)","J1;J3","2","J1;J3","2","J0","1","J1;J3","2","J1;J3","2"
"7515","J0:[2,6);J1:[3,4);J2:[3,5);J3:[5,6)","J1;J3","2","J1;J3","2","J0","1","J1;J3","2","J2;J3","2"
"7516","J0:[2,6);J1:[3,4);J2:[3,6);J3:[4,5)","J1;J3","2","J1;J3","2","J0","1","J1;J3","2","J1;J3","2"
"7517","J0:[2,6);J1:[3,4);J2:[3,6);J3:[4,6)","J1;J3","2","J1;J3","2","J0","1","J1;J3","2","J1;J3","2"
"7518","J0:[2,6);J1:[3,4);J2:[3,6);J3:[5,6)","J1;J3","2","J1;J3","2","J0","1","J1;J3","2","J1;J3","2"
"7519","J0:[2,6);J1:[3,4);J2:[4,5);J3:[4,6)","J1;J2","2","J1;J2","2","J0","1","J1;J2","2","J1;J3","2"
"7520","J0:[2,6);J1:[3,4);J2:[4,5);J3:[5,6)","J1;J2;J3","3","J1;J2;J3","3","J0","1","J1;J2;J3","3","J1;J2;J3","3"
"7521","J0:[2,6);J1:[3,4);J2:[4,6);J3:[5,6)","J1;J2","2","J1;J2","2","J0","1","J1;J3","2","J1;J3","2"
"7522","J0:[2,6);J1:[3,5);J2:[3,6);J3:[4,5)","J0","1","J1","1","J0","1","J3","1","J3","1"
"7523","J0:[2,6);J1:[3,5);J2:[3,6);J3:[4,6)","J0","1","J1","1","J0","1","J1","1","J3","1"
"7524","J0:[2,6);J1:[3,5);J2:[3,6);J3:[5,6)","J1;J3","2","J1;J3","2","J0","1","J3;J1","2","J1;J3","2"
"7525","J0:[2,6);J1:[3,5);J2:[4,5);J3:[4,6)","J0","1","J1","1","J0","1","J2","1","J3","1"
"7526","J0:[2,6);J1:[3,5);J2:[4,5);J3:[5,6)","J1;J3","2","J1;J3","2","J0","1","J2;J3","2","J2;J3","2"
"7527","J0:[2,6);J1:[3,5);J2:[4,6);J3:[5,6)","J1;J3","2","J1;J3","2","J0","1","J3;J1","2","J1;J3","2"
"7528","J0:[2,6);J1:[3,6);J2:[4,5);J3:[4,6)","J0","1","J2","1","J0","1","J2","1","J3","1"
"7529","J0:[2,6);J1:[3,6);J2:[4,5);J3:[5,6)","J2;J3","2","J2;J3","2","J0","1","J2;J3","2","J2;J3","2"
"7530","J0:[2,6);J1:[3,6);J2:[4,6);J3:[5,6)","J0","1","J0","1","J0","1","J3","1","J3","1"
"7531","J0:[2,6);J1:[4,5);J2:[4,6);J3:[5,6)","J1;J3","2","J1;J3","2","J0","1","J1;J3","2","J1;J3","2"
"7532","J0:[3,4);J1:[3,5);J2:[3,6);J3:[4,5)","J0;J3","2","J0;J3","2","J0;J3","2","J0;J3","2","J0;J3","2"
"7533","J0:[3,4);J1:[3,5);J2:[3,6);J3:[4,6)","J0;J3","2","J0;J3","2","J0;J3","2","J0;J3","2","J0;J3","2"
"7534","J0:[3,4);J1:[3,5);J2:[3,6);J3:[5,6)","J0;J3","2","J0;J3","2","J0;J3","2","J0;J3","2","J1;J3","2"
"7535","J0:[3,4);J1:[3,5);J2:[4,5);J3:[4,6)","J0;J2","2","J0;J2","2","J0;J2","2","J0;J2","2","J0;J3","2"
"7536","J0:[3,4);J1:[3,5);J2:[4,5);J3:[5,6)","J0;J2;J3","3","J0;J2;J3","3","J0;J2;J3","3","J0;J2;J3","3","J0;J2;J3","3"
"7537","J0:[3,4);J1:[3,5);J2:[4,6);J3:[5,6)","J0;J2","2","J0;J2","2","J0;J2","2","J0;J3","2","J1;J3","2"
"7538","J0:[3,4);J1:[3,6);J2:[4,5);J3:[4,6)","J0;J2","2","J0;J2","2","J0;J2","2","J0;J2","2","J0;J3","2"
"7539","J0:[3,4);J1:[3,6);J2:[4,5);J3:[5,6)","J0;J2;J3","3","J0;J2;J3","3","J0;J2;J3","3","J0;J2;J3","3","J0;J2;J3","3"
"7540","J0:[3,4);J1:[3,6);J2:[4,6);J3:[5,6)","J0;J2","2","J0;J2","2","J0;J2","2","J0;J3","2","J0;J3","2"
"7541","J0:[3,4);J1:[4,5);J2:[4,6);J3:[5,6)","J0;J1;J3","3","J0;J1;J3","3","J0;J1;J3","3","J0;J1;J3","3","J0;J1;J3","3"
"7542","J0:[3,5);J1:[3,6);J2:[4,5);J3:[4,6)","J0","1","J0","1","J0","1","J2","1","J3","1"
"7543","J0:[3,5);J1:[3,6);J2:[4,5);J3:[5,6)","J0;J3","2","J0;J3","2","J0;J3","2","J2;J3","2","J2;J3","2"
"7544","J0:[3,5);J1:[3,6);J2:[4,6);J3:[5,6)","J0;J3","2","J0;J3","2","J0;J3","2","J3;J0","2","J0;J3","2"
"7545","J0:[3,5);J1:[4,5);J2:[4,6);J3:[5,6)","J0;J3","2","J0;J3","2","J0;J3","2","J1;J3","2","J1;J3","2"
"7546","J0:[3,6);J1:[4,5);J2:[4,6);J3:[5,6)","J1;J3","2","J1;J3","2","J0","1","J1;J3","2","J1;J3","2"
